prediction_id,generated_utc,match_id,competition,home_team,away_team,kickoff_utc,market,model_probability,market_odds,market_implied_probability,estimated_edge,home_xg,away_xg,expected_corners,expected_cards,model_version
f563bdf2,2026-09-02T13:53:38.820241,559696,Ligue 1,Toulouse FC,Lille OSC,2026-09-03T18:45:00Z,1X2 - Home,0.0746,,,,0.48,2.05,8.8,5.2,poisson_baseline_v0
d4c4bf52,2026-09-02T13:53:38.820241,559696,Ligue 1,Toulouse FC,Lille OSC,2026-09-03T18:45:00Z,1X2 - Draw,0.1793,,,,0.48,2.05,8.8,5.2,poisson_baseline_v0
8def43d0,2026-09-02T13:53:38.820241,559696,Ligue 1,Toulouse FC,Lille OSC,2026-09-03T18:45:00Z,1X2 - Away,0.7459,,,,0.48,2.05,8.8,5.2,poisson_baseline_v0
f9b1dd0f,2026-09-02T13:53:38.820241,559696,Ligue 1,Toulouse FC,Lille OSC,2026-09-03T18:45:00Z,Over 2.5 goals,0.4632,,,,0.48,2.05,8.8,5.2,poisson_baseline_v0
f93fa519,2026-09-02T13:53:38.820241,559696,Ligue 1,Toulouse FC,Lille OSC,2026-09-03T18:45:00Z,Under 2.5 goals,0.5368,,,,0.48,2.05,8.8,5.2,poisson_baseline_v0
7f4a446b,2026-09-02T13:53:38.820241,564682,Primera Division,Real Sociedad de Fútbol,RC Celta de Vigo,2026-09-03T19:00:00Z,1X2 - Home,0.3309,,,,1.76,2.08,8.27,4.93,poisson_baseline_v0
cdd49438,2026-09-02T13:53:38.820241,564682,Primera Division,Real Sociedad de Fútbol,RC Celta de Vigo,2026-09-03T19:00:00Z,1X2 - Draw,0.2092,,,,1.76,2.08,8.27,4.93,poisson_baseline_v0
4fe3c21e,2026-09-02T13:53:38.820241,564682,Primera Division,Real Sociedad de Fútbol,RC Celta de Vigo,2026-09-03T19:00:00Z,1X2 - Away,0.4595,,,,1.76,2.08,8.27,4.93,poisson_baseline_v0
a46362cd,2026-09-02T13:53:38.820241,564682,Primera Division,Real Sociedad de Fútbol,RC Celta de Vigo,2026-09-03T19:00:00Z,Over 2.5 goals,0.7369,,,,1.76,2.08,8.27,4.93,poisson_baseline_v0
18722c91,2026-09-02T13:53:38.820241,564682,Primera Division,Real Sociedad de Fútbol,RC Celta de Vigo,2026-09-03T19:00:00Z,Under 2.5 goals,0.2631,,,,1.76,2.08,8.27,4.93,poisson_baseline_v0
11173258,2026-09-02T21:25:49.774139,559696,Ligue 1,Toulouse FC,Lille OSC,2026-09-03T18:45:00Z,1X2 - Home,0.0746,,,,0.48,2.05,8.8,5.2,poisson_baseline_v0
0d127fc9,2026-09-02T21:25:49.774139,559696,Ligue 1,Toulouse FC,Lille OSC,2026-09-03T18:45:00Z,1X2 - Draw,0.1793,,,,0.48,2.05,8.8,5.2,poisson_baseline_v0
7eb07122,2026-09-02T21:25:49.774139,559696,Ligue 1,Toulouse FC,Lille OSC,2026-09-03T18:45:00Z,1X2 - Away,0.7459,,,,0.48,2.05,8.8,5.2,poisson_baseline_v0
a3567536,2026-09-02T21:25:49.774139,559696,Ligue 1,Toulouse FC,Lille OSC,2026-09-03T18:45:00Z,Over 2.5 goals,0.4632,,,,0.48,2.05,8.8,5.2,poisson_baseline_v0
d2282111,2026-09-02T21:25:49.774139,559696,Ligue 1,Toulouse FC,Lille OSC,2026-09-03T18:45:00Z,Under 2.5 goals,0.5368,,,,0.48,2.05,8.8,5.2,poisson_baseline_v0
76343401,2026-09-02T21:25:49.774139,564682,Primera Division,Real Sociedad de Fútbol,RC Celta de Vigo,2026-09-03T19:00:00Z,1X2 - Home,0.3309,,,,1.76,2.08,8.27,4.93,poisson_baseline_v0
bf01a97d,2026-09-02T21:25:49.774139,564682,Primera Division,Real Sociedad de Fútbol,RC Celta de Vigo,2026-09-03T19:00:00Z,1X2 - Draw,0.2092,,,,1.76,2.08,8.27,4.93,poisson_baseline_v0
743f5449,2026-09-02T21:25:49.774139,564682,Primera Division,Real Sociedad de Fútbol,RC Celta de Vigo,2026-09-03T19:00:00Z,1X2 - Away,0.4595,,,,1.76,2.08,8.27,4.93,poisson_baseline_v0
6fa5d62d,2026-09-02T21:25:49.774139,564682,Primera Division,Real Sociedad de Fútbol,RC Celta de Vigo,2026-09-03T19:00:00Z,Over 2.5 goals,0.7369,,,,1.76,2.08,8.27,4.93,poisson_baseline_v0
f260c702,2026-09-02T21:25:49.774139,564682,Primera Division,Real Sociedad de Fútbol,RC Celta de Vigo,2026-09-03T19:00:00Z,Under 2.5 goals,0.2631,,,,1.76,2.08,8.27,4.93,poisson_baseline_v0
fb5fd466,2026-09-02T21:35:08.660652,559696,Ligue 1,Toulouse FC,Lille OSC,2026-09-03T18:45:00Z,1X2 - Home,0.0746,,,,0.48,2.05,8.8,5.2,poisson_baseline_v0
da2926af,2026-09-02T21:35:08.660652,559696,Ligue 1,Toulouse FC,Lille OSC,2026-09-03T18:45:00Z,1X2 - Draw,0.1793,,,,0.48,2.05,8.8,5.2,poisson_baseline_v0
5a9464de,2026-09-02T21:35:08.660652,559696,Ligue 1,Toulouse FC,Lille OSC,2026-09-03T18:45:00Z,1X2 - Away,0.7459,,,,0.48,2.05,8.8,5.2,poisson_baseline_v0
00fe5d16,2026-09-02T21:35:08.660652,559696,Ligue 1,Toulouse FC,Lille OSC,2026-09-03T18:45:00Z,Over 2.5 goals,0.4632,,,,0.48,2.05,8.8,5.2,poisson_baseline_v0
8bd0cd34,2026-09-02T21:35:08.660652,559696,Ligue 1,Toulouse FC,Lille OSC,2026-09-03T18:45:00Z,Under 2.5 goals,0.5368,,,,0.48,2.05,8.8,5.2,poisson_baseline_v0
9df8794c,2026-09-02T21:35:08.660652,564682,Primera Division,Real Sociedad de Fútbol,RC Celta de Vigo,2026-09-03T19:00:00Z,1X2 - Home,0.3309,,,,1.76,2.08,8.27,4.93,poisson_baseline_v0
c0487bc7,2026-09-02T21:35:08.660652,564682,Primera Division,Real Sociedad de Fútbol,RC Celta de Vigo,2026-09-03T19:00:00Z,1X2 - Draw,0.2092,,,,1.76,2.08,8.27,4.93,poisson_baseline_v0
a0548949,2026-09-02T21:35:08.660652,564682,Primera Division,Real Sociedad de Fútbol,RC Celta de Vigo,2026-09-03T19:00:00Z,1X2 - Away,0.4595,,,,1.76,2.08,8.27,4.93,poisson_baseline_v0
064b83ac,2026-09-02T21:35:08.660652,564682,Primera Division,Real Sociedad de Fútbol,RC Celta de Vigo,2026-09-03T19:00:00Z,Over 2.5 goals,0.7369,,,,1.76,2.08,8.27,4.93,poisson_baseline_v0
182c0462,2026-09-02T21:35:08.660652,564682,Primera Division,Real Sociedad de Fútbol,RC Celta de Vigo,2026-09-03T19:00:00Z,Under 2.5 goals,0.2631,,,,1.76,2.08,8.27,4.93,poisson_baseline_v0
7c57589a,2026-09-02T21:45:23.118431,559696,Ligue 1,Toulouse FC,Lille OSC,2026-09-03T18:45:00Z,1X2 - Home,0.0746,,,,0.48,2.05,8.8,5.2,poisson_baseline_v0
6203afc4,2026-09-02T21:45:23.118431,559696,Ligue 1,Toulouse FC,Lille OSC,2026-09-03T18:45:00Z,1X2 - Draw,0.1793,,,,0.48,2.05,8.8,5.2,poisson_baseline_v0
2cb681e8,2026-09-02T21:45:23.118431,559696,Ligue 1,Toulouse FC,Lille OSC,2026-09-03T18:45:00Z,1X2 - Away,0.7459,,,,0.48,2.05,8.8,5.2,poisson_baseline_v0
3d3f13dc,2026-09-02T21:45:23.118431,559696,Ligue 1,Toulouse FC,Lille OSC,2026-09-03T18:45:00Z,Over 2.5 goals,0.4632,,,,0.48,2.05,8.8,5.2,poisson_baseline_v0
be17c6f3,2026-09-02T21:45:23.118431,559696,Ligue 1,Toulouse FC,Lille OSC,2026-09-03T18:45:00Z,Under 2.5 goals,0.5368,,,,0.48,2.05,8.8,5.2,poisson_baseline_v0
ff539607,2026-09-02T21:45:23.118431,564682,Primera Division,Real Sociedad de Fútbol,RC Celta de Vigo,2026-09-03T19:00:00Z,1X2 - Home,0.3309,,,,1.76,2.08,8.27,4.93,poisson_baseline_v0
85548ad6,2026-09-02T21:45:23.118431,564682,Primera Division,Real Sociedad de Fútbol,RC Celta de Vigo,2026-09-03T19:00:00Z,1X2 - Draw,0.2092,,,,1.76,2.08,8.27,4.93,poisson_baseline_v0
1ce03993,2026-09-02T21:45:23.118431,564682,Primera Division,Real Sociedad de Fútbol,RC Celta de Vigo,2026-09-03T19:00:00Z,1X2 - Away,0.4595,,,,1.76,2.08,8.27,4.93,poisson_baseline_v0
e5cdf84b,2026-09-02T21:45:23.118431,564682,Primera Division,Real Sociedad de Fútbol,RC Celta de Vigo,2026-09-03T19:00:00Z,Over 2.5 goals,0.7369,,,,1.76,2.08,8.27,4.93,poisson_baseline_v0
01c88352,2026-09-02T21:45:23.118431,564682,Primera Division,Real Sociedad de Fútbol,RC Celta de Vigo,2026-09-03T19:00:00Z,Under 2.5 goals,0.2631,,,,1.76,2.08,8.27,4.93,poisson_baseline_v0
28583b4e,2026-09-03T09:05:13.222552,559696,Ligue 1,Toulouse FC,Lille OSC,2026-09-03T18:45:00Z,1X2 - Home,0.0746,,,,0.48,2.05,8.8,5.2,poisson_baseline_v0
0addaf2f,2026-09-03T09:05:13.222552,559696,Ligue 1,Toulouse FC,Lille OSC,2026-09-03T18:45:00Z,1X2 - Draw,0.1793,,,,0.48,2.05,8.8,5.2,poisson_baseline_v0
f93ab362,2026-09-03T09:05:13.222552,559696,Ligue 1,Toulouse FC,Lille OSC,2026-09-03T18:45:00Z,1X2 - Away,0.7459,,,,0.48,2.05,8.8,5.2,poisson_baseline_v0
22b569ea,2026-09-03T09:05:13.222552,559696,Ligue 1,Toulouse FC,Lille OSC,2026-09-03T18:45:00Z,Over 2.5 goals,0.4632,,,,0.48,2.05,8.8,5.2,poisson_baseline_v0
fd14a689,2026-09-03T09:05:13.222552,559696,Ligue 1,Toulouse FC,Lille OSC,2026-09-03T18:45:00Z,Under 2.5 goals,0.5368,,,,0.48,2.05,8.8,5.2,poisson_baseline_v0
81edb174,2026-09-03T09:05:13.222552,564682,Primera Division,Real Sociedad de Fútbol,RC Celta de Vigo,2026-09-03T19:00:00Z,1X2 - Home,0.3309,,,,1.76,2.08,8.27,4.93,poisson_baseline_v0
cc36b694,2026-09-03T09:05:13.222552,564682,Primera Division,Real Sociedad de Fútbol,RC Celta de Vigo,2026-09-03T19:00:00Z,1X2 - Draw,0.2092,,,,1.76,2.08,8.27,4.93,poisson_baseline_v0
9f276062,2026-09-03T09:05:13.222552,564682,Primera Division,Real Sociedad de Fútbol,RC Celta de Vigo,2026-09-03T19:00:00Z,1X2 - Away,0.4595,,,,1.76,2.08,8.27,4.93,poisson_baseline_v0
2430a6f8,2026-09-03T09:05:13.222552,564682,Primera Division,Real Sociedad de Fútbol,RC Celta de Vigo,2026-09-03T19:00:00Z,Over 2.5 goals,0.7369,,,,1.76,2.08,8.27,4.93,poisson_baseline_v0
127dccdc,2026-09-03T09:05:13.222552,564682,Primera Division,Real Sociedad de Fútbol,RC Celta de Vigo,2026-09-03T19:00:00Z,Under 2.5 goals,0.2631,,,,1.76,2.08,8.27,4.93,poisson_baseline_v0
303ef1c2,2026-09-03T09:05:13.222552,565791,Bundesliga,VfB Stuttgart,1. FC Köln,2026-09-04T18:30:00Z,1X2 - Home,0.567,1.59,0.6289,-0.0619,2.93,2.02,10.3,4.27,poisson_baseline_v0
02a02a11,2026-09-03T09:05:13.222552,565791,Bundesliga,VfB Stuttgart,1. FC Köln,2026-09-04T18:30:00Z,1X2 - Draw,0.171,5.1,0.1961,-0.0251,2.93,2.02,10.3,4.27,poisson_baseline_v0
78d6a529,2026-09-03T09:05:13.222552,565791,Bundesliga,VfB Stuttgart,1. FC Köln,2026-09-04T18:30:00Z,1X2 - Away,0.2585,6.0,0.1667,0.0918,2.93,2.02,10.3,4.27,poisson_baseline_v0
0c077151,2026-09-03T09:05:13.222552,565791,Bundesliga,VfB Stuttgart,1. FC Köln,2026-09-04T18:30:00Z,Over 2.5 goals,0.868,2.02,0.495,0.373,2.93,2.02,10.3,4.27,poisson_baseline_v0
aad6398d,2026-09-03T09:05:13.222552,565791,Bundesliga,VfB Stuttgart,1. FC Köln,2026-09-04T18:30:00Z,Under 2.5 goals,0.132,3.1,0.3226,-0.1906,2.93,2.02,10.3,4.27,poisson_baseline_v0
d51c6c5b,2026-09-03T09:05:13.222552,558609,Serie A,Genoa CFC,Como 1907,2026-09-04T18:45:00Z,1X2 - Home,0.0875,,,,0.44,1.74,8.13,2.6,poisson_baseline_v0
155d6432,2026-09-03T09:05:13.222552,558609,Serie A,Genoa CFC,Como 1907,2026-09-04T18:45:00Z,1X2 - Draw,0.2182,,,,0.44,1.74,8.13,2.6,poisson_baseline_v0
e3c665a2,2026-09-03T09:05:13.222552,558609,Serie A,Genoa CFC,Como 1907,2026-09-04T18:45:00Z,1X2 - Away,0.6942,,,,0.44,1.74,8.13,2.6,poisson_baseline_v0
c2892840,2026-09-03T09:05:13.222552,558609,Serie A,Genoa CFC,Como 1907,2026-09-04T18:45:00Z,Over 2.5 goals,0.3701,,,,0.44,1.74,8.13,2.6,poisson_baseline_v0
35068373,2026-09-03T09:05:13.222552,558609,Serie A,Genoa CFC,Como 1907,2026-09-04T18:45:00Z,Under 2.5 goals,0.6299,,,,0.44,1.74,8.13,2.6,poisson_baseline_v0
70bb0889,2026-09-03T09:05:13.222552,564667,Primera Division,Real Betis Balompié,Real Madrid CF,2026-09-04T19:00:00Z,1X2 - Home,0.104,,,,0.96,2.77,9.6,3.67,poisson_baseline_v0
35183477,2026-09-03T09:05:13.222552,564667,Primera Division,Real Betis Balompié,Real Madrid CF,2026-09-04T19:00:00Z,1X2 - Draw,0.1453,,,,0.96,2.77,9.6,3.67,poisson_baseline_v0
2573bf25,2026-09-03T09:05:13.222552,564667,Primera Division,Real Betis Balompié,Real Madrid CF,2026-09-04T19:00:00Z,1X2 - Away,0.7484,,,,0.96,2.77,9.6,3.67,poisson_baseline_v0
81f410ef,2026-09-03T09:05:13.222552,564667,Primera Division,Real Betis Balompié,Real Madrid CF,2026-09-04T19:00:00Z,Over 2.5 goals,0.7167,,,,0.96,2.77,9.6,3.67,poisson_baseline_v0
d13af1c8,2026-09-03T09:05:13.222552,564667,Primera Division,Real Betis Balompié,Real Madrid CF,2026-09-04T19:00:00Z,Under 2.5 goals,0.2833,,,,0.96,2.77,9.6,3.67,poisson_baseline_v0
99a24b10,2026-09-03T09:05:13.222552,560566,Premier League,Ipswich Town FC,Liverpool FC,2026-09-04T19:00:00Z,1X2 - Home,0.0742,,,,1.07,3.49,10.37,3.67,poisson_baseline_v0
b3865cd2,2026-09-03T09:05:13.222552,560566,Premier League,Ipswich Town FC,Liverpool FC,2026-09-04T19:00:00Z,1X2 - Draw,0.105,,,,1.07,3.49,10.37,3.67,poisson_baseline_v0
19b97a40,2026-09-03T09:05:13.222552,560566,Premier League,Ipswich Town FC,Liverpool FC,2026-09-04T19:00:00Z,1X2 - Away,0.811,,,,1.07,3.49,10.37,3.67,poisson_baseline_v0
4d21dc85,2026-09-03T09:05:13.222552,560566,Premier League,Ipswich Town FC,Liverpool FC,2026-09-04T19:00:00Z,Over 2.5 goals,0.8235,,,,1.07,3.49,10.37,3.67,poisson_baseline_v0
d4018625,2026-09-03T09:05:13.222552,560566,Premier League,Ipswich Town FC,Liverpool FC,2026-09-04T19:00:00Z,Under 2.5 goals,0.1765,,,,1.07,3.49,10.37,3.67,poisson_baseline_v0
ad556a1d,2026-09-03T09:05:13.222552,559697,Ligue 1,Paris Saint-Germain FC,AS Monaco FC,2026-09-04T19:05:00Z,1X2 - Home,0.3862,,,,1.86,1.89,9.93,3.47,poisson_baseline_v0
c326493b,2026-09-03T09:05:13.222552,559697,Ligue 1,Paris Saint-Germain FC,AS Monaco FC,2026-09-04T19:05:00Z,1X2 - Draw,0.2145,,,,1.86,1.89,9.93,3.47,poisson_baseline_v0
7f47ecc9,2026-09-03T09:05:13.222552,559697,Ligue 1,Paris Saint-Germain FC,AS Monaco FC,2026-09-04T19:05:00Z,1X2 - Away,0.399,,,,1.86,1.89,9.93,3.47,poisson_baseline_v0
918e496e,2026-09-03T09:05:13.222552,559697,Ligue 1,Paris Saint-Germain FC,AS Monaco FC,2026-09-04T19:05:00Z,Over 2.5 goals,0.7221,,,,1.86,1.89,9.93,3.47,poisson_baseline_v0
ed8b3c6b,2026-09-03T09:05:13.222552,559697,Ligue 1,Paris Saint-Germain FC,AS Monaco FC,2026-09-04T19:05:00Z,Under 2.5 goals,0.2779,,,,1.86,1.89,9.93,3.47,poisson_baseline_v0
bba0ecff,2026-09-03T09:11:27.930143,559696,Ligue 1,Toulouse FC,Lille OSC,2026-09-03T18:45:00Z,1X2 - Home,0.0746,,,,0.48,2.05,8.8,5.2,poisson_baseline_v0
7514caad,2026-09-03T09:11:27.930143,559696,Ligue 1,Toulouse FC,Lille OSC,2026-09-03T18:45:00Z,1X2 - Draw,0.1793,,,,0.48,2.05,8.8,5.2,poisson_baseline_v0
a9e18d93,2026-09-03T09:11:27.930143,559696,Ligue 1,Toulouse FC,Lille OSC,2026-09-03T18:45:00Z,1X2 - Away,0.7459,,,,0.48,2.05,8.8,5.2,poisson_baseline_v0
6c94ac71,2026-09-03T09:11:27.930143,559696,Ligue 1,Toulouse FC,Lille OSC,2026-09-03T18:45:00Z,Over 2.5 goals,0.4632,,,,0.48,2.05,8.8,5.2,poisson_baseline_v0
668acb21,2026-09-03T09:11:27.930143,559696,Ligue 1,Toulouse FC,Lille OSC,2026-09-03T18:45:00Z,Under 2.5 goals,0.5368,,,,0.48,2.05,8.8,5.2,poisson_baseline_v0
69d572c6,2026-09-03T09:11:27.930143,564682,Primera Division,Real Sociedad de Fútbol,RC Celta de Vigo,2026-09-03T19:00:00Z,1X2 - Home,0.3309,,,,1.76,2.08,8.27,4.93,poisson_baseline_v0
b5b42d77,2026-09-03T09:11:27.930143,564682,Primera Division,Real Sociedad de Fútbol,RC Celta de Vigo,2026-09-03T19:00:00Z,1X2 - Draw,0.2092,,,,1.76,2.08,8.27,4.93,poisson_baseline_v0
8bfeb276,2026-09-03T09:11:27.930143,564682,Primera Division,Real Sociedad de Fútbol,RC Celta de Vigo,2026-09-03T19:00:00Z,1X2 - Away,0.4595,,,,1.76,2.08,8.27,4.93,poisson_baseline_v0
070ec31f,2026-09-03T09:11:27.930143,564682,Primera Division,Real Sociedad de Fútbol,RC Celta de Vigo,2026-09-03T19:00:00Z,Over 2.5 goals,0.7369,,,,1.76,2.08,8.27,4.93,poisson_baseline_v0
45f0a68d,2026-09-03T09:11:27.930143,564682,Primera Division,Real Sociedad de Fútbol,RC Celta de Vigo,2026-09-03T19:00:00Z,Under 2.5 goals,0.2631,,,,1.76,2.08,8.27,4.93,poisson_baseline_v0
1e9d5ea7,2026-09-03T09:11:27.930143,565791,Bundesliga,VfB Stuttgart,1. FC Köln,2026-09-04T18:30:00Z,1X2 - Home,0.567,1.59,0.6289,-0.0619,2.93,2.02,10.3,4.27,poisson_baseline_v0
e2bdd4e5,2026-09-03T09:11:27.930143,565791,Bundesliga,VfB Stuttgart,1. FC Köln,2026-09-04T18:30:00Z,1X2 - Draw,0.171,5.1,0.1961,-0.0251,2.93,2.02,10.3,4.27,poisson_baseline_v0
0d3344a9,2026-09-03T09:11:27.930143,565791,Bundesliga,VfB Stuttgart,1. FC Köln,2026-09-04T18:30:00Z,1X2 - Away,0.2585,6.0,0.1667,0.0918,2.93,2.02,10.3,4.27,poisson_baseline_v0
df252649,2026-09-03T09:11:27.930143,565791,Bundesliga,VfB Stuttgart,1. FC Köln,2026-09-04T18:30:00Z,Over 2.5 goals,0.868,2.02,0.495,0.373,2.93,2.02,10.3,4.27,poisson_baseline_v0
242d3b18,2026-09-03T09:11:27.930143,565791,Bundesliga,VfB Stuttgart,1. FC Köln,2026-09-04T18:30:00Z,Under 2.5 goals,0.132,3.1,0.3226,-0.1906,2.93,2.02,10.3,4.27,poisson_baseline_v0
6d09572d,2026-09-03T09:11:27.930143,558609,Serie A,Genoa CFC,Como 1907,2026-09-04T18:45:00Z,1X2 - Home,0.0875,,,,0.44,1.74,8.13,2.6,poisson_baseline_v0
359171bf,2026-09-03T09:11:27.930143,558609,Serie A,Genoa CFC,Como 1907,2026-09-04T18:45:00Z,1X2 - Draw,0.2182,,,,0.44,1.74,8.13,2.6,poisson_baseline_v0
26089322,2026-09-03T09:11:27.930143,558609,Serie A,Genoa CFC,Como 1907,2026-09-04T18:45:00Z,1X2 - Away,0.6942,,,,0.44,1.74,8.13,2.6,poisson_baseline_v0
47cb7fe4,2026-09-03T09:11:27.930143,558609,Serie A,Genoa CFC,Como 1907,2026-09-04T18:45:00Z,Over 2.5 goals,0.3701,,,,0.44,1.74,8.13,2.6,poisson_baseline_v0
5941a2c6,2026-09-03T09:11:27.930143,558609,Serie A,Genoa CFC,Como 1907,2026-09-04T18:45:00Z,Under 2.5 goals,0.6299,,,,0.44,1.74,8.13,2.6,poisson_baseline_v0
b6d5d1c5,2026-09-03T09:11:27.930143,560566,Premier League,Ipswich Town FC,Liverpool FC,2026-09-04T19:00:00Z,1X2 - Home,0.0742,,,,1.07,3.49,10.37,3.67,poisson_baseline_v0
242f1d5e,2026-09-03T09:11:27.930143,560566,Premier League,Ipswich Town FC,Liverpool FC,2026-09-04T19:00:00Z,1X2 - Draw,0.105,,,,1.07,3.49,10.37,3.67,poisson_baseline_v0
5f076af4,2026-09-03T09:11:27.930143,560566,Premier League,Ipswich Town FC,Liverpool FC,2026-09-04T19:00:00Z,1X2 - Away,0.811,,,,1.07,3.49,10.37,3.67,poisson_baseline_v0
8f5d4505,2026-09-03T09:11:27.930143,560566,Premier League,Ipswich Town FC,Liverpool FC,2026-09-04T19:00:00Z,Over 2.5 goals,0.8235,,,,1.07,3.49,10.37,3.67,poisson_baseline_v0
be94acc6,2026-09-03T09:11:27.930143,560566,Premier League,Ipswich Town FC,Liverpool FC,2026-09-04T19:00:00Z,Under 2.5 goals,0.1765,,,,1.07,3.49,10.37,3.67,poisson_baseline_v0
11178a2b,2026-09-03T09:11:27.930143,564667,Primera Division,Real Betis Balompié,Real Madrid CF,2026-09-04T19:00:00Z,1X2 - Home,0.104,,,,0.96,2.77,9.6,3.67,poisson_baseline_v0
383c4a01,2026-09-03T09:11:27.930143,564667,Primera Division,Real Betis Balompié,Real Madrid CF,2026-09-04T19:00:00Z,1X2 - Draw,0.1453,,,,0.96,2.77,9.6,3.67,poisson_baseline_v0
eab55c90,2026-09-03T09:11:27.930143,564667,Primera Division,Real Betis Balompié,Real Madrid CF,2026-09-04T19:00:00Z,1X2 - Away,0.7484,,,,0.96,2.77,9.6,3.67,poisson_baseline_v0
c7e26d66,2026-09-03T09:11:27.930143,564667,Primera Division,Real Betis Balompié,Real Madrid CF,2026-09-04T19:00:00Z,Over 2.5 goals,0.7167,,,,0.96,2.77,9.6,3.67,poisson_baseline_v0
30c70c4f,2026-09-03T09:11:27.930143,564667,Primera Division,Real Betis Balompié,Real Madrid CF,2026-09-04T19:00:00Z,Under 2.5 goals,0.2833,,,,0.96,2.77,9.6,3.67,poisson_baseline_v0
181ef347,2026-09-03T09:11:27.930143,559697,Ligue 1,Paris Saint-Germain FC,AS Monaco FC,2026-09-04T19:05:00Z,1X2 - Home,0.3862,,,,1.86,1.89,9.93,3.47,poisson_baseline_v0
aa4f5539,2026-09-03T09:11:27.930143,559697,Ligue 1,Paris Saint-Germain FC,AS Monaco FC,2026-09-04T19:05:00Z,1X2 - Draw,0.2145,,,,1.86,1.89,9.93,3.47,poisson_baseline_v0
0056f9e8,2026-09-03T09:11:27.930143,559697,Ligue 1,Paris Saint-Germain FC,AS Monaco FC,2026-09-04T19:05:00Z,1X2 - Away,0.399,,,,1.86,1.89,9.93,3.47,poisson_baseline_v0
241c3155,2026-09-03T09:11:27.930143,559697,Ligue 1,Paris Saint-Germain FC,AS Monaco FC,2026-09-04T19:05:00Z,Over 2.5 goals,0.7221,,,,1.86,1.89,9.93,3.47,poisson_baseline_v0
2b303bcf,2026-09-03T09:11:27.930143,559697,Ligue 1,Paris Saint-Germain FC,AS Monaco FC,2026-09-04T19:05:00Z,Under 2.5 goals,0.2779,,,,1.86,1.89,9.93,3.47,poisson_baseline_v0
2d5031cb,2026-09-03T09:36:30.156999,559696,Ligue 1,Toulouse FC,Lille OSC,2026-09-03T18:45:00Z,1X2 - Home,0.0746,,,,0.48,2.05,8.8,5.2,poisson_baseline_v0
4676768d,2026-09-03T09:36:30.156999,559696,Ligue 1,Toulouse FC,Lille OSC,2026-09-03T18:45:00Z,1X2 - Draw,0.1793,,,,0.48,2.05,8.8,5.2,poisson_baseline_v0
451ce121,2026-09-03T09:36:30.156999,559696,Ligue 1,Toulouse FC,Lille OSC,2026-09-03T18:45:00Z,1X2 - Away,0.7459,,,,0.48,2.05,8.8,5.2,poisson_baseline_v0
3ef68adc,2026-09-03T09:36:30.156999,559696,Ligue 1,Toulouse FC,Lille OSC,2026-09-03T18:45:00Z,Over 2.5 goals,0.4632,,,,0.48,2.05,8.8,5.2,poisson_baseline_v0
f058dbf0,2026-09-03T09:36:30.156999,559696,Ligue 1,Toulouse FC,Lille OSC,2026-09-03T18:45:00Z,Under 2.5 goals,0.5368,,,,0.48,2.05,8.8,5.2,poisson_baseline_v0
ae2e1331,2026-09-03T09:36:30.156999,564682,Primera Division,Real Sociedad de Fútbol,RC Celta de Vigo,2026-09-03T19:00:00Z,1X2 - Home,0.3309,,,,1.76,2.08,8.27,4.93,poisson_baseline_v0
b273b144,2026-09-03T09:36:30.156999,564682,Primera Division,Real Sociedad de Fútbol,RC Celta de Vigo,2026-09-03T19:00:00Z,1X2 - Draw,0.2092,,,,1.76,2.08,8.27,4.93,poisson_baseline_v0
4a0d6055,2026-09-03T09:36:30.156999,564682,Primera Division,Real Sociedad de Fútbol,RC Celta de Vigo,2026-09-03T19:00:00Z,1X2 - Away,0.4595,,,,1.76,2.08,8.27,4.93,poisson_baseline_v0
4182051c,2026-09-03T09:36:30.156999,564682,Primera Division,Real Sociedad de Fútbol,RC Celta de Vigo,2026-09-03T19:00:00Z,Over 2.5 goals,0.7369,,,,1.76,2.08,8.27,4.93,poisson_baseline_v0
6a270e8c,2026-09-03T09:36:30.156999,564682,Primera Division,Real Sociedad de Fútbol,RC Celta de Vigo,2026-09-03T19:00:00Z,Under 2.5 goals,0.2631,,,,1.76,2.08,8.27,4.93,poisson_baseline_v0
da52b2d3,2026-09-03T09:36:30.156999,565791,Bundesliga,VfB Stuttgart,1. FC Köln,2026-09-04T18:30:00Z,1X2 - Home,0.567,1.59,0.6289,-0.0619,2.93,2.02,10.3,4.27,poisson_baseline_v0
97b807f7,2026-09-03T09:36:30.156999,565791,Bundesliga,VfB Stuttgart,1. FC Köln,2026-09-04T18:30:00Z,1X2 - Draw,0.171,5.1,0.1961,-0.0251,2.93,2.02,10.3,4.27,poisson_baseline_v0
7495c64f,2026-09-03T09:36:30.156999,565791,Bundesliga,VfB Stuttgart,1. FC Köln,2026-09-04T18:30:00Z,1X2 - Away,0.2585,6.0,0.1667,0.0918,2.93,2.02,10.3,4.27,poisson_baseline_v0
67bc24ab,2026-09-03T09:36:30.156999,565791,Bundesliga,VfB Stuttgart,1. FC Köln,2026-09-04T18:30:00Z,Over 2.5 goals,0.868,2.02,0.495,0.373,2.93,2.02,10.3,4.27,poisson_baseline_v0
1e7c7ed4,2026-09-03T09:36:30.156999,565791,Bundesliga,VfB Stuttgart,1. FC Köln,2026-09-04T18:30:00Z,Under 2.5 goals,0.132,3.1,0.3226,-0.1906,2.93,2.02,10.3,4.27,poisson_baseline_v0
b6399fe5,2026-09-03T09:36:30.156999,558609,Serie A,Genoa CFC,Como 1907,2026-09-04T18:45:00Z,1X2 - Home,0.0875,,,,0.44,1.74,8.13,2.6,poisson_baseline_v0
ea8c3356,2026-09-03T09:36:30.156999,558609,Serie A,Genoa CFC,Como 1907,2026-09-04T18:45:00Z,1X2 - Draw,0.2182,,,,0.44,1.74,8.13,2.6,poisson_baseline_v0
a14c6916,2026-09-03T09:36:30.156999,558609,Serie A,Genoa CFC,Como 1907,2026-09-04T18:45:00Z,1X2 - Away,0.6942,,,,0.44,1.74,8.13,2.6,poisson_baseline_v0
6b53c3ab,2026-09-03T09:36:30.156999,558609,Serie A,Genoa CFC,Como 1907,2026-09-04T18:45:00Z,Over 2.5 goals,0.3701,,,,0.44,1.74,8.13,2.6,poisson_baseline_v0
ce28d8b3,2026-09-03T09:36:30.156999,558609,Serie A,Genoa CFC,Como 1907,2026-09-04T18:45:00Z,Under 2.5 goals,0.6299,,,,0.44,1.74,8.13,2.6,poisson_baseline_v0
8d5fdea9,2026-09-03T09:36:30.156999,564667,Primera Division,Real Betis Balompié,Real Madrid CF,2026-09-04T19:00:00Z,1X2 - Home,0.104,,,,0.96,2.77,9.6,3.67,poisson_baseline_v0
3cc98e71,2026-09-03T09:36:30.156999,564667,Primera Division,Real Betis Balompié,Real Madrid CF,2026-09-04T19:00:00Z,1X2 - Draw,0.1453,,,,0.96,2.77,9.6,3.67,poisson_baseline_v0
70b94c1e,2026-09-03T09:36:30.156999,564667,Primera Division,Real Betis Balompié,Real Madrid CF,2026-09-04T19:00:00Z,1X2 - Away,0.7484,,,,0.96,2.77,9.6,3.67,poisson_baseline_v0
f1aa9ad2,2026-09-03T09:36:30.156999,564667,Primera Division,Real Betis Balompié,Real Madrid CF,2026-09-04T19:00:00Z,Over 2.5 goals,0.7167,,,,0.96,2.77,9.6,3.67,poisson_baseline_v0
7bd03167,2026-09-03T09:36:30.156999,564667,Primera Division,Real Betis Balompié,Real Madrid CF,2026-09-04T19:00:00Z,Under 2.5 goals,0.2833,,,,0.96,2.77,9.6,3.67,poisson_baseline_v0
ceb413f6,2026-09-03T09:36:30.156999,560566,Premier League,Ipswich Town FC,Liverpool FC,2026-09-04T19:00:00Z,1X2 - Home,0.0742,,,,1.07,3.49,10.37,3.67,poisson_baseline_v0
49c33b2f,2026-09-03T09:36:30.156999,560566,Premier League,Ipswich Town FC,Liverpool FC,2026-09-04T19:00:00Z,1X2 - Draw,0.105,,,,1.07,3.49,10.37,3.67,poisson_baseline_v0
5be1c71b,2026-09-03T09:36:30.156999,560566,Premier League,Ipswich Town FC,Liverpool FC,2026-09-04T19:00:00Z,1X2 - Away,0.811,,,,1.07,3.49,10.37,3.67,poisson_baseline_v0
8acb0f89,2026-09-03T09:36:30.156999,560566,Premier League,Ipswich Town FC,Liverpool FC,2026-09-04T19:00:00Z,Over 2.5 goals,0.8235,,,,1.07,3.49,10.37,3.67,poisson_baseline_v0
75b9c7b8,2026-09-03T09:36:30.156999,560566,Premier League,Ipswich Town FC,Liverpool FC,2026-09-04T19:00:00Z,Under 2.5 goals,0.1765,,,,1.07,3.49,10.37,3.67,poisson_baseline_v0
44828a89,2026-09-03T09:36:30.156999,559697,Ligue 1,Paris Saint-Germain FC,AS Monaco FC,2026-09-04T19:05:00Z,1X2 - Home,0.3862,,,,1.86,1.89,9.93,3.47,poisson_baseline_v0
a6074600,2026-09-03T09:36:30.156999,559697,Ligue 1,Paris Saint-Germain FC,AS Monaco FC,2026-09-04T19:05:00Z,1X2 - Draw,0.2145,,,,1.86,1.89,9.93,3.47,poisson_baseline_v0
d52f14c4,2026-09-03T09:36:30.156999,559697,Ligue 1,Paris Saint-Germain FC,AS Monaco FC,2026-09-04T19:05:00Z,1X2 - Away,0.399,,,,1.86,1.89,9.93,3.47,poisson_baseline_v0
688b78ff,2026-09-03T09:36:30.156999,559697,Ligue 1,Paris Saint-Germain FC,AS Monaco FC,2026-09-04T19:05:00Z,Over 2.5 goals,0.7221,,,,1.86,1.89,9.93,3.47,poisson_baseline_v0
33cfb0c9,2026-09-03T09:36:30.156999,559697,Ligue 1,Paris Saint-Germain FC,AS Monaco FC,2026-09-04T19:05:00Z,Under 2.5 goals,0.2779,,,,1.86,1.89,9.93,3.47,poisson_baseline_v0
d8ca752e,2026-09-03T10:30:10.881538,559696,Ligue 1,Toulouse FC,Lille OSC,2026-09-03T18:45:00Z,1X2 - Home,0.0746,,,,0.48,2.05,8.8,5.2,poisson_baseline_v0
2a331bee,2026-09-03T10:30:10.881538,559696,Ligue 1,Toulouse FC,Lille OSC,2026-09-03T18:45:00Z,1X2 - Draw,0.1793,,,,0.48,2.05,8.8,5.2,poisson_baseline_v0
8fed6281,2026-09-03T10:30:10.881538,559696,Ligue 1,Toulouse FC,Lille OSC,2026-09-03T18:45:00Z,1X2 - Away,0.7459,,,,0.48,2.05,8.8,5.2,poisson_baseline_v0
cabcf03d,2026-09-03T10:30:10.881538,559696,Ligue 1,Toulouse FC,Lille OSC,2026-09-03T18:45:00Z,Over 2.5 goals,0.4632,,,,0.48,2.05,8.8,5.2,poisson_baseline_v0
dbda23ab,2026-09-03T10:30:10.881538,559696,Ligue 1,Toulouse FC,Lille OSC,2026-09-03T18:45:00Z,Under 2.5 goals,0.5368,,,,0.48,2.05,8.8,5.2,poisson_baseline_v0
d3f2f759,2026-09-03T10:30:10.881538,564682,Primera Division,Real Sociedad de Fútbol,RC Celta de Vigo,2026-09-03T19:00:00Z,1X2 - Home,0.3309,,,,1.76,2.08,8.27,4.93,poisson_baseline_v0
75faadeb,2026-09-03T10:30:10.881538,564682,Primera Division,Real Sociedad de Fútbol,RC Celta de Vigo,2026-09-03T19:00:00Z,1X2 - Draw,0.2092,,,,1.76,2.08,8.27,4.93,poisson_baseline_v0
af4c751e,2026-09-03T10:30:10.881538,564682,Primera Division,Real Sociedad de Fútbol,RC Celta de Vigo,2026-09-03T19:00:00Z,1X2 - Away,0.4595,,,,1.76,2.08,8.27,4.93,poisson_baseline_v0
f4ecabdb,2026-09-03T10:30:10.881538,564682,Primera Division,Real Sociedad de Fútbol,RC Celta de Vigo,2026-09-03T19:00:00Z,Over 2.5 goals,0.7369,,,,1.76,2.08,8.27,4.93,poisson_baseline_v0
1f8579af,2026-09-03T10:30:10.881538,564682,Primera Division,Real Sociedad de Fútbol,RC Celta de Vigo,2026-09-03T19:00:00Z,Under 2.5 goals,0.2631,,,,1.76,2.08,8.27,4.93,poisson_baseline_v0
60d9b235,2026-09-03T10:30:10.881538,565791,Bundesliga,VfB Stuttgart,1. FC Köln,2026-09-04T18:30:00Z,1X2 - Home,0.567,1.59,0.6289,-0.0619,2.93,2.02,10.3,4.27,poisson_baseline_v0
d0bfbf8b,2026-09-03T10:30:10.881538,565791,Bundesliga,VfB Stuttgart,1. FC Köln,2026-09-04T18:30:00Z,1X2 - Draw,0.171,5.1,0.1961,-0.0251,2.93,2.02,10.3,4.27,poisson_baseline_v0
5b3df832,2026-09-03T10:30:10.881538,565791,Bundesliga,VfB Stuttgart,1. FC Köln,2026-09-04T18:30:00Z,1X2 - Away,0.2585,6.0,0.1667,0.0918,2.93,2.02,10.3,4.27,poisson_baseline_v0
2ab58f1f,2026-09-03T10:30:10.881538,565791,Bundesliga,VfB Stuttgart,1. FC Köln,2026-09-04T18:30:00Z,Over 2.5 goals,0.868,2.02,0.495,0.373,2.93,2.02,10.3,4.27,poisson_baseline_v0
0e035fe9,2026-09-03T10:30:10.881538,565791,Bundesliga,VfB Stuttgart,1. FC Köln,2026-09-04T18:30:00Z,Under 2.5 goals,0.132,3.1,0.3226,-0.1906,2.93,2.02,10.3,4.27,poisson_baseline_v0
48d9b8fc,2026-09-03T10:30:10.881538,558609,Serie A,Genoa CFC,Como 1907,2026-09-04T18:45:00Z,1X2 - Home,0.0875,,,,0.44,1.74,8.13,2.6,poisson_baseline_v0
aa5ffae7,2026-09-03T10:30:10.881538,558609,Serie A,Genoa CFC,Como 1907,2026-09-04T18:45:00Z,1X2 - Draw,0.2182,,,,0.44,1.74,8.13,2.6,poisson_baseline_v0
65358b77,2026-09-03T10:30:10.881538,558609,Serie A,Genoa CFC,Como 1907,2026-09-04T18:45:00Z,1X2 - Away,0.6942,,,,0.44,1.74,8.13,2.6,poisson_baseline_v0
71b0d640,2026-09-03T10:30:10.881538,558609,Serie A,Genoa CFC,Como 1907,2026-09-04T18:45:00Z,Over 2.5 goals,0.3701,,,,0.44,1.74,8.13,2.6,poisson_baseline_v0
c02fd4a3,2026-09-03T10:30:10.881538,558609,Serie A,Genoa CFC,Como 1907,2026-09-04T18:45:00Z,Under 2.5 goals,0.6299,,,,0.44,1.74,8.13,2.6,poisson_baseline_v0
7e29ec4e,2026-09-03T10:30:10.881538,564667,Primera Division,Real Betis Balompié,Real Madrid CF,2026-09-04T19:00:00Z,1X2 - Home,0.104,,,,0.96,2.77,9.6,3.67,poisson_baseline_v0
5c6322be,2026-09-03T10:30:10.881538,564667,Primera Division,Real Betis Balompié,Real Madrid CF,2026-09-04T19:00:00Z,1X2 - Draw,0.1453,,,,0.96,2.77,9.6,3.67,poisson_baseline_v0
79463bab,2026-09-03T10:30:10.881538,564667,Primera Division,Real Betis Balompié,Real Madrid CF,2026-09-04T19:00:00Z,1X2 - Away,0.7484,,,,0.96,2.77,9.6,3.67,poisson_baseline_v0
9660c0b7,2026-09-03T10:30:10.881538,564667,Primera Division,Real Betis Balompié,Real Madrid CF,2026-09-04T19:00:00Z,Over 2.5 goals,0.7167,,,,0.96,2.77,9.6,3.67,poisson_baseline_v0
e8cfe5d2,2026-09-03T10:30:10.881538,564667,Primera Division,Real Betis Balompié,Real Madrid CF,2026-09-04T19:00:00Z,Under 2.5 goals,0.2833,,,,0.96,2.77,9.6,3.67,poisson_baseline_v0
eff492e6,2026-09-03T10:30:10.881538,560566,Premier League,Ipswich Town FC,Liverpool FC,2026-09-04T19:00:00Z,1X2 - Home,0.0742,,,,1.07,3.49,10.37,3.67,poisson_baseline_v0
08b950ea,2026-09-03T10:30:10.881538,560566,Premier League,Ipswich Town FC,Liverpool FC,2026-09-04T19:00:00Z,1X2 - Draw,0.105,,,,1.07,3.49,10.37,3.67,poisson_baseline_v0
01bdac23,2026-09-03T10:30:10.881538,560566,Premier League,Ipswich Town FC,Liverpool FC,2026-09-04T19:00:00Z,1X2 - Away,0.811,,,,1.07,3.49,10.37,3.67,poisson_baseline_v0
65d95a3a,2026-09-03T10:30:10.881538,560566,Premier League,Ipswich Town FC,Liverpool FC,2026-09-04T19:00:00Z,Over 2.5 goals,0.8235,,,,1.07,3.49,10.37,3.67,poisson_baseline_v0
ef86f2a2,2026-09-03T10:30:10.881538,560566,Premier League,Ipswich Town FC,Liverpool FC,2026-09-04T19:00:00Z,Under 2.5 goals,0.1765,,,,1.07,3.49,10.37,3.67,poisson_baseline_v0
34bd692e,2026-09-03T10:30:10.881538,559697,Ligue 1,Paris Saint-Germain FC,AS Monaco FC,2026-09-04T19:05:00Z,1X2 - Home,0.3862,,,,1.86,1.89,9.93,3.47,poisson_baseline_v0
aeda2c3e,2026-09-03T10:30:10.881538,559697,Ligue 1,Paris Saint-Germain FC,AS Monaco FC,2026-09-04T19:05:00Z,1X2 - Draw,0.2145,,,,1.86,1.89,9.93,3.47,poisson_baseline_v0
29354ac9,2026-09-03T10:30:10.881538,559697,Ligue 1,Paris Saint-Germain FC,AS Monaco FC,2026-09-04T19:05:00Z,1X2 - Away,0.399,,,,1.86,1.89,9.93,3.47,poisson_baseline_v0
60e7bc0f,2026-09-03T10:30:10.881538,559697,Ligue 1,Paris Saint-Germain FC,AS Monaco FC,2026-09-04T19:05:00Z,Over 2.5 goals,0.7221,,,,1.86,1.89,9.93,3.47,poisson_baseline_v0
1ae8637c,2026-09-03T10:30:10.881538,559697,Ligue 1,Paris Saint-Germain FC,AS Monaco FC,2026-09-04T19:05:00Z,Under 2.5 goals,0.2779,,,,1.86,1.89,9.93,3.47,poisson_baseline_v0
f8a9e5ed,2026-09-04T10:18:23.023933,565791,Bundesliga,VfB Stuttgart,1. FC Köln,2026-09-04T18:30:00Z,1X2 - Home,0.567,1.52,0.6579,-0.0909,2.93,2.02,10.3,4.27,poisson_baseline_v0
eb1c9b0c,2026-09-04T10:18:23.023933,565791,Bundesliga,VfB Stuttgart,1. FC Köln,2026-09-04T18:30:00Z,1X2 - Draw,0.171,5.3,0.1887,-0.0177,2.93,2.02,10.3,4.27,poisson_baseline_v0
f7c22151,2026-09-04T10:18:23.023933,565791,Bundesliga,VfB Stuttgart,1. FC Köln,2026-09-04T18:30:00Z,1X2 - Away,0.2585,6.4,0.1562,0.1023,2.93,2.02,10.3,4.27,poisson_baseline_v0
7ea1ea15,2026-09-04T10:18:23.023933,565791,Bundesliga,VfB Stuttgart,1. FC Köln,2026-09-04T18:30:00Z,Over 2.5 goals,0.868,1.98,0.5051,0.3629,2.93,2.02,10.3,4.27,poisson_baseline_v0
020fff3f,2026-09-04T10:18:23.023933,565791,Bundesliga,VfB Stuttgart,1. FC Köln,2026-09-04T18:30:00Z,Under 2.5 goals,0.132,3.15,0.3175,-0.1855,2.93,2.02,10.3,4.27,poisson_baseline_v0
9954a45c,2026-09-04T10:18:23.023933,558609,Serie A,Genoa CFC,Como 1907,2026-09-04T18:45:00Z,1X2 - Home,0.0875,,,,0.44,1.74,8.13,2.6,poisson_baseline_v0
73b1f985,2026-09-04T10:18:23.023933,558609,Serie A,Genoa CFC,Como 1907,2026-09-04T18:45:00Z,1X2 - Draw,0.2182,,,,0.44,1.74,8.13,2.6,poisson_baseline_v0
1c9705ea,2026-09-04T10:18:23.023933,558609,Serie A,Genoa CFC,Como 1907,2026-09-04T18:45:00Z,1X2 - Away,0.6942,,,,0.44,1.74,8.13,2.6,poisson_baseline_v0
f1116ede,2026-09-04T10:18:23.023933,558609,Serie A,Genoa CFC,Como 1907,2026-09-04T18:45:00Z,Over 2.5 goals,0.3701,,,,0.44,1.74,8.13,2.6,poisson_baseline_v0
4a3b255c,2026-09-04T10:18:23.023933,558609,Serie A,Genoa CFC,Como 1907,2026-09-04T18:45:00Z,Under 2.5 goals,0.6299,,,,0.44,1.74,8.13,2.6,poisson_baseline_v0
787fbf18,2026-09-04T10:18:23.023933,564667,Primera Division,Real Betis Balompié,Real Madrid CF,2026-09-04T19:00:00Z,1X2 - Home,0.104,,,,0.96,2.77,9.6,3.67,poisson_baseline_v0
d73d80a7,2026-09-04T10:18:23.023933,564667,Primera Division,Real Betis Balompié,Real Madrid CF,2026-09-04T19:00:00Z,1X2 - Draw,0.1453,,,,0.96,2.77,9.6,3.67,poisson_baseline_v0
c05b0902,2026-09-04T10:18:23.023933,564667,Primera Division,Real Betis Balompié,Real Madrid CF,2026-09-04T19:00:00Z,1X2 - Away,0.7485,,,,0.96,2.77,9.6,3.67,poisson_baseline_v0
c1493188,2026-09-04T10:18:23.023933,564667,Primera Division,Real Betis Balompié,Real Madrid CF,2026-09-04T19:00:00Z,Over 2.5 goals,0.7169,,,,0.96,2.77,9.6,3.67,poisson_baseline_v0
ea93cfb6,2026-09-04T10:18:23.023933,564667,Primera Division,Real Betis Balompié,Real Madrid CF,2026-09-04T19:00:00Z,Under 2.5 goals,0.2831,,,,0.96,2.77,9.6,3.67,poisson_baseline_v0
43a5ea49,2026-09-04T10:18:23.023933,560566,Premier League,Ipswich Town FC,Liverpool FC,2026-09-04T19:00:00Z,1X2 - Home,0.0742,,,,1.07,3.49,10.37,3.67,poisson_baseline_v0
5fa30210,2026-09-04T10:18:23.023933,560566,Premier League,Ipswich Town FC,Liverpool FC,2026-09-04T19:00:00Z,1X2 - Draw,0.105,,,,1.07,3.49,10.37,3.67,poisson_baseline_v0
adb57327,2026-09-04T10:18:23.023933,560566,Premier League,Ipswich Town FC,Liverpool FC,2026-09-04T19:00:00Z,1X2 - Away,0.811,,,,1.07,3.49,10.37,3.67,poisson_baseline_v0
8e7850d0,2026-09-04T10:18:23.023933,560566,Premier League,Ipswich Town FC,Liverpool FC,2026-09-04T19:00:00Z,Over 2.5 goals,0.8235,,,,1.07,3.49,10.37,3.67,poisson_baseline_v0
457352ab,2026-09-04T10:18:23.023933,560566,Premier League,Ipswich Town FC,Liverpool FC,2026-09-04T19:00:00Z,Under 2.5 goals,0.1765,,,,1.07,3.49,10.37,3.67,poisson_baseline_v0
8f50d706,2026-09-04T10:18:23.023933,559697,Ligue 1,Paris Saint-Germain FC,AS Monaco FC,2026-09-04T19:05:00Z,1X2 - Home,0.3863,,,,1.86,1.89,9.93,3.47,poisson_baseline_v0
10a8db06,2026-09-04T10:18:23.023933,559697,Ligue 1,Paris Saint-Germain FC,AS Monaco FC,2026-09-04T19:05:00Z,1X2 - Draw,0.2145,,,,1.86,1.89,9.93,3.47,poisson_baseline_v0
deacef35,2026-09-04T10:18:23.023933,559697,Ligue 1,Paris Saint-Germain FC,AS Monaco FC,2026-09-04T19:05:00Z,1X2 - Away,0.3989,,,,1.86,1.89,9.93,3.47,poisson_baseline_v0
13a9cc00,2026-09-04T10:18:23.023933,559697,Ligue 1,Paris Saint-Germain FC,AS Monaco FC,2026-09-04T19:05:00Z,Over 2.5 goals,0.7223,,,,1.86,1.89,9.93,3.47,poisson_baseline_v0
176f3eb8,2026-09-04T10:18:23.023933,559697,Ligue 1,Paris Saint-Germain FC,AS Monaco FC,2026-09-04T19:05:00Z,Under 2.5 goals,0.2777,,,,1.86,1.89,9.93,3.47,poisson_baseline_v0
b6d82ff1,2026-09-04T10:18:23.023933,560571,Premier League,Newcastle United FC,AFC Bournemouth,2026-09-05T11:30:00Z,1X2 - Home,0.2255,,,,0.82,1.36,10.33,4.8,poisson_baseline_v0
016f2364,2026-09-04T10:18:23.023933,560571,Premier League,Newcastle United FC,AFC Bournemouth,2026-09-05T11:30:00Z,1X2 - Draw,0.2792,,,,0.82,1.36,10.33,4.8,poisson_baseline_v0
fc93e486,2026-09-04T10:18:23.023933,560571,Premier League,Newcastle United FC,AFC Bournemouth,2026-09-05T11:30:00Z,1X2 - Away,0.4953,,,,0.82,1.36,10.33,4.8,poisson_baseline_v0
5f0d6275,2026-09-04T10:18:23.023933,560571,Premier League,Newcastle United FC,AFC Bournemouth,2026-09-05T11:30:00Z,Over 2.5 goals,0.3708,,,,0.82,1.36,10.33,4.8,poisson_baseline_v0
21850579,2026-09-04T10:18:23.023933,560571,Premier League,Newcastle United FC,AFC Bournemouth,2026-09-05T11:30:00Z,Under 2.5 goals,0.6292,,,,0.82,1.36,10.33,4.8,poisson_baseline_v0
11d405d5,2026-09-04T10:18:23.023933,558616,Serie A,ACF Fiorentina,Torino FC,2026-09-05T13:00:00Z,1X2 - Home,0.2362,,,,0.84,1.33,8.57,4.07,poisson_baseline_v0
bca4af16,2026-09-04T10:18:23.023933,558616,Serie A,ACF Fiorentina,Torino FC,2026-09-05T13:00:00Z,1X2 - Draw,0.2821,,,,0.84,1.33,8.57,4.07,poisson_baseline_v0
5d7a9d91,2026-09-04T10:18:23.023933,558616,Serie A,ACF Fiorentina,Torino FC,2026-09-05T13:00:00Z,1X2 - Away,0.4817,,,,0.84,1.33,8.57,4.07,poisson_baseline_v0
6888d84e,2026-09-04T10:18:23.023933,558616,Serie A,ACF Fiorentina,Torino FC,2026-09-05T13:00:00Z,Over 2.5 goals,0.3694,,,,0.84,1.33,8.57,4.07,poisson_baseline_v0
af4c92a3,2026-09-04T10:18:23.023933,558616,Serie A,ACF Fiorentina,Torino FC,2026-09-05T13:00:00Z,Under 2.5 goals,0.6306,,,,0.84,1.33,8.57,4.07,poisson_baseline_v0
6fc7d8c5,2026-09-04T10:18:23.023933,565785,Bundesliga,SV Werder Bremen,RB Leipzig,2026-09-05T13:30:00Z,1X2 - Home,0.0987,,,,0.81,2.53,9.27,4.0,poisson_baseline_v0
1888d777,2026-09-04T10:18:23.023933,565785,Bundesliga,SV Werder Bremen,RB Leipzig,2026-09-05T13:30:00Z,1X2 - Draw,0.1551,,,,0.81,2.53,9.27,4.0,poisson_baseline_v0
7bd67efc,2026-09-04T10:18:23.023933,565785,Bundesliga,SV Werder Bremen,RB Leipzig,2026-09-05T13:30:00Z,1X2 - Away,0.745,,,,0.81,2.53,9.27,4.0,poisson_baseline_v0
a0081b33,2026-09-04T10:18:23.023933,565785,Bundesliga,SV Werder Bremen,RB Leipzig,2026-09-05T13:30:00Z,Over 2.5 goals,0.6479,,,,0.81,2.53,9.27,4.0,poisson_baseline_v0
0104935f,2026-09-04T10:18:23.023933,565785,Bundesliga,SV Werder Bremen,RB Leipzig,2026-09-05T13:30:00Z,Under 2.5 goals,0.3521,,,,0.81,2.53,9.27,4.0,poisson_baseline_v0
23eb10a8,2026-09-04T10:18:23.023933,565793,Bundesliga,SC Paderborn 07,SC Freiburg,2026-09-05T13:30:00Z,1X2 - Home,0.1105,,,,0.76,2.26,9.9,4.13,poisson_baseline_v0
b8580571,2026-09-04T10:18:23.023933,565793,Bundesliga,SC Paderborn 07,SC Freiburg,2026-09-05T13:30:00Z,1X2 - Draw,0.1764,,,,0.76,2.26,9.9,4.13,poisson_baseline_v0
ca1237cc,2026-09-04T10:18:23.023933,565793,Bundesliga,SC Paderborn 07,SC Freiburg,2026-09-05T13:30:00Z,1X2 - Away,0.7125,,,,0.76,2.26,9.9,4.13,poisson_baseline_v0
ebaa4a16,2026-09-04T10:18:23.023933,565793,Bundesliga,SC Paderborn 07,SC Freiburg,2026-09-05T13:30:00Z,Over 2.5 goals,0.5812,,,,0.76,2.26,9.9,4.13,poisson_baseline_v0
6cfd114c,2026-09-04T10:18:23.023933,565793,Bundesliga,SC Paderborn 07,SC Freiburg,2026-09-05T13:30:00Z,Under 2.5 goals,0.4188,,,,0.76,2.26,9.9,4.13,poisson_baseline_v0
7e7a788b,2026-09-04T10:18:23.023933,565790,Bundesliga,Bayer 04 Leverkusen,1. FC Union Berlin,2026-09-05T13:30:00Z,1X2 - Home,0.5179,,,,2.21,1.59,9.63,3.87,poisson_baseline_v0
ba11116a,2026-09-04T10:18:23.023933,565790,Bundesliga,Bayer 04 Leverkusen,1. FC Union Berlin,2026-09-05T13:30:00Z,1X2 - Draw,0.2041,,,,2.21,1.59,9.63,3.87,poisson_baseline_v0
ae18889a,2026-09-04T10:18:23.023933,565790,Bundesliga,Bayer 04 Leverkusen,1. FC Union Berlin,2026-09-05T13:30:00Z,1X2 - Away,0.2775,,,,2.21,1.59,9.63,3.87,poisson_baseline_v0
7f241194,2026-09-04T10:18:23.023933,565790,Bundesliga,Bayer 04 Leverkusen,1. FC Union Berlin,2026-09-05T13:30:00Z,Over 2.5 goals,0.7295,,,,2.21,1.59,9.63,3.87,poisson_baseline_v0
8c58152b,2026-09-04T10:18:23.023933,565790,Bundesliga,Bayer 04 Leverkusen,1. FC Union Berlin,2026-09-05T13:30:00Z,Under 2.5 goals,0.2705,,,,2.21,1.59,9.63,3.87,poisson_baseline_v0
0e3adc8b,2026-09-04T10:18:23.023933,565792,Bundesliga,Borussia Mönchengladbach,SV 07 Elversberg,2026-09-05T13:30:00Z,1X2 - Home,0.1259,,,,1.37,3.25,7.4,5.6,poisson_baseline_v0
b76687c9,2026-09-04T10:18:23.023933,565792,Bundesliga,Borussia Mönchengladbach,SV 07 Elversberg,2026-09-05T13:30:00Z,1X2 - Draw,0.135,,,,1.37,3.25,7.4,5.6,poisson_baseline_v0
29f24d99,2026-09-04T10:18:23.023933,565792,Bundesliga,Borussia Mönchengladbach,SV 07 Elversberg,2026-09-05T13:30:00Z,1X2 - Away,0.7328,,,,1.37,3.25,7.4,5.6,poisson_baseline_v0
c280b79c,2026-09-04T10:18:23.023933,565792,Bundesliga,Borussia Mönchengladbach,SV 07 Elversberg,2026-09-05T13:30:00Z,Over 2.5 goals,0.8333,,,,1.37,3.25,7.4,5.6,poisson_baseline_v0
49dac221,2026-09-04T10:18:23.023933,565792,Bundesliga,Borussia Mönchengladbach,SV 07 Elversberg,2026-09-05T13:30:00Z,Under 2.5 goals,0.1667,,,,1.37,3.25,7.4,5.6,poisson_baseline_v0
739d081c,2026-09-04T10:18:23.023933,565787,Bundesliga,TSG 1899 Hoffenheim,Borussia Dortmund,2026-09-05T13:30:00Z,1X2 - Home,0.0766,,,,0.91,3.11,9.7,4.67,poisson_baseline_v0
a612fe2c,2026-09-04T10:18:23.023933,565787,Bundesliga,TSG 1899 Hoffenheim,Borussia Dortmund,2026-09-05T13:30:00Z,1X2 - Draw,0.1183,,,,0.91,3.11,9.7,4.67,poisson_baseline_v0
3f22b98c,2026-09-04T10:18:23.023933,565787,Bundesliga,TSG 1899 Hoffenheim,Borussia Dortmund,2026-09-05T13:30:00Z,1X2 - Away,0.8003,,,,0.91,3.11,9.7,4.67,poisson_baseline_v0
9eab361d,2026-09-04T10:18:23.023933,565787,Bundesliga,TSG 1899 Hoffenheim,Borussia Dortmund,2026-09-05T13:30:00Z,Over 2.5 goals,0.7612,,,,0.91,3.11,9.7,4.67,poisson_baseline_v0
cb00fc8c,2026-09-04T10:18:23.023933,565787,Bundesliga,TSG 1899 Hoffenheim,Borussia Dortmund,2026-09-05T13:30:00Z,Under 2.5 goals,0.2388,,,,0.91,3.11,9.7,4.67,poisson_baseline_v0
8b2dba01,2026-09-04T10:18:23.023933,560565,Premier League,Brentford FC,Sunderland AFC,2026-09-05T14:00:00Z,1X2 - Home,0.3833,,,,1.2,1.1,10.27,3.93,poisson_baseline_v0
1b8c8220,2026-09-04T10:18:23.023933,560565,Premier League,Brentford FC,Sunderland AFC,2026-09-05T14:00:00Z,1X2 - Draw,0.2832,,,,1.2,1.1,10.27,3.93,poisson_baseline_v0
2328e04b,2026-09-04T10:18:23.023933,560565,Premier League,Brentford FC,Sunderland AFC,2026-09-05T14:00:00Z,1X2 - Away,0.3335,,,,1.2,1.1,10.27,3.93,poisson_baseline_v0
32f62120,2026-09-04T10:18:23.023933,560565,Premier League,Brentford FC,Sunderland AFC,2026-09-05T14:00:00Z,Over 2.5 goals,0.404,,,,1.2,1.1,10.27,3.93,poisson_baseline_v0
0443a6be,2026-09-04T10:18:23.023933,560565,Premier League,Brentford FC,Sunderland AFC,2026-09-05T14:00:00Z,Under 2.5 goals,0.596,,,,1.2,1.1,10.27,3.93,poisson_baseline_v0
d4c66594,2026-09-04T10:18:23.023933,560568,Premier League,Fulham FC,Crystal Palace FC,2026-09-05T14:00:00Z,1X2 - Home,0.3867,,,,1.12,0.98,10.03,3.8,poisson_baseline_v0
78c4babd,2026-09-04T10:18:23.023933,560568,Premier League,Fulham FC,Crystal Palace FC,2026-09-05T14:00:00Z,1X2 - Draw,0.2985,,,,1.12,0.98,10.03,3.8,poisson_baseline_v0
aee47c37,2026-09-04T10:18:23.023933,560568,Premier League,Fulham FC,Crystal Palace FC,2026-09-05T14:00:00Z,1X2 - Away,0.3149,,,,1.12,0.98,10.03,3.8,poisson_baseline_v0
d840cacf,2026-09-04T10:18:23.023933,560568,Premier League,Fulham FC,Crystal Palace FC,2026-09-05T14:00:00Z,Over 2.5 goals,0.3506,,,,1.12,0.98,10.03,3.8,poisson_baseline_v0
efc0ec50,2026-09-04T10:18:23.023933,560568,Premier League,Fulham FC,Crystal Palace FC,2026-09-05T14:00:00Z,Under 2.5 goals,0.6494,,,,1.12,0.98,10.03,3.8,poisson_baseline_v0
c65af8e6,2026-09-04T10:18:23.023933,560563,Premier League,Manchester City FC,Coventry City FC,2026-09-05T14:00:00Z,1X2 - Home,0.7644,,,,2.74,0.87,10.37,2.6,poisson_baseline_v0
78b0d6e6,2026-09-04T10:18:23.023933,560563,Premier League,Manchester City FC,Coventry City FC,2026-09-05T14:00:00Z,1X2 - Draw,0.1413,,,,2.74,0.87,10.37,2.6,poisson_baseline_v0
7b603b62,2026-09-04T10:18:23.023933,560563,Premier League,Manchester City FC,Coventry City FC,2026-09-05T14:00:00Z,1X2 - Away,0.0922,,,,2.74,0.87,10.37,2.6,poisson_baseline_v0
e921f3a3,2026-09-04T10:18:23.023933,560563,Premier League,Manchester City FC,Coventry City FC,2026-09-05T14:00:00Z,Over 2.5 goals,0.697,,,,2.74,0.87,10.37,2.6,poisson_baseline_v0
29097054,2026-09-04T10:18:23.023933,560563,Premier League,Manchester City FC,Coventry City FC,2026-09-05T14:00:00Z,Under 2.5 goals,0.303,,,,2.74,0.87,10.37,2.6,poisson_baseline_v0
d9bdb1a7,2026-09-04T10:18:23.023933,560564,Premier League,Brighton & Hove Albion FC,Leeds United FC,2026-09-05T14:00:00Z,1X2 - Home,0.3494,,,,1.0,0.98,10.03,3.93,poisson_baseline_v0
315fc12b,2026-09-04T10:18:23.023933,560564,Premier League,Brighton & Hove Albion FC,Leeds United FC,2026-09-05T14:00:00Z,1X2 - Draw,0.31,,,,1.0,0.98,10.03,3.93,poisson_baseline_v0
8c00a136,2026-09-04T10:18:23.023933,560564,Premier League,Brighton & Hove Albion FC,Leeds United FC,2026-09-05T14:00:00Z,1X2 - Away,0.3407,,,,1.0,0.98,10.03,3.93,poisson_baseline_v0
998da2ac,2026-09-04T10:18:23.023933,560564,Premier League,Brighton & Hove Albion FC,Leeds United FC,2026-09-05T14:00:00Z,Over 2.5 goals,0.3191,,,,1.0,0.98,10.03,3.93,poisson_baseline_v0
433ba0c6,2026-09-04T10:18:23.023933,560564,Premier League,Brighton & Hove Albion FC,Leeds United FC,2026-09-05T14:00:00Z,Under 2.5 goals,0.6809,,,,1.0,0.98,10.03,3.93,poisson_baseline_v0
50496b27,2026-09-04T10:18:23.023933,560562,Premier League,Nottingham Forest FC,Tottenham Hotspur FC,2026-09-05T14:00:00Z,1X2 - Home,0.6629,,,,1.93,0.71,9.93,4.47,poisson_baseline_v0
8f1d69c8,2026-09-04T10:18:23.023933,560562,Premier League,Nottingham Forest FC,Tottenham Hotspur FC,2026-09-05T14:00:00Z,1X2 - Draw,0.2082,,,,1.93,0.71,9.93,4.47,poisson_baseline_v0
afcadb1a,2026-09-04T10:18:23.023933,560562,Premier League,Nottingham Forest FC,Tottenham Hotspur FC,2026-09-05T14:00:00Z,1X2 - Away,0.1288,,,,1.93,0.71,9.93,4.47,poisson_baseline_v0
b37b09fe,2026-09-04T10:18:23.023933,560562,Premier League,Nottingham Forest FC,Tottenham Hotspur FC,2026-09-05T14:00:00Z,Over 2.5 goals,0.4908,,,,1.93,0.71,9.93,4.47,poisson_baseline_v0
df5d4878,2026-09-04T10:18:23.023933,560562,Premier League,Nottingham Forest FC,Tottenham Hotspur FC,2026-09-05T14:00:00Z,Under 2.5 goals,0.5092,,,,1.93,0.71,9.93,4.47,poisson_baseline_v0
b8bd1689,2026-09-04T10:18:23.023933,564663,Primera Division,Athletic Club,Club Atlético de Madrid,2026-09-05T14:15:00Z,1X2 - Home,0.1327,,,,1.17,2.8,10.6,5.13,poisson_baseline_v0
49084bfd,2026-09-04T10:18:23.023933,564663,Primera Division,Athletic Club,Club Atlético de Madrid,2026-09-05T14:15:00Z,1X2 - Draw,0.1539,,,,1.17,2.8,10.6,5.13,poisson_baseline_v0
a7a4f6c5,2026-09-04T10:18:23.023933,564663,Primera Division,Athletic Club,Club Atlético de Madrid,2026-09-05T14:15:00Z,1X2 - Away,0.711,,,,1.17,2.8,10.6,5.13,poisson_baseline_v0
c911fa32,2026-09-04T10:18:23.023933,564663,Primera Division,Athletic Club,Club Atlético de Madrid,2026-09-05T14:15:00Z,Over 2.5 goals,0.7556,,,,1.17,2.8,10.6,5.13,poisson_baseline_v0
77212327,2026-09-04T10:18:23.023933,564663,Primera Division,Athletic Club,Club Atlético de Madrid,2026-09-05T14:15:00Z,Under 2.5 goals,0.2444,,,,1.17,2.8,10.6,5.13,poisson_baseline_v0
64300271,2026-09-04T10:18:23.023933,559695,Ligue 1,Racing Club de Lens,FC Lorient,2026-09-05T15:15:00Z,1X2 - Home,0.4593,,,,2.06,1.74,10.33,3.07,poisson_baseline_v0
8e115d31,2026-09-04T10:18:23.023933,559695,Ligue 1,Racing Club de Lens,FC Lorient,2026-09-05T15:15:00Z,1X2 - Draw,0.2103,,,,2.06,1.74,10.33,3.07,poisson_baseline_v0
69df826f,2026-09-04T10:18:23.023933,559695,Ligue 1,Racing Club de Lens,FC Lorient,2026-09-05T15:15:00Z,1X2 - Away,0.33,,,,2.06,1.74,10.33,3.07,poisson_baseline_v0
476dd1f0,2026-09-04T10:18:23.023933,559695,Ligue 1,Racing Club de Lens,FC Lorient,2026-09-05T15:15:00Z,Over 2.5 goals,0.7307,,,,2.06,1.74,10.33,3.07,poisson_baseline_v0
c2f721bb,2026-09-04T10:18:23.023933,559695,Ligue 1,Racing Club de Lens,FC Lorient,2026-09-05T15:15:00Z,Under 2.5 goals,0.2693,,,,2.06,1.74,10.33,3.07,poisson_baseline_v0
31dd1a02,2026-09-04T10:18:23.023933,558614,Serie A,FC Internazionale Milano,SSC Napoli,2026-09-05T16:00:00Z,1X2 - Home,0.3981,,,,1.35,1.21,9.0,2.87,poisson_baseline_v0
16df6c20,2026-09-04T10:18:23.023933,558614,Serie A,FC Internazionale Milano,SSC Napoli,2026-09-05T16:00:00Z,1X2 - Draw,0.2656,,,,1.35,1.21,9.0,2.87,poisson_baseline_v0
721c69f5,2026-09-04T10:18:23.023933,558614,Serie A,FC Internazionale Milano,SSC Napoli,2026-09-05T16:00:00Z,1X2 - Away,0.3363,,,,1.35,1.21,9.0,2.87,poisson_baseline_v0
c19e76a7,2026-09-04T10:18:23.023933,558614,Serie A,FC Internazionale Milano,SSC Napoli,2026-09-05T16:00:00Z,Over 2.5 goals,0.4714,,,,1.35,1.21,9.0,2.87,poisson_baseline_v0
d5d36d05,2026-09-04T10:18:23.023933,558614,Serie A,FC Internazionale Milano,SSC Napoli,2026-09-05T16:00:00Z,Under 2.5 goals,0.5286,,,,1.35,1.21,9.0,2.87,poisson_baseline_v0
cb937792,2026-09-04T10:18:23.023933,564660,Primera Division,Rayo Vallecano de Madrid,Real Racing Club de Santander,2026-09-05T16:30:00Z,1X2 - Home,0.2795,,,,1.45,2.0,12.97,5.27,poisson_baseline_v0
5d861036,2026-09-04T10:18:23.023933,564660,Primera Division,Rayo Vallecano de Madrid,Real Racing Club de Santander,2026-09-05T16:30:00Z,1X2 - Draw,0.2167,,,,1.45,2.0,12.97,5.27,poisson_baseline_v0
cfa83d4d,2026-09-04T10:18:23.023933,564660,Primera Division,Rayo Vallecano de Madrid,Real Racing Club de Santander,2026-09-05T16:30:00Z,1X2 - Away,0.5036,,,,1.45,2.0,12.97,5.27,poisson_baseline_v0
05e26e53,2026-09-04T10:18:23.023933,564660,Primera Division,Rayo Vallecano de Madrid,Real Racing Club de Santander,2026-09-05T16:30:00Z,Over 2.5 goals,0.6685,,,,1.45,2.0,12.97,5.27,poisson_baseline_v0
2ed9b48b,2026-09-04T10:18:23.023933,564660,Primera Division,Rayo Vallecano de Madrid,Real Racing Club de Santander,2026-09-05T16:30:00Z,Under 2.5 goals,0.3315,,,,1.45,2.0,12.97,5.27,poisson_baseline_v0
fb0c2860,2026-09-04T10:18:23.023933,565789,Bundesliga,FC Schalke 04,FC Bayern München,2026-09-05T16:30:00Z,1X2 - Home,0.0169,,,,1.01,5.49,11.03,3.67,poisson_baseline_v0
288447a9,2026-09-04T10:18:23.023933,565789,Bundesliga,FC Schalke 04,FC Bayern München,2026-09-05T16:30:00Z,1X2 - Draw,0.0318,,,,1.01,5.49,11.03,3.67,poisson_baseline_v0
40596579,2026-09-04T10:18:23.023933,565789,Bundesliga,FC Schalke 04,FC Bayern München,2026-09-05T16:30:00Z,1X2 - Away,0.8466,,,,1.01,5.49,11.03,3.67,poisson_baseline_v0
0f2ae57f,2026-09-04T10:18:23.023933,565789,Bundesliga,FC Schalke 04,FC Bayern München,2026-09-05T16:30:00Z,Over 2.5 goals,0.8523,,,,1.01,5.49,11.03,3.67,poisson_baseline_v0
c5bf9c8d,2026-09-04T10:18:23.023933,565789,Bundesliga,FC Schalke 04,FC Bayern München,2026-09-05T16:30:00Z,Under 2.5 goals,0.1477,,,,1.01,5.49,11.03,3.67,poisson_baseline_v0
bef918ea,2026-09-04T10:18:23.023933,560569,Premier League,Hull City AFC,Aston Villa FC,2026-09-05T16:30:00Z,1X2 - Home,0.4698,,,,1.74,1.33,8.62,5.0,poisson_baseline_v0
cb9f3cce,2026-09-04T10:18:23.023933,560569,Premier League,Hull City AFC,Aston Villa FC,2026-09-05T16:30:00Z,1X2 - Draw,0.2347,,,,1.74,1.33,8.62,5.0,poisson_baseline_v0
eb97d5cb,2026-09-04T10:18:23.023933,560569,Premier League,Hull City AFC,Aston Villa FC,2026-09-05T16:30:00Z,1X2 - Away,0.2954,,,,1.74,1.33,8.62,5.0,poisson_baseline_v0
cd81701d,2026-09-04T10:18:23.023933,560569,Premier League,Hull City AFC,Aston Villa FC,2026-09-05T16:30:00Z,Over 2.5 goals,0.5922,,,,1.74,1.33,8.62,5.0,poisson_baseline_v0
39d88e02,2026-09-04T10:18:23.023933,560569,Premier League,Hull City AFC,Aston Villa FC,2026-09-05T16:30:00Z,Under 2.5 goals,0.4078,,,,1.74,1.33,8.62,5.0,poisson_baseline_v0
4bd38107,2026-09-04T10:18:23.023933,559701,Ligue 1,OGC Nice,Le Mans FC,2026-09-05T18:45:00Z,1X2 - Home,0.1322,,,,1.11,2.69,11.58,4.1,poisson_baseline_v0
fc7fc90b,2026-09-04T10:18:23.023933,559701,Ligue 1,OGC Nice,Le Mans FC,2026-09-05T18:45:00Z,1X2 - Draw,0.1589,,,,1.11,2.69,11.58,4.1,poisson_baseline_v0
906edcdd,2026-09-04T10:18:23.023933,559701,Ligue 1,OGC Nice,Le Mans FC,2026-09-05T18:45:00Z,1X2 - Away,0.707,,,,1.11,2.69,11.58,4.1,poisson_baseline_v0
2a513187,2026-09-04T10:18:23.023933,559701,Ligue 1,OGC Nice,Le Mans FC,2026-09-05T18:45:00Z,Over 2.5 goals,0.7285,,,,1.11,2.69,11.58,4.1,poisson_baseline_v0
1bb0df95,2026-09-04T10:18:23.023933,559701,Ligue 1,OGC Nice,Le Mans FC,2026-09-05T18:45:00Z,Under 2.5 goals,0.2715,,,,1.11,2.69,11.58,4.1,poisson_baseline_v0
22b04083,2026-09-04T10:18:23.023933,558611,Serie A,AS Roma,Atalanta BC,2026-09-05T18:45:00Z,1X2 - Home,0.5371,1.8,0.5556,-0.0185,1.75,1.06,8.67,3.27,poisson_baseline_v0
9595a6c3,2026-09-04T10:18:23.023933,558611,Serie A,AS Roma,Atalanta BC,2026-09-05T18:45:00Z,1X2 - Draw,0.2354,3.95,0.2532,-0.0178,1.75,1.06,8.67,3.27,poisson_baseline_v0
f44aa93a,2026-09-04T10:18:23.023933,558611,Serie A,AS Roma,Atalanta BC,2026-09-05T18:45:00Z,1X2 - Away,0.2275,5.3,0.1887,0.0388,1.75,1.06,8.67,3.27,poisson_baseline_v0
67038c65,2026-09-04T10:18:23.023933,558611,Serie A,AS Roma,Atalanta BC,2026-09-05T18:45:00Z,Over 2.5 goals,0.5326,1.98,0.5051,0.0275,1.75,1.06,8.67,3.27,poisson_baseline_v0
1e03c839,2026-09-04T10:18:23.023933,558611,Serie A,AS Roma,Atalanta BC,2026-09-05T18:45:00Z,Under 2.5 goals,0.4674,1.98,0.5051,-0.0377,1.75,1.06,8.67,3.27,poisson_baseline_v0
848d7d4c,2026-09-04T10:18:23.023933,564662,Primera Division,Villarreal CF,RC Deportivo La Coruña,2026-09-05T19:00:00Z,1X2 - Home,0.2431,,,,1.28,2.0,10.33,4.93,poisson_baseline_v0
baa314c1,2026-09-04T10:18:23.023933,564662,Primera Division,Villarreal CF,RC Deportivo La Coruña,2026-09-05T19:00:00Z,1X2 - Draw,0.2165,,,,1.28,2.0,10.33,4.93,poisson_baseline_v0
35b785a5,2026-09-04T10:18:23.023933,564662,Primera Division,Villarreal CF,RC Deportivo La Coruña,2026-09-05T19:00:00Z,1X2 - Away,0.5401,,,,1.28,2.0,10.33,4.93,poisson_baseline_v0
cc9ac34c,2026-09-04T10:18:23.023933,564662,Primera Division,Villarreal CF,RC Deportivo La Coruña,2026-09-05T19:00:00Z,Over 2.5 goals,0.6356,,,,1.28,2.0,10.33,4.93,poisson_baseline_v0
42b4da13,2026-09-04T10:18:23.023933,564662,Primera Division,Villarreal CF,RC Deportivo La Coruña,2026-09-05T19:00:00Z,Under 2.5 goals,0.3644,,,,1.28,2.0,10.33,4.93,poisson_baseline_v0
0d21a30c,2026-09-04T22:53:37.251514,565791,Bundesliga,VfB Stuttgart,1. FC Köln,2026-09-04T18:30:00Z,1X2 - Home,0.567,,,,2.93,2.02,10.3,4.27,poisson_baseline_v0
d264b155,2026-09-04T22:53:37.251514,565791,Bundesliga,VfB Stuttgart,1. FC Köln,2026-09-04T18:30:00Z,1X2 - Draw,0.171,,,,2.93,2.02,10.3,4.27,poisson_baseline_v0
697295c2,2026-09-04T22:53:37.251514,565791,Bundesliga,VfB Stuttgart,1. FC Köln,2026-09-04T18:30:00Z,1X2 - Away,0.2585,,,,2.93,2.02,10.3,4.27,poisson_baseline_v0
0ecc4d45,2026-09-04T22:53:37.251514,565791,Bundesliga,VfB Stuttgart,1. FC Köln,2026-09-04T18:30:00Z,Over 2.5 goals,0.868,,,,2.93,2.02,10.3,4.27,poisson_baseline_v0
b28c55bc,2026-09-04T22:53:37.251514,565791,Bundesliga,VfB Stuttgart,1. FC Köln,2026-09-04T18:30:00Z,Under 2.5 goals,0.132,,,,2.93,2.02,10.3,4.27,poisson_baseline_v0
46a583ae,2026-09-04T22:53:37.251514,558609,Serie A,Genoa CFC,Como 1907,2026-09-04T18:45:00Z,1X2 - Home,0.0875,,,,0.44,1.74,8.13,2.6,poisson_baseline_v0
5e20fd38,2026-09-04T22:53:37.251514,558609,Serie A,Genoa CFC,Como 1907,2026-09-04T18:45:00Z,1X2 - Draw,0.2182,,,,0.44,1.74,8.13,2.6,poisson_baseline_v0
314a4653,2026-09-04T22:53:37.251514,558609,Serie A,Genoa CFC,Como 1907,2026-09-04T18:45:00Z,1X2 - Away,0.6942,,,,0.44,1.74,8.13,2.6,poisson_baseline_v0
04493504,2026-09-04T22:53:37.251514,558609,Serie A,Genoa CFC,Como 1907,2026-09-04T18:45:00Z,Over 2.5 goals,0.3701,,,,0.44,1.74,8.13,2.6,poisson_baseline_v0
e1cd8a2e,2026-09-04T22:53:37.251514,558609,Serie A,Genoa CFC,Como 1907,2026-09-04T18:45:00Z,Under 2.5 goals,0.6299,,,,0.44,1.74,8.13,2.6,poisson_baseline_v0
2a9522c0,2026-09-04T22:53:37.251514,564667,Primera Division,Real Betis Balompié,Real Madrid CF,2026-09-04T19:00:00Z,1X2 - Home,0.104,,,,0.96,2.77,9.6,3.67,poisson_baseline_v0
23c4f93b,2026-09-04T22:53:37.251514,564667,Primera Division,Real Betis Balompié,Real Madrid CF,2026-09-04T19:00:00Z,1X2 - Draw,0.1453,,,,0.96,2.77,9.6,3.67,poisson_baseline_v0
758faf8d,2026-09-04T22:53:37.251514,564667,Primera Division,Real Betis Balompié,Real Madrid CF,2026-09-04T19:00:00Z,1X2 - Away,0.7485,,,,0.96,2.77,9.6,3.67,poisson_baseline_v0
10b7af34,2026-09-04T22:53:37.251514,564667,Primera Division,Real Betis Balompié,Real Madrid CF,2026-09-04T19:00:00Z,Over 2.5 goals,0.7169,,,,0.96,2.77,9.6,3.67,poisson_baseline_v0
dbaf762f,2026-09-04T22:53:37.251514,564667,Primera Division,Real Betis Balompié,Real Madrid CF,2026-09-04T19:00:00Z,Under 2.5 goals,0.2831,,,,0.96,2.77,9.6,3.67,poisson_baseline_v0
e578ea9f,2026-09-04T22:53:37.251514,560566,Premier League,Ipswich Town FC,Liverpool FC,2026-09-04T19:00:00Z,1X2 - Home,0.0742,,,,1.07,3.49,10.37,3.67,poisson_baseline_v0
2c686eda,2026-09-04T22:53:37.251514,560566,Premier League,Ipswich Town FC,Liverpool FC,2026-09-04T19:00:00Z,1X2 - Draw,0.105,,,,1.07,3.49,10.37,3.67,poisson_baseline_v0
bb0459fc,2026-09-04T22:53:37.251514,560566,Premier League,Ipswich Town FC,Liverpool FC,2026-09-04T19:00:00Z,1X2 - Away,0.811,,,,1.07,3.49,10.37,3.67,poisson_baseline_v0
bc312b49,2026-09-04T22:53:37.251514,560566,Premier League,Ipswich Town FC,Liverpool FC,2026-09-04T19:00:00Z,Over 2.5 goals,0.8235,,,,1.07,3.49,10.37,3.67,poisson_baseline_v0
74b16073,2026-09-04T22:53:37.251514,560566,Premier League,Ipswich Town FC,Liverpool FC,2026-09-04T19:00:00Z,Under 2.5 goals,0.1765,,,,1.07,3.49,10.37,3.67,poisson_baseline_v0
837d5126,2026-09-04T22:53:37.251514,559697,Ligue 1,Paris Saint-Germain FC,AS Monaco FC,2026-09-04T19:05:00Z,1X2 - Home,0.3863,,,,1.86,1.89,9.93,3.47,poisson_baseline_v0
975c70d7,2026-09-04T22:53:37.251514,559697,Ligue 1,Paris Saint-Germain FC,AS Monaco FC,2026-09-04T19:05:00Z,1X2 - Draw,0.2145,,,,1.86,1.89,9.93,3.47,poisson_baseline_v0
a1e8132c,2026-09-04T22:53:37.251514,559697,Ligue 1,Paris Saint-Germain FC,AS Monaco FC,2026-09-04T19:05:00Z,1X2 - Away,0.3989,,,,1.86,1.89,9.93,3.47,poisson_baseline_v0
2e841ab1,2026-09-04T22:53:37.251514,559697,Ligue 1,Paris Saint-Germain FC,AS Monaco FC,2026-09-04T19:05:00Z,Over 2.5 goals,0.7223,,,,1.86,1.89,9.93,3.47,poisson_baseline_v0
fc0a2115,2026-09-04T22:53:37.251514,559697,Ligue 1,Paris Saint-Germain FC,AS Monaco FC,2026-09-04T19:05:00Z,Under 2.5 goals,0.2777,,,,1.86,1.89,9.93,3.47,poisson_baseline_v0
f8bfb525,2026-09-04T22:53:37.251514,560571,Premier League,Newcastle United FC,AFC Bournemouth,2026-09-05T11:30:00Z,1X2 - Home,0.2255,,,,0.82,1.36,10.33,4.8,poisson_baseline_v0
f31439cc,2026-09-04T22:53:37.251514,560571,Premier League,Newcastle United FC,AFC Bournemouth,2026-09-05T11:30:00Z,1X2 - Draw,0.2792,,,,0.82,1.36,10.33,4.8,poisson_baseline_v0
0f0f8aa0,2026-09-04T22:53:37.251514,560571,Premier League,Newcastle United FC,AFC Bournemouth,2026-09-05T11:30:00Z,1X2 - Away,0.4953,,,,0.82,1.36,10.33,4.8,poisson_baseline_v0
988d7edf,2026-09-04T22:53:37.251514,560571,Premier League,Newcastle United FC,AFC Bournemouth,2026-09-05T11:30:00Z,Over 2.5 goals,0.3708,,,,0.82,1.36,10.33,4.8,poisson_baseline_v0
22bf6dd0,2026-09-04T22:53:37.251514,560571,Premier League,Newcastle United FC,AFC Bournemouth,2026-09-05T11:30:00Z,Under 2.5 goals,0.6292,,,,0.82,1.36,10.33,4.8,poisson_baseline_v0
0151970d,2026-09-04T22:53:37.251514,558616,Serie A,ACF Fiorentina,Torino FC,2026-09-05T13:00:00Z,1X2 - Home,0.2362,,,,0.84,1.33,8.57,4.07,poisson_baseline_v0
24e02f23,2026-09-04T22:53:37.251514,558616,Serie A,ACF Fiorentina,Torino FC,2026-09-05T13:00:00Z,1X2 - Draw,0.2821,,,,0.84,1.33,8.57,4.07,poisson_baseline_v0
2378f0d9,2026-09-04T22:53:37.251514,558616,Serie A,ACF Fiorentina,Torino FC,2026-09-05T13:00:00Z,1X2 - Away,0.4817,,,,0.84,1.33,8.57,4.07,poisson_baseline_v0
8a2daea6,2026-09-04T22:53:37.251514,558616,Serie A,ACF Fiorentina,Torino FC,2026-09-05T13:00:00Z,Over 2.5 goals,0.3694,,,,0.84,1.33,8.57,4.07,poisson_baseline_v0
ed16408e,2026-09-04T22:53:37.251514,558616,Serie A,ACF Fiorentina,Torino FC,2026-09-05T13:00:00Z,Under 2.5 goals,0.6306,,,,0.84,1.33,8.57,4.07,poisson_baseline_v0
ea46f24b,2026-09-04T22:53:37.251514,565785,Bundesliga,SV Werder Bremen,RB Leipzig,2026-09-05T13:30:00Z,1X2 - Home,0.0987,,,,0.81,2.53,9.27,4.0,poisson_baseline_v0
6925af4c,2026-09-04T22:53:37.251514,565785,Bundesliga,SV Werder Bremen,RB Leipzig,2026-09-05T13:30:00Z,1X2 - Draw,0.1551,,,,0.81,2.53,9.27,4.0,poisson_baseline_v0
e94ae9c3,2026-09-04T22:53:37.251514,565785,Bundesliga,SV Werder Bremen,RB Leipzig,2026-09-05T13:30:00Z,1X2 - Away,0.745,,,,0.81,2.53,9.27,4.0,poisson_baseline_v0
34612237,2026-09-04T22:53:37.251514,565785,Bundesliga,SV Werder Bremen,RB Leipzig,2026-09-05T13:30:00Z,Over 2.5 goals,0.6479,,,,0.81,2.53,9.27,4.0,poisson_baseline_v0
db9d101a,2026-09-04T22:53:37.251514,565785,Bundesliga,SV Werder Bremen,RB Leipzig,2026-09-05T13:30:00Z,Under 2.5 goals,0.3521,,,,0.81,2.53,9.27,4.0,poisson_baseline_v0
73d8323d,2026-09-04T22:53:37.251514,565793,Bundesliga,SC Paderborn 07,SC Freiburg,2026-09-05T13:30:00Z,1X2 - Home,0.1105,,,,0.76,2.26,9.9,4.13,poisson_baseline_v0
c6d86727,2026-09-04T22:53:37.251514,565793,Bundesliga,SC Paderborn 07,SC Freiburg,2026-09-05T13:30:00Z,1X2 - Draw,0.1764,,,,0.76,2.26,9.9,4.13,poisson_baseline_v0
01ad1c06,2026-09-04T22:53:37.251514,565793,Bundesliga,SC Paderborn 07,SC Freiburg,2026-09-05T13:30:00Z,1X2 - Away,0.7125,,,,0.76,2.26,9.9,4.13,poisson_baseline_v0
9d5bace3,2026-09-04T22:53:37.251514,565793,Bundesliga,SC Paderborn 07,SC Freiburg,2026-09-05T13:30:00Z,Over 2.5 goals,0.5812,,,,0.76,2.26,9.9,4.13,poisson_baseline_v0
8fefd555,2026-09-04T22:53:37.251514,565793,Bundesliga,SC Paderborn 07,SC Freiburg,2026-09-05T13:30:00Z,Under 2.5 goals,0.4188,,,,0.76,2.26,9.9,4.13,poisson_baseline_v0
99859998,2026-09-04T22:53:37.251514,565790,Bundesliga,Bayer 04 Leverkusen,1. FC Union Berlin,2026-09-05T13:30:00Z,1X2 - Home,0.5179,,,,2.21,1.59,9.63,3.87,poisson_baseline_v0
d7a073fb,2026-09-04T22:53:37.251514,565790,Bundesliga,Bayer 04 Leverkusen,1. FC Union Berlin,2026-09-05T13:30:00Z,1X2 - Draw,0.2041,,,,2.21,1.59,9.63,3.87,poisson_baseline_v0
73757e63,2026-09-04T22:53:37.251514,565790,Bundesliga,Bayer 04 Leverkusen,1. FC Union Berlin,2026-09-05T13:30:00Z,1X2 - Away,0.2775,,,,2.21,1.59,9.63,3.87,poisson_baseline_v0
a5cbc125,2026-09-04T22:53:37.251514,565790,Bundesliga,Bayer 04 Leverkusen,1. FC Union Berlin,2026-09-05T13:30:00Z,Over 2.5 goals,0.7295,,,,2.21,1.59,9.63,3.87,poisson_baseline_v0
78972204,2026-09-04T22:53:37.251514,565790,Bundesliga,Bayer 04 Leverkusen,1. FC Union Berlin,2026-09-05T13:30:00Z,Under 2.5 goals,0.2705,,,,2.21,1.59,9.63,3.87,poisson_baseline_v0
8b25c12e,2026-09-04T22:53:37.251514,565792,Bundesliga,Borussia Mönchengladbach,SV 07 Elversberg,2026-09-05T13:30:00Z,1X2 - Home,0.1259,,,,1.37,3.25,7.4,5.6,poisson_baseline_v0
9db1ba33,2026-09-04T22:53:37.251514,565792,Bundesliga,Borussia Mönchengladbach,SV 07 Elversberg,2026-09-05T13:30:00Z,1X2 - Draw,0.135,,,,1.37,3.25,7.4,5.6,poisson_baseline_v0
f8ca28d0,2026-09-04T22:53:37.251514,565792,Bundesliga,Borussia Mönchengladbach,SV 07 Elversberg,2026-09-05T13:30:00Z,1X2 - Away,0.7328,,,,1.37,3.25,7.4,5.6,poisson_baseline_v0
7a3e1bfa,2026-09-04T22:53:37.251514,565792,Bundesliga,Borussia Mönchengladbach,SV 07 Elversberg,2026-09-05T13:30:00Z,Over 2.5 goals,0.8333,,,,1.37,3.25,7.4,5.6,poisson_baseline_v0
ed4e26d7,2026-09-04T22:53:37.251514,565792,Bundesliga,Borussia Mönchengladbach,SV 07 Elversberg,2026-09-05T13:30:00Z,Under 2.5 goals,0.1667,,,,1.37,3.25,7.4,5.6,poisson_baseline_v0
61ad0f5e,2026-09-04T22:53:37.251514,565787,Bundesliga,TSG 1899 Hoffenheim,Borussia Dortmund,2026-09-05T13:30:00Z,1X2 - Home,0.0766,,,,0.91,3.11,9.7,4.67,poisson_baseline_v0
c549dae2,2026-09-04T22:53:37.251514,565787,Bundesliga,TSG 1899 Hoffenheim,Borussia Dortmund,2026-09-05T13:30:00Z,1X2 - Draw,0.1183,,,,0.91,3.11,9.7,4.67,poisson_baseline_v0
5f1ccbd4,2026-09-04T22:53:37.251514,565787,Bundesliga,TSG 1899 Hoffenheim,Borussia Dortmund,2026-09-05T13:30:00Z,1X2 - Away,0.8003,,,,0.91,3.11,9.7,4.67,poisson_baseline_v0
1f812fcc,2026-09-04T22:53:37.251514,565787,Bundesliga,TSG 1899 Hoffenheim,Borussia Dortmund,2026-09-05T13:30:00Z,Over 2.5 goals,0.7612,,,,0.91,3.11,9.7,4.67,poisson_baseline_v0
5b610bd7,2026-09-04T22:53:37.251514,565787,Bundesliga,TSG 1899 Hoffenheim,Borussia Dortmund,2026-09-05T13:30:00Z,Under 2.5 goals,0.2388,,,,0.91,3.11,9.7,4.67,poisson_baseline_v0
16fe139f,2026-09-04T22:53:37.251514,560562,Premier League,Nottingham Forest FC,Tottenham Hotspur FC,2026-09-05T14:00:00Z,1X2 - Home,0.6629,,,,1.93,0.71,9.93,4.47,poisson_baseline_v0
a834495b,2026-09-04T22:53:37.251514,560562,Premier League,Nottingham Forest FC,Tottenham Hotspur FC,2026-09-05T14:00:00Z,1X2 - Draw,0.2082,,,,1.93,0.71,9.93,4.47,poisson_baseline_v0
94321c79,2026-09-04T22:53:37.251514,560562,Premier League,Nottingham Forest FC,Tottenham Hotspur FC,2026-09-05T14:00:00Z,1X2 - Away,0.1288,,,,1.93,0.71,9.93,4.47,poisson_baseline_v0
dfa433e7,2026-09-04T22:53:37.251514,560562,Premier League,Nottingham Forest FC,Tottenham Hotspur FC,2026-09-05T14:00:00Z,Over 2.5 goals,0.4908,,,,1.93,0.71,9.93,4.47,poisson_baseline_v0
b12e6fe3,2026-09-04T22:53:37.251514,560562,Premier League,Nottingham Forest FC,Tottenham Hotspur FC,2026-09-05T14:00:00Z,Under 2.5 goals,0.5092,,,,1.93,0.71,9.93,4.47,poisson_baseline_v0
02bdd599,2026-09-04T22:53:37.251514,560564,Premier League,Brighton & Hove Albion FC,Leeds United FC,2026-09-05T14:00:00Z,1X2 - Home,0.3494,,,,1.0,0.98,10.03,3.93,poisson_baseline_v0
1e05f8ce,2026-09-04T22:53:37.251514,560564,Premier League,Brighton & Hove Albion FC,Leeds United FC,2026-09-05T14:00:00Z,1X2 - Draw,0.31,,,,1.0,0.98,10.03,3.93,poisson_baseline_v0
129e8751,2026-09-04T22:53:37.251514,560564,Premier League,Brighton & Hove Albion FC,Leeds United FC,2026-09-05T14:00:00Z,1X2 - Away,0.3407,,,,1.0,0.98,10.03,3.93,poisson_baseline_v0
6a5ca833,2026-09-04T22:53:37.251514,560564,Premier League,Brighton & Hove Albion FC,Leeds United FC,2026-09-05T14:00:00Z,Over 2.5 goals,0.3191,,,,1.0,0.98,10.03,3.93,poisson_baseline_v0
e2fcfe40,2026-09-04T22:53:37.251514,560564,Premier League,Brighton & Hove Albion FC,Leeds United FC,2026-09-05T14:00:00Z,Under 2.5 goals,0.6809,,,,1.0,0.98,10.03,3.93,poisson_baseline_v0
3aa9846d,2026-09-04T22:53:37.251514,560568,Premier League,Fulham FC,Crystal Palace FC,2026-09-05T14:00:00Z,1X2 - Home,0.3867,,,,1.12,0.98,10.03,3.8,poisson_baseline_v0
3afb0ab3,2026-09-04T22:53:37.251514,560568,Premier League,Fulham FC,Crystal Palace FC,2026-09-05T14:00:00Z,1X2 - Draw,0.2985,,,,1.12,0.98,10.03,3.8,poisson_baseline_v0
8e30aa4e,2026-09-04T22:53:37.251514,560568,Premier League,Fulham FC,Crystal Palace FC,2026-09-05T14:00:00Z,1X2 - Away,0.3149,,,,1.12,0.98,10.03,3.8,poisson_baseline_v0
5102b576,2026-09-04T22:53:37.251514,560568,Premier League,Fulham FC,Crystal Palace FC,2026-09-05T14:00:00Z,Over 2.5 goals,0.3506,,,,1.12,0.98,10.03,3.8,poisson_baseline_v0
ff7f182c,2026-09-04T22:53:37.251514,560568,Premier League,Fulham FC,Crystal Palace FC,2026-09-05T14:00:00Z,Under 2.5 goals,0.6494,,,,1.12,0.98,10.03,3.8,poisson_baseline_v0
daef401c,2026-09-04T22:53:37.251514,560563,Premier League,Manchester City FC,Coventry City FC,2026-09-05T14:00:00Z,1X2 - Home,0.7644,,,,2.74,0.87,10.37,2.6,poisson_baseline_v0
f297a0c8,2026-09-04T22:53:37.251514,560563,Premier League,Manchester City FC,Coventry City FC,2026-09-05T14:00:00Z,1X2 - Draw,0.1413,,,,2.74,0.87,10.37,2.6,poisson_baseline_v0
29bf965e,2026-09-04T22:53:37.251514,560563,Premier League,Manchester City FC,Coventry City FC,2026-09-05T14:00:00Z,1X2 - Away,0.0922,,,,2.74,0.87,10.37,2.6,poisson_baseline_v0
73c52e10,2026-09-04T22:53:37.251514,560563,Premier League,Manchester City FC,Coventry City FC,2026-09-05T14:00:00Z,Over 2.5 goals,0.697,,,,2.74,0.87,10.37,2.6,poisson_baseline_v0
7f1cff2a,2026-09-04T22:53:37.251514,560563,Premier League,Manchester City FC,Coventry City FC,2026-09-05T14:00:00Z,Under 2.5 goals,0.303,,,,2.74,0.87,10.37,2.6,poisson_baseline_v0
86e78da4,2026-09-04T22:53:37.251514,560565,Premier League,Brentford FC,Sunderland AFC,2026-09-05T14:00:00Z,1X2 - Home,0.3833,,,,1.2,1.1,10.27,3.93,poisson_baseline_v0
a3f1e2dd,2026-09-04T22:53:37.251514,560565,Premier League,Brentford FC,Sunderland AFC,2026-09-05T14:00:00Z,1X2 - Draw,0.2832,,,,1.2,1.1,10.27,3.93,poisson_baseline_v0
d2991f97,2026-09-04T22:53:37.251514,560565,Premier League,Brentford FC,Sunderland AFC,2026-09-05T14:00:00Z,1X2 - Away,0.3335,,,,1.2,1.1,10.27,3.93,poisson_baseline_v0
ba31f462,2026-09-04T22:53:37.251514,560565,Premier League,Brentford FC,Sunderland AFC,2026-09-05T14:00:00Z,Over 2.5 goals,0.404,,,,1.2,1.1,10.27,3.93,poisson_baseline_v0
6d9d5bb6,2026-09-04T22:53:37.251514,560565,Premier League,Brentford FC,Sunderland AFC,2026-09-05T14:00:00Z,Under 2.5 goals,0.596,,,,1.2,1.1,10.27,3.93,poisson_baseline_v0
b172d136,2026-09-04T22:53:37.251514,564663,Primera Division,Athletic Club,Club Atlético de Madrid,2026-09-05T14:15:00Z,1X2 - Home,0.1327,,,,1.17,2.8,10.6,5.13,poisson_baseline_v0
5ccf2285,2026-09-04T22:53:37.251514,564663,Primera Division,Athletic Club,Club Atlético de Madrid,2026-09-05T14:15:00Z,1X2 - Draw,0.1539,,,,1.17,2.8,10.6,5.13,poisson_baseline_v0
a64d62ba,2026-09-04T22:53:37.251514,564663,Primera Division,Athletic Club,Club Atlético de Madrid,2026-09-05T14:15:00Z,1X2 - Away,0.711,,,,1.17,2.8,10.6,5.13,poisson_baseline_v0
f381599f,2026-09-04T22:53:37.251514,564663,Primera Division,Athletic Club,Club Atlético de Madrid,2026-09-05T14:15:00Z,Over 2.5 goals,0.7556,,,,1.17,2.8,10.6,5.13,poisson_baseline_v0
97872efa,2026-09-04T22:53:37.251514,564663,Primera Division,Athletic Club,Club Atlético de Madrid,2026-09-05T14:15:00Z,Under 2.5 goals,0.2444,,,,1.17,2.8,10.6,5.13,poisson_baseline_v0
970037b1,2026-09-04T22:53:37.251514,559695,Ligue 1,Racing Club de Lens,FC Lorient,2026-09-05T15:15:00Z,1X2 - Home,0.4593,,,,2.06,1.74,10.33,3.07,poisson_baseline_v0
8440594b,2026-09-04T22:53:37.251514,559695,Ligue 1,Racing Club de Lens,FC Lorient,2026-09-05T15:15:00Z,1X2 - Draw,0.2103,,,,2.06,1.74,10.33,3.07,poisson_baseline_v0
f30be0d5,2026-09-04T22:53:37.251514,559695,Ligue 1,Racing Club de Lens,FC Lorient,2026-09-05T15:15:00Z,1X2 - Away,0.33,,,,2.06,1.74,10.33,3.07,poisson_baseline_v0
aef77f44,2026-09-04T22:53:37.251514,559695,Ligue 1,Racing Club de Lens,FC Lorient,2026-09-05T15:15:00Z,Over 2.5 goals,0.7307,,,,2.06,1.74,10.33,3.07,poisson_baseline_v0
360d86f7,2026-09-04T22:53:37.251514,559695,Ligue 1,Racing Club de Lens,FC Lorient,2026-09-05T15:15:00Z,Under 2.5 goals,0.2693,,,,2.06,1.74,10.33,3.07,poisson_baseline_v0
12a14cd3,2026-09-04T22:53:37.251514,558614,Serie A,FC Internazionale Milano,SSC Napoli,2026-09-05T16:00:00Z,1X2 - Home,0.3981,,,,1.35,1.21,9.0,2.87,poisson_baseline_v0
3bfb2ead,2026-09-04T22:53:37.251514,558614,Serie A,FC Internazionale Milano,SSC Napoli,2026-09-05T16:00:00Z,1X2 - Draw,0.2656,,,,1.35,1.21,9.0,2.87,poisson_baseline_v0
df44bfcb,2026-09-04T22:53:37.251514,558614,Serie A,FC Internazionale Milano,SSC Napoli,2026-09-05T16:00:00Z,1X2 - Away,0.3363,,,,1.35,1.21,9.0,2.87,poisson_baseline_v0
804e905a,2026-09-04T22:53:37.251514,558614,Serie A,FC Internazionale Milano,SSC Napoli,2026-09-05T16:00:00Z,Over 2.5 goals,0.4714,,,,1.35,1.21,9.0,2.87,poisson_baseline_v0
54918565,2026-09-04T22:53:37.251514,558614,Serie A,FC Internazionale Milano,SSC Napoli,2026-09-05T16:00:00Z,Under 2.5 goals,0.5286,,,,1.35,1.21,9.0,2.87,poisson_baseline_v0
86167b8a,2026-09-04T22:53:37.251514,560569,Premier League,Hull City AFC,Aston Villa FC,2026-09-05T16:30:00Z,1X2 - Home,0.4698,,,,1.74,1.33,8.62,5.0,poisson_baseline_v0
62f4536a,2026-09-04T22:53:37.251514,560569,Premier League,Hull City AFC,Aston Villa FC,2026-09-05T16:30:00Z,1X2 - Draw,0.2347,,,,1.74,1.33,8.62,5.0,poisson_baseline_v0
a93bdc76,2026-09-04T22:53:37.251514,560569,Premier League,Hull City AFC,Aston Villa FC,2026-09-05T16:30:00Z,1X2 - Away,0.2954,,,,1.74,1.33,8.62,5.0,poisson_baseline_v0
7178057d,2026-09-04T22:53:37.251514,560569,Premier League,Hull City AFC,Aston Villa FC,2026-09-05T16:30:00Z,Over 2.5 goals,0.5922,,,,1.74,1.33,8.62,5.0,poisson_baseline_v0
2bb4fb68,2026-09-04T22:53:37.251514,560569,Premier League,Hull City AFC,Aston Villa FC,2026-09-05T16:30:00Z,Under 2.5 goals,0.4078,,,,1.74,1.33,8.62,5.0,poisson_baseline_v0
838916aa,2026-09-04T22:53:37.251514,565789,Bundesliga,FC Schalke 04,FC Bayern München,2026-09-05T16:30:00Z,1X2 - Home,0.0169,,,,1.01,5.49,11.03,3.67,poisson_baseline_v0
fc93684d,2026-09-04T22:53:37.251514,565789,Bundesliga,FC Schalke 04,FC Bayern München,2026-09-05T16:30:00Z,1X2 - Draw,0.0318,,,,1.01,5.49,11.03,3.67,poisson_baseline_v0
8cf0f5dd,2026-09-04T22:53:37.251514,565789,Bundesliga,FC Schalke 04,FC Bayern München,2026-09-05T16:30:00Z,1X2 - Away,0.8466,,,,1.01,5.49,11.03,3.67,poisson_baseline_v0
6256942b,2026-09-04T22:53:37.251514,565789,Bundesliga,FC Schalke 04,FC Bayern München,2026-09-05T16:30:00Z,Over 2.5 goals,0.8523,,,,1.01,5.49,11.03,3.67,poisson_baseline_v0
f5c1630f,2026-09-04T22:53:37.251514,565789,Bundesliga,FC Schalke 04,FC Bayern München,2026-09-05T16:30:00Z,Under 2.5 goals,0.1477,,,,1.01,5.49,11.03,3.67,poisson_baseline_v0
62d39f45,2026-09-04T22:53:37.251514,564660,Primera Division,Rayo Vallecano de Madrid,Real Racing Club de Santander,2026-09-05T16:30:00Z,1X2 - Home,0.2795,,,,1.45,2.0,12.97,5.27,poisson_baseline_v0
16ca2ccd,2026-09-04T22:53:37.251514,564660,Primera Division,Rayo Vallecano de Madrid,Real Racing Club de Santander,2026-09-05T16:30:00Z,1X2 - Draw,0.2167,,,,1.45,2.0,12.97,5.27,poisson_baseline_v0
6bf4d579,2026-09-04T22:53:37.251514,564660,Primera Division,Rayo Vallecano de Madrid,Real Racing Club de Santander,2026-09-05T16:30:00Z,1X2 - Away,0.5036,,,,1.45,2.0,12.97,5.27,poisson_baseline_v0
f11eaba7,2026-09-04T22:53:37.251514,564660,Primera Division,Rayo Vallecano de Madrid,Real Racing Club de Santander,2026-09-05T16:30:00Z,Over 2.5 goals,0.6685,,,,1.45,2.0,12.97,5.27,poisson_baseline_v0
139e1f8a,2026-09-04T22:53:37.251514,564660,Primera Division,Rayo Vallecano de Madrid,Real Racing Club de Santander,2026-09-05T16:30:00Z,Under 2.5 goals,0.3315,,,,1.45,2.0,12.97,5.27,poisson_baseline_v0
4a4106aa,2026-09-04T22:53:37.251514,558611,Serie A,AS Roma,Atalanta BC,2026-09-05T18:45:00Z,1X2 - Home,0.5371,1.79,0.5587,-0.0216,1.75,1.06,8.67,3.27,poisson_baseline_v0
9bbdd076,2026-09-04T22:53:37.251514,558611,Serie A,AS Roma,Atalanta BC,2026-09-05T18:45:00Z,1X2 - Draw,0.2354,4.0,0.25,-0.0146,1.75,1.06,8.67,3.27,poisson_baseline_v0
f1fee845,2026-09-04T22:53:37.251514,558611,Serie A,AS Roma,Atalanta BC,2026-09-05T18:45:00Z,1X2 - Away,0.2275,5.3,0.1887,0.0388,1.75,1.06,8.67,3.27,poisson_baseline_v0
7d766fe8,2026-09-04T22:53:37.251514,558611,Serie A,AS Roma,Atalanta BC,2026-09-05T18:45:00Z,Over 2.5 goals,0.5326,1.96,0.5102,0.0224,1.75,1.06,8.67,3.27,poisson_baseline_v0
0066469f,2026-09-04T22:53:37.251514,558611,Serie A,AS Roma,Atalanta BC,2026-09-05T18:45:00Z,Under 2.5 goals,0.4674,2.04,0.4902,-0.0228,1.75,1.06,8.67,3.27,poisson_baseline_v0
f7a0fb6a,2026-09-04T22:53:37.251514,559701,Ligue 1,OGC Nice,Le Mans FC,2026-09-05T18:45:00Z,1X2 - Home,0.1322,,,,1.11,2.69,11.58,4.1,poisson_baseline_v0
844deba2,2026-09-04T22:53:37.251514,559701,Ligue 1,OGC Nice,Le Mans FC,2026-09-05T18:45:00Z,1X2 - Draw,0.1589,,,,1.11,2.69,11.58,4.1,poisson_baseline_v0
e48d2394,2026-09-04T22:53:37.251514,559701,Ligue 1,OGC Nice,Le Mans FC,2026-09-05T18:45:00Z,1X2 - Away,0.707,,,,1.11,2.69,11.58,4.1,poisson_baseline_v0
23d3f0a8,2026-09-04T22:53:37.251514,559701,Ligue 1,OGC Nice,Le Mans FC,2026-09-05T18:45:00Z,Over 2.5 goals,0.7285,,,,1.11,2.69,11.58,4.1,poisson_baseline_v0
7450493a,2026-09-04T22:53:37.251514,559701,Ligue 1,OGC Nice,Le Mans FC,2026-09-05T18:45:00Z,Under 2.5 goals,0.2715,,,,1.11,2.69,11.58,4.1,poisson_baseline_v0
acfaca50,2026-09-04T22:53:37.251514,564662,Primera Division,Villarreal CF,RC Deportivo La Coruña,2026-09-05T19:00:00Z,1X2 - Home,0.2431,,,,1.28,2.0,10.33,4.93,poisson_baseline_v0
968c4aa0,2026-09-04T22:53:37.251514,564662,Primera Division,Villarreal CF,RC Deportivo La Coruña,2026-09-05T19:00:00Z,1X2 - Draw,0.2165,,,,1.28,2.0,10.33,4.93,poisson_baseline_v0
2b951946,2026-09-04T22:53:37.251514,564662,Primera Division,Villarreal CF,RC Deportivo La Coruña,2026-09-05T19:00:00Z,1X2 - Away,0.5401,,,,1.28,2.0,10.33,4.93,poisson_baseline_v0
6f8c2c15,2026-09-04T22:53:37.251514,564662,Primera Division,Villarreal CF,RC Deportivo La Coruña,2026-09-05T19:00:00Z,Over 2.5 goals,0.6356,,,,1.28,2.0,10.33,4.93,poisson_baseline_v0
b33b34ce,2026-09-04T22:53:37.251514,564662,Primera Division,Villarreal CF,RC Deportivo La Coruña,2026-09-05T19:00:00Z,Under 2.5 goals,0.3644,,,,1.28,2.0,10.33,4.93,poisson_baseline_v0
760a09c2,2026-09-04T23:09:54.230332,565791,Bundesliga,VfB Stuttgart,1. FC Köln,2026-09-04T18:30:00Z,1X2 - Home,0.567,,,,2.93,2.02,10.3,4.27,poisson_baseline_v0
ada80ee7,2026-09-04T23:09:54.230332,565791,Bundesliga,VfB Stuttgart,1. FC Köln,2026-09-04T18:30:00Z,1X2 - Draw,0.171,,,,2.93,2.02,10.3,4.27,poisson_baseline_v0
0aae8066,2026-09-04T23:09:54.230332,565791,Bundesliga,VfB Stuttgart,1. FC Köln,2026-09-04T18:30:00Z,1X2 - Away,0.2585,,,,2.93,2.02,10.3,4.27,poisson_baseline_v0
0616f899,2026-09-04T23:09:54.230332,565791,Bundesliga,VfB Stuttgart,1. FC Köln,2026-09-04T18:30:00Z,Over 2.5 goals,0.868,,,,2.93,2.02,10.3,4.27,poisson_baseline_v0
69f8bedc,2026-09-04T23:09:54.230332,565791,Bundesliga,VfB Stuttgart,1. FC Köln,2026-09-04T18:30:00Z,Under 2.5 goals,0.132,,,,2.93,2.02,10.3,4.27,poisson_baseline_v0
05f54982,2026-09-04T23:09:54.230332,558609,Serie A,Genoa CFC,Como 1907,2026-09-04T18:45:00Z,1X2 - Home,0.0875,,,,0.44,1.74,8.13,2.6,poisson_baseline_v0
e2e8a026,2026-09-04T23:09:54.230332,558609,Serie A,Genoa CFC,Como 1907,2026-09-04T18:45:00Z,1X2 - Draw,0.2182,,,,0.44,1.74,8.13,2.6,poisson_baseline_v0
581a304f,2026-09-04T23:09:54.230332,558609,Serie A,Genoa CFC,Como 1907,2026-09-04T18:45:00Z,1X2 - Away,0.6942,,,,0.44,1.74,8.13,2.6,poisson_baseline_v0
e929bc86,2026-09-04T23:09:54.230332,558609,Serie A,Genoa CFC,Como 1907,2026-09-04T18:45:00Z,Over 2.5 goals,0.3701,,,,0.44,1.74,8.13,2.6,poisson_baseline_v0
b542d788,2026-09-04T23:09:54.230332,558609,Serie A,Genoa CFC,Como 1907,2026-09-04T18:45:00Z,Under 2.5 goals,0.6299,,,,0.44,1.74,8.13,2.6,poisson_baseline_v0
dcd2e252,2026-09-04T23:09:54.230332,564667,Primera Division,Real Betis Balompié,Real Madrid CF,2026-09-04T19:00:00Z,1X2 - Home,0.104,,,,0.96,2.77,9.6,3.67,poisson_baseline_v0
35af62de,2026-09-04T23:09:54.230332,564667,Primera Division,Real Betis Balompié,Real Madrid CF,2026-09-04T19:00:00Z,1X2 - Draw,0.1453,,,,0.96,2.77,9.6,3.67,poisson_baseline_v0
2fa523ed,2026-09-04T23:09:54.230332,564667,Primera Division,Real Betis Balompié,Real Madrid CF,2026-09-04T19:00:00Z,1X2 - Away,0.7485,,,,0.96,2.77,9.6,3.67,poisson_baseline_v0
a9a1bc97,2026-09-04T23:09:54.230332,564667,Primera Division,Real Betis Balompié,Real Madrid CF,2026-09-04T19:00:00Z,Over 2.5 goals,0.7169,,,,0.96,2.77,9.6,3.67,poisson_baseline_v0
c8160942,2026-09-04T23:09:54.230332,564667,Primera Division,Real Betis Balompié,Real Madrid CF,2026-09-04T19:00:00Z,Under 2.5 goals,0.2831,,,,0.96,2.77,9.6,3.67,poisson_baseline_v0
74a64475,2026-09-04T23:09:54.230332,560566,Premier League,Ipswich Town FC,Liverpool FC,2026-09-04T19:00:00Z,1X2 - Home,0.0742,,,,1.07,3.49,10.37,3.67,poisson_baseline_v0
50c2cda0,2026-09-04T23:09:54.230332,560566,Premier League,Ipswich Town FC,Liverpool FC,2026-09-04T19:00:00Z,1X2 - Draw,0.105,,,,1.07,3.49,10.37,3.67,poisson_baseline_v0
05ee6e31,2026-09-04T23:09:54.230332,560566,Premier League,Ipswich Town FC,Liverpool FC,2026-09-04T19:00:00Z,1X2 - Away,0.811,,,,1.07,3.49,10.37,3.67,poisson_baseline_v0
231ff1e4,2026-09-04T23:09:54.230332,560566,Premier League,Ipswich Town FC,Liverpool FC,2026-09-04T19:00:00Z,Over 2.5 goals,0.8235,,,,1.07,3.49,10.37,3.67,poisson_baseline_v0
e3f353d3,2026-09-04T23:09:54.230332,560566,Premier League,Ipswich Town FC,Liverpool FC,2026-09-04T19:00:00Z,Under 2.5 goals,0.1765,,,,1.07,3.49,10.37,3.67,poisson_baseline_v0
3d950dd5,2026-09-04T23:09:54.230332,559697,Ligue 1,Paris Saint-Germain FC,AS Monaco FC,2026-09-04T19:05:00Z,1X2 - Home,0.3863,,,,1.86,1.89,9.93,3.47,poisson_baseline_v0
608d6d00,2026-09-04T23:09:54.230332,559697,Ligue 1,Paris Saint-Germain FC,AS Monaco FC,2026-09-04T19:05:00Z,1X2 - Draw,0.2145,,,,1.86,1.89,9.93,3.47,poisson_baseline_v0
f295cb25,2026-09-04T23:09:54.230332,559697,Ligue 1,Paris Saint-Germain FC,AS Monaco FC,2026-09-04T19:05:00Z,1X2 - Away,0.3989,,,,1.86,1.89,9.93,3.47,poisson_baseline_v0
a880f5a2,2026-09-04T23:09:54.230332,559697,Ligue 1,Paris Saint-Germain FC,AS Monaco FC,2026-09-04T19:05:00Z,Over 2.5 goals,0.7223,,,,1.86,1.89,9.93,3.47,poisson_baseline_v0
2c1ece69,2026-09-04T23:09:54.230332,559697,Ligue 1,Paris Saint-Germain FC,AS Monaco FC,2026-09-04T19:05:00Z,Under 2.5 goals,0.2777,,,,1.86,1.89,9.93,3.47,poisson_baseline_v0
71b4032d,2026-09-04T23:09:54.230332,560571,Premier League,Newcastle United FC,AFC Bournemouth,2026-09-05T11:30:00Z,1X2 - Home,0.2255,,,,0.82,1.36,10.33,4.8,poisson_baseline_v0
17852623,2026-09-04T23:09:54.230332,560571,Premier League,Newcastle United FC,AFC Bournemouth,2026-09-05T11:30:00Z,1X2 - Draw,0.2792,,,,0.82,1.36,10.33,4.8,poisson_baseline_v0
a34216e3,2026-09-04T23:09:54.230332,560571,Premier League,Newcastle United FC,AFC Bournemouth,2026-09-05T11:30:00Z,1X2 - Away,0.4953,,,,0.82,1.36,10.33,4.8,poisson_baseline_v0
7a9dae1b,2026-09-04T23:09:54.230332,560571,Premier League,Newcastle United FC,AFC Bournemouth,2026-09-05T11:30:00Z,Over 2.5 goals,0.3708,,,,0.82,1.36,10.33,4.8,poisson_baseline_v0
5b3710db,2026-09-04T23:09:54.230332,560571,Premier League,Newcastle United FC,AFC Bournemouth,2026-09-05T11:30:00Z,Under 2.5 goals,0.6292,,,,0.82,1.36,10.33,4.8,poisson_baseline_v0
5d019d63,2026-09-04T23:09:54.230332,558616,Serie A,ACF Fiorentina,Torino FC,2026-09-05T13:00:00Z,1X2 - Home,0.2362,,,,0.84,1.33,8.57,4.07,poisson_baseline_v0
c0791a04,2026-09-04T23:09:54.230332,558616,Serie A,ACF Fiorentina,Torino FC,2026-09-05T13:00:00Z,1X2 - Draw,0.2821,,,,0.84,1.33,8.57,4.07,poisson_baseline_v0
caa8d27d,2026-09-04T23:09:54.230332,558616,Serie A,ACF Fiorentina,Torino FC,2026-09-05T13:00:00Z,1X2 - Away,0.4817,,,,0.84,1.33,8.57,4.07,poisson_baseline_v0
73c30f6f,2026-09-04T23:09:54.230332,558616,Serie A,ACF Fiorentina,Torino FC,2026-09-05T13:00:00Z,Over 2.5 goals,0.3694,,,,0.84,1.33,8.57,4.07,poisson_baseline_v0
e97788e4,2026-09-04T23:09:54.230332,558616,Serie A,ACF Fiorentina,Torino FC,2026-09-05T13:00:00Z,Under 2.5 goals,0.6306,,,,0.84,1.33,8.57,4.07,poisson_baseline_v0
6cded4a8,2026-09-04T23:09:54.230332,565790,Bundesliga,Bayer 04 Leverkusen,1. FC Union Berlin,2026-09-05T13:30:00Z,1X2 - Home,0.5179,,,,2.21,1.59,9.63,3.87,poisson_baseline_v0
69de7a31,2026-09-04T23:09:54.230332,565790,Bundesliga,Bayer 04 Leverkusen,1. FC Union Berlin,2026-09-05T13:30:00Z,1X2 - Draw,0.2041,,,,2.21,1.59,9.63,3.87,poisson_baseline_v0
5e7a4bee,2026-09-04T23:09:54.230332,565790,Bundesliga,Bayer 04 Leverkusen,1. FC Union Berlin,2026-09-05T13:30:00Z,1X2 - Away,0.2775,,,,2.21,1.59,9.63,3.87,poisson_baseline_v0
66acc762,2026-09-04T23:09:54.230332,565790,Bundesliga,Bayer 04 Leverkusen,1. FC Union Berlin,2026-09-05T13:30:00Z,Over 2.5 goals,0.7295,,,,2.21,1.59,9.63,3.87,poisson_baseline_v0
5a562e65,2026-09-04T23:09:54.230332,565790,Bundesliga,Bayer 04 Leverkusen,1. FC Union Berlin,2026-09-05T13:30:00Z,Under 2.5 goals,0.2705,,,,2.21,1.59,9.63,3.87,poisson_baseline_v0
d0331e96,2026-09-04T23:09:54.230332,565792,Bundesliga,Borussia Mönchengladbach,SV 07 Elversberg,2026-09-05T13:30:00Z,1X2 - Home,0.1259,,,,1.37,3.25,7.4,5.6,poisson_baseline_v0
d6a2df2a,2026-09-04T23:09:54.230332,565792,Bundesliga,Borussia Mönchengladbach,SV 07 Elversberg,2026-09-05T13:30:00Z,1X2 - Draw,0.135,,,,1.37,3.25,7.4,5.6,poisson_baseline_v0
cb68f34f,2026-09-04T23:09:54.230332,565792,Bundesliga,Borussia Mönchengladbach,SV 07 Elversberg,2026-09-05T13:30:00Z,1X2 - Away,0.7328,,,,1.37,3.25,7.4,5.6,poisson_baseline_v0
59f8932e,2026-09-04T23:09:54.230332,565792,Bundesliga,Borussia Mönchengladbach,SV 07 Elversberg,2026-09-05T13:30:00Z,Over 2.5 goals,0.8333,,,,1.37,3.25,7.4,5.6,poisson_baseline_v0
84a919e2,2026-09-04T23:09:54.230332,565792,Bundesliga,Borussia Mönchengladbach,SV 07 Elversberg,2026-09-05T13:30:00Z,Under 2.5 goals,0.1667,,,,1.37,3.25,7.4,5.6,poisson_baseline_v0
40e53eb7,2026-09-04T23:09:54.230332,565787,Bundesliga,TSG 1899 Hoffenheim,Borussia Dortmund,2026-09-05T13:30:00Z,1X2 - Home,0.0766,,,,0.91,3.11,9.7,4.67,poisson_baseline_v0
2766ade7,2026-09-04T23:09:54.230332,565787,Bundesliga,TSG 1899 Hoffenheim,Borussia Dortmund,2026-09-05T13:30:00Z,1X2 - Draw,0.1183,,,,0.91,3.11,9.7,4.67,poisson_baseline_v0
10575117,2026-09-04T23:09:54.230332,565787,Bundesliga,TSG 1899 Hoffenheim,Borussia Dortmund,2026-09-05T13:30:00Z,1X2 - Away,0.8003,,,,0.91,3.11,9.7,4.67,poisson_baseline_v0
0d5b583a,2026-09-04T23:09:54.230332,565787,Bundesliga,TSG 1899 Hoffenheim,Borussia Dortmund,2026-09-05T13:30:00Z,Over 2.5 goals,0.7612,,,,0.91,3.11,9.7,4.67,poisson_baseline_v0
def9563c,2026-09-04T23:09:54.230332,565787,Bundesliga,TSG 1899 Hoffenheim,Borussia Dortmund,2026-09-05T13:30:00Z,Under 2.5 goals,0.2388,,,,0.91,3.11,9.7,4.67,poisson_baseline_v0
769c3b38,2026-09-04T23:09:54.230332,565785,Bundesliga,SV Werder Bremen,RB Leipzig,2026-09-05T13:30:00Z,1X2 - Home,0.0987,,,,0.81,2.53,9.27,4.0,poisson_baseline_v0
a097dcda,2026-09-04T23:09:54.230332,565785,Bundesliga,SV Werder Bremen,RB Leipzig,2026-09-05T13:30:00Z,1X2 - Draw,0.1551,,,,0.81,2.53,9.27,4.0,poisson_baseline_v0
edffca09,2026-09-04T23:09:54.230332,565785,Bundesliga,SV Werder Bremen,RB Leipzig,2026-09-05T13:30:00Z,1X2 - Away,0.745,,,,0.81,2.53,9.27,4.0,poisson_baseline_v0
1b076e3b,2026-09-04T23:09:54.230332,565785,Bundesliga,SV Werder Bremen,RB Leipzig,2026-09-05T13:30:00Z,Over 2.5 goals,0.6479,,,,0.81,2.53,9.27,4.0,poisson_baseline_v0
bc126547,2026-09-04T23:09:54.230332,565785,Bundesliga,SV Werder Bremen,RB Leipzig,2026-09-05T13:30:00Z,Under 2.5 goals,0.3521,,,,0.81,2.53,9.27,4.0,poisson_baseline_v0
4ff60d12,2026-09-04T23:09:54.230332,565793,Bundesliga,SC Paderborn 07,SC Freiburg,2026-09-05T13:30:00Z,1X2 - Home,0.1105,,,,0.76,2.26,9.9,4.13,poisson_baseline_v0
992aa642,2026-09-04T23:09:54.230332,565793,Bundesliga,SC Paderborn 07,SC Freiburg,2026-09-05T13:30:00Z,1X2 - Draw,0.1764,,,,0.76,2.26,9.9,4.13,poisson_baseline_v0
def1f7bc,2026-09-04T23:09:54.230332,565793,Bundesliga,SC Paderborn 07,SC Freiburg,2026-09-05T13:30:00Z,1X2 - Away,0.7125,,,,0.76,2.26,9.9,4.13,poisson_baseline_v0
e0b19d4b,2026-09-04T23:09:54.230332,565793,Bundesliga,SC Paderborn 07,SC Freiburg,2026-09-05T13:30:00Z,Over 2.5 goals,0.5812,,,,0.76,2.26,9.9,4.13,poisson_baseline_v0
e8c9892c,2026-09-04T23:09:54.230332,565793,Bundesliga,SC Paderborn 07,SC Freiburg,2026-09-05T13:30:00Z,Under 2.5 goals,0.4188,,,,0.76,2.26,9.9,4.13,poisson_baseline_v0
0517ab04,2026-09-04T23:09:54.230332,560568,Premier League,Fulham FC,Crystal Palace FC,2026-09-05T14:00:00Z,1X2 - Home,0.3867,,,,1.12,0.98,10.03,3.8,poisson_baseline_v0
7fe88004,2026-09-04T23:09:54.230332,560568,Premier League,Fulham FC,Crystal Palace FC,2026-09-05T14:00:00Z,1X2 - Draw,0.2985,,,,1.12,0.98,10.03,3.8,poisson_baseline_v0
3fbe7aa7,2026-09-04T23:09:54.230332,560568,Premier League,Fulham FC,Crystal Palace FC,2026-09-05T14:00:00Z,1X2 - Away,0.3149,,,,1.12,0.98,10.03,3.8,poisson_baseline_v0
e8f0a266,2026-09-04T23:09:54.230332,560568,Premier League,Fulham FC,Crystal Palace FC,2026-09-05T14:00:00Z,Over 2.5 goals,0.3506,,,,1.12,0.98,10.03,3.8,poisson_baseline_v0
79e7d39e,2026-09-04T23:09:54.230332,560568,Premier League,Fulham FC,Crystal Palace FC,2026-09-05T14:00:00Z,Under 2.5 goals,0.6494,,,,1.12,0.98,10.03,3.8,poisson_baseline_v0
fdac2fe7,2026-09-04T23:09:54.230332,560563,Premier League,Manchester City FC,Coventry City FC,2026-09-05T14:00:00Z,1X2 - Home,0.7644,,,,2.74,0.87,10.37,2.6,poisson_baseline_v0
8402d588,2026-09-04T23:09:54.230332,560563,Premier League,Manchester City FC,Coventry City FC,2026-09-05T14:00:00Z,1X2 - Draw,0.1413,,,,2.74,0.87,10.37,2.6,poisson_baseline_v0
cb2938dc,2026-09-04T23:09:54.230332,560563,Premier League,Manchester City FC,Coventry City FC,2026-09-05T14:00:00Z,1X2 - Away,0.0922,,,,2.74,0.87,10.37,2.6,poisson_baseline_v0
f5747c73,2026-09-04T23:09:54.230332,560563,Premier League,Manchester City FC,Coventry City FC,2026-09-05T14:00:00Z,Over 2.5 goals,0.697,,,,2.74,0.87,10.37,2.6,poisson_baseline_v0
f306bfe4,2026-09-04T23:09:54.230332,560563,Premier League,Manchester City FC,Coventry City FC,2026-09-05T14:00:00Z,Under 2.5 goals,0.303,,,,2.74,0.87,10.37,2.6,poisson_baseline_v0
14dd58c0,2026-09-04T23:09:54.230332,560565,Premier League,Brentford FC,Sunderland AFC,2026-09-05T14:00:00Z,1X2 - Home,0.3833,,,,1.2,1.1,10.27,3.93,poisson_baseline_v0
16491ba0,2026-09-04T23:09:54.230332,560565,Premier League,Brentford FC,Sunderland AFC,2026-09-05T14:00:00Z,1X2 - Draw,0.2832,,,,1.2,1.1,10.27,3.93,poisson_baseline_v0
caf31f5c,2026-09-04T23:09:54.230332,560565,Premier League,Brentford FC,Sunderland AFC,2026-09-05T14:00:00Z,1X2 - Away,0.3335,,,,1.2,1.1,10.27,3.93,poisson_baseline_v0
2260bc63,2026-09-04T23:09:54.230332,560565,Premier League,Brentford FC,Sunderland AFC,2026-09-05T14:00:00Z,Over 2.5 goals,0.404,,,,1.2,1.1,10.27,3.93,poisson_baseline_v0
5951e54d,2026-09-04T23:09:54.230332,560565,Premier League,Brentford FC,Sunderland AFC,2026-09-05T14:00:00Z,Under 2.5 goals,0.596,,,,1.2,1.1,10.27,3.93,poisson_baseline_v0
54c7f2eb,2026-09-04T23:09:54.230332,560562,Premier League,Nottingham Forest FC,Tottenham Hotspur FC,2026-09-05T14:00:00Z,1X2 - Home,0.6629,,,,1.93,0.71,9.93,4.47,poisson_baseline_v0
4904e751,2026-09-04T23:09:54.230332,560562,Premier League,Nottingham Forest FC,Tottenham Hotspur FC,2026-09-05T14:00:00Z,1X2 - Draw,0.2082,,,,1.93,0.71,9.93,4.47,poisson_baseline_v0
a214d6a9,2026-09-04T23:09:54.230332,560562,Premier League,Nottingham Forest FC,Tottenham Hotspur FC,2026-09-05T14:00:00Z,1X2 - Away,0.1288,,,,1.93,0.71,9.93,4.47,poisson_baseline_v0
dc3b70a3,2026-09-04T23:09:54.230332,560562,Premier League,Nottingham Forest FC,Tottenham Hotspur FC,2026-09-05T14:00:00Z,Over 2.5 goals,0.4908,,,,1.93,0.71,9.93,4.47,poisson_baseline_v0
ed86dce5,2026-09-04T23:09:54.230332,560562,Premier League,Nottingham Forest FC,Tottenham Hotspur FC,2026-09-05T14:00:00Z,Under 2.5 goals,0.5092,,,,1.93,0.71,9.93,4.47,poisson_baseline_v0
51572196,2026-09-04T23:09:54.230332,560564,Premier League,Brighton & Hove Albion FC,Leeds United FC,2026-09-05T14:00:00Z,1X2 - Home,0.3494,,,,1.0,0.98,10.03,3.93,poisson_baseline_v0
09915b86,2026-09-04T23:09:54.230332,560564,Premier League,Brighton & Hove Albion FC,Leeds United FC,2026-09-05T14:00:00Z,1X2 - Draw,0.31,,,,1.0,0.98,10.03,3.93,poisson_baseline_v0
4acd1de2,2026-09-04T23:09:54.230332,560564,Premier League,Brighton & Hove Albion FC,Leeds United FC,2026-09-05T14:00:00Z,1X2 - Away,0.3407,,,,1.0,0.98,10.03,3.93,poisson_baseline_v0
185b80fa,2026-09-04T23:09:54.230332,560564,Premier League,Brighton & Hove Albion FC,Leeds United FC,2026-09-05T14:00:00Z,Over 2.5 goals,0.3191,,,,1.0,0.98,10.03,3.93,poisson_baseline_v0
19d8d2c7,2026-09-04T23:09:54.230332,560564,Premier League,Brighton & Hove Albion FC,Leeds United FC,2026-09-05T14:00:00Z,Under 2.5 goals,0.6809,,,,1.0,0.98,10.03,3.93,poisson_baseline_v0
2f93a5c3,2026-09-04T23:09:54.230332,564663,Primera Division,Athletic Club,Club Atlético de Madrid,2026-09-05T14:15:00Z,1X2 - Home,0.1327,,,,1.17,2.8,10.6,5.13,poisson_baseline_v0
83f44b5f,2026-09-04T23:09:54.230332,564663,Primera Division,Athletic Club,Club Atlético de Madrid,2026-09-05T14:15:00Z,1X2 - Draw,0.1539,,,,1.17,2.8,10.6,5.13,poisson_baseline_v0
ae2fa8c2,2026-09-04T23:09:54.230332,564663,Primera Division,Athletic Club,Club Atlético de Madrid,2026-09-05T14:15:00Z,1X2 - Away,0.711,,,,1.17,2.8,10.6,5.13,poisson_baseline_v0
22e7a95e,2026-09-04T23:09:54.230332,564663,Primera Division,Athletic Club,Club Atlético de Madrid,2026-09-05T14:15:00Z,Over 2.5 goals,0.7556,,,,1.17,2.8,10.6,5.13,poisson_baseline_v0
9a1fc50b,2026-09-04T23:09:54.230332,564663,Primera Division,Athletic Club,Club Atlético de Madrid,2026-09-05T14:15:00Z,Under 2.5 goals,0.2444,,,,1.17,2.8,10.6,5.13,poisson_baseline_v0
2cc470a7,2026-09-04T23:09:54.230332,559695,Ligue 1,Racing Club de Lens,FC Lorient,2026-09-05T15:15:00Z,1X2 - Home,0.4593,,,,2.06,1.74,10.33,3.07,poisson_baseline_v0
4118e926,2026-09-04T23:09:54.230332,559695,Ligue 1,Racing Club de Lens,FC Lorient,2026-09-05T15:15:00Z,1X2 - Draw,0.2103,,,,2.06,1.74,10.33,3.07,poisson_baseline_v0
62ea4923,2026-09-04T23:09:54.230332,559695,Ligue 1,Racing Club de Lens,FC Lorient,2026-09-05T15:15:00Z,1X2 - Away,0.33,,,,2.06,1.74,10.33,3.07,poisson_baseline_v0
dd4d8931,2026-09-04T23:09:54.230332,559695,Ligue 1,Racing Club de Lens,FC Lorient,2026-09-05T15:15:00Z,Over 2.5 goals,0.7307,,,,2.06,1.74,10.33,3.07,poisson_baseline_v0
b329e9bc,2026-09-04T23:09:54.230332,559695,Ligue 1,Racing Club de Lens,FC Lorient,2026-09-05T15:15:00Z,Under 2.5 goals,0.2693,,,,2.06,1.74,10.33,3.07,poisson_baseline_v0
51dfdbc1,2026-09-04T23:09:54.230332,558614,Serie A,FC Internazionale Milano,SSC Napoli,2026-09-05T16:00:00Z,1X2 - Home,0.3981,,,,1.35,1.21,9.0,2.87,poisson_baseline_v0
b9d96166,2026-09-04T23:09:54.230332,558614,Serie A,FC Internazionale Milano,SSC Napoli,2026-09-05T16:00:00Z,1X2 - Draw,0.2656,,,,1.35,1.21,9.0,2.87,poisson_baseline_v0
7f1334b0,2026-09-04T23:09:54.230332,558614,Serie A,FC Internazionale Milano,SSC Napoli,2026-09-05T16:00:00Z,1X2 - Away,0.3363,,,,1.35,1.21,9.0,2.87,poisson_baseline_v0
a71ba8bb,2026-09-04T23:09:54.230332,558614,Serie A,FC Internazionale Milano,SSC Napoli,2026-09-05T16:00:00Z,Over 2.5 goals,0.4714,,,,1.35,1.21,9.0,2.87,poisson_baseline_v0
38effc4f,2026-09-04T23:09:54.230332,558614,Serie A,FC Internazionale Milano,SSC Napoli,2026-09-05T16:00:00Z,Under 2.5 goals,0.5286,,,,1.35,1.21,9.0,2.87,poisson_baseline_v0
22c5442a,2026-09-04T23:09:54.230332,564660,Primera Division,Rayo Vallecano de Madrid,Real Racing Club de Santander,2026-09-05T16:30:00Z,1X2 - Home,0.2795,,,,1.45,2.0,12.97,5.27,poisson_baseline_v0
f84d0132,2026-09-04T23:09:54.230332,564660,Primera Division,Rayo Vallecano de Madrid,Real Racing Club de Santander,2026-09-05T16:30:00Z,1X2 - Draw,0.2167,,,,1.45,2.0,12.97,5.27,poisson_baseline_v0
fddec08d,2026-09-04T23:09:54.230332,564660,Primera Division,Rayo Vallecano de Madrid,Real Racing Club de Santander,2026-09-05T16:30:00Z,1X2 - Away,0.5036,,,,1.45,2.0,12.97,5.27,poisson_baseline_v0
6c34ff42,2026-09-04T23:09:54.230332,564660,Primera Division,Rayo Vallecano de Madrid,Real Racing Club de Santander,2026-09-05T16:30:00Z,Over 2.5 goals,0.6685,,,,1.45,2.0,12.97,5.27,poisson_baseline_v0
d8b85fc4,2026-09-04T23:09:54.230332,564660,Primera Division,Rayo Vallecano de Madrid,Real Racing Club de Santander,2026-09-05T16:30:00Z,Under 2.5 goals,0.3315,,,,1.45,2.0,12.97,5.27,poisson_baseline_v0
af831e08,2026-09-04T23:09:54.230332,565789,Bundesliga,FC Schalke 04,FC Bayern München,2026-09-05T16:30:00Z,1X2 - Home,0.0169,,,,1.01,5.49,11.03,3.67,poisson_baseline_v0
2e564c32,2026-09-04T23:09:54.230332,565789,Bundesliga,FC Schalke 04,FC Bayern München,2026-09-05T16:30:00Z,1X2 - Draw,0.0318,,,,1.01,5.49,11.03,3.67,poisson_baseline_v0
b1ec5a99,2026-09-04T23:09:54.230332,565789,Bundesliga,FC Schalke 04,FC Bayern München,2026-09-05T16:30:00Z,1X2 - Away,0.8466,,,,1.01,5.49,11.03,3.67,poisson_baseline_v0
f4446b79,2026-09-04T23:09:54.230332,565789,Bundesliga,FC Schalke 04,FC Bayern München,2026-09-05T16:30:00Z,Over 2.5 goals,0.8523,,,,1.01,5.49,11.03,3.67,poisson_baseline_v0
a027ca27,2026-09-04T23:09:54.230332,565789,Bundesliga,FC Schalke 04,FC Bayern München,2026-09-05T16:30:00Z,Under 2.5 goals,0.1477,,,,1.01,5.49,11.03,3.67,poisson_baseline_v0
56708328,2026-09-04T23:09:54.230332,560569,Premier League,Hull City AFC,Aston Villa FC,2026-09-05T16:30:00Z,1X2 - Home,0.4698,,,,1.74,1.33,8.62,5.0,poisson_baseline_v0
82bd5812,2026-09-04T23:09:54.230332,560569,Premier League,Hull City AFC,Aston Villa FC,2026-09-05T16:30:00Z,1X2 - Draw,0.2347,,,,1.74,1.33,8.62,5.0,poisson_baseline_v0
ec09465e,2026-09-04T23:09:54.230332,560569,Premier League,Hull City AFC,Aston Villa FC,2026-09-05T16:30:00Z,1X2 - Away,0.2954,,,,1.74,1.33,8.62,5.0,poisson_baseline_v0
f58c7d22,2026-09-04T23:09:54.230332,560569,Premier League,Hull City AFC,Aston Villa FC,2026-09-05T16:30:00Z,Over 2.5 goals,0.5922,,,,1.74,1.33,8.62,5.0,poisson_baseline_v0
2529e13d,2026-09-04T23:09:54.230332,560569,Premier League,Hull City AFC,Aston Villa FC,2026-09-05T16:30:00Z,Under 2.5 goals,0.4078,,,,1.74,1.33,8.62,5.0,poisson_baseline_v0
ec580096,2026-09-04T23:09:54.230332,559701,Ligue 1,OGC Nice,Le Mans FC,2026-09-05T18:45:00Z,1X2 - Home,0.1322,,,,1.11,2.69,11.58,4.1,poisson_baseline_v0
7d38303e,2026-09-04T23:09:54.230332,559701,Ligue 1,OGC Nice,Le Mans FC,2026-09-05T18:45:00Z,1X2 - Draw,0.1589,,,,1.11,2.69,11.58,4.1,poisson_baseline_v0
fe09b103,2026-09-04T23:09:54.230332,559701,Ligue 1,OGC Nice,Le Mans FC,2026-09-05T18:45:00Z,1X2 - Away,0.707,,,,1.11,2.69,11.58,4.1,poisson_baseline_v0
ca6deb46,2026-09-04T23:09:54.230332,559701,Ligue 1,OGC Nice,Le Mans FC,2026-09-05T18:45:00Z,Over 2.5 goals,0.7285,,,,1.11,2.69,11.58,4.1,poisson_baseline_v0
09746dbf,2026-09-04T23:09:54.230332,559701,Ligue 1,OGC Nice,Le Mans FC,2026-09-05T18:45:00Z,Under 2.5 goals,0.2715,,,,1.11,2.69,11.58,4.1,poisson_baseline_v0
c7573cab,2026-09-04T23:09:54.230332,558611,Serie A,AS Roma,Atalanta BC,2026-09-05T18:45:00Z,1X2 - Home,0.5371,1.79,0.5587,-0.0216,1.75,1.06,8.67,3.27,poisson_baseline_v0
62bdcf5e,2026-09-04T23:09:54.230332,558611,Serie A,AS Roma,Atalanta BC,2026-09-05T18:45:00Z,1X2 - Draw,0.2354,4.0,0.25,-0.0146,1.75,1.06,8.67,3.27,poisson_baseline_v0
5d1a9df4,2026-09-04T23:09:54.230332,558611,Serie A,AS Roma,Atalanta BC,2026-09-05T18:45:00Z,1X2 - Away,0.2275,5.4,0.1852,0.0423,1.75,1.06,8.67,3.27,poisson_baseline_v0
3fc5d18d,2026-09-04T23:09:54.230332,558611,Serie A,AS Roma,Atalanta BC,2026-09-05T18:45:00Z,Over 2.5 goals,0.5326,1.96,0.5102,0.0224,1.75,1.06,8.67,3.27,poisson_baseline_v0
c2c8c739,2026-09-04T23:09:54.230332,558611,Serie A,AS Roma,Atalanta BC,2026-09-05T18:45:00Z,Under 2.5 goals,0.4674,2.04,0.4902,-0.0228,1.75,1.06,8.67,3.27,poisson_baseline_v0
2e099313,2026-09-04T23:09:54.230332,564662,Primera Division,Villarreal CF,RC Deportivo La Coruña,2026-09-05T19:00:00Z,1X2 - Home,0.2431,,,,1.28,2.0,10.33,4.93,poisson_baseline_v0
bf84f3e5,2026-09-04T23:09:54.230332,564662,Primera Division,Villarreal CF,RC Deportivo La Coruña,2026-09-05T19:00:00Z,1X2 - Draw,0.2165,,,,1.28,2.0,10.33,4.93,poisson_baseline_v0
cc2b24b0,2026-09-04T23:09:54.230332,564662,Primera Division,Villarreal CF,RC Deportivo La Coruña,2026-09-05T19:00:00Z,1X2 - Away,0.5401,,,,1.28,2.0,10.33,4.93,poisson_baseline_v0
c474f636,2026-09-04T23:09:54.230332,564662,Primera Division,Villarreal CF,RC Deportivo La Coruña,2026-09-05T19:00:00Z,Over 2.5 goals,0.6356,,,,1.28,2.0,10.33,4.93,poisson_baseline_v0
9d6846d6,2026-09-04T23:09:54.230332,564662,Primera Division,Villarreal CF,RC Deportivo La Coruña,2026-09-05T19:00:00Z,Under 2.5 goals,0.3644,,,,1.28,2.0,10.33,4.93,poisson_baseline_v0
f01144d2,2026-09-05T09:46:05.269112,560571,Premier League,Newcastle United FC,AFC Bournemouth,2026-09-05T11:30:00Z,1X2 - Home,0.2255,,,,0.82,1.36,10.33,4.8,poisson_baseline_v0
2beb3757,2026-09-05T09:46:05.269112,560571,Premier League,Newcastle United FC,AFC Bournemouth,2026-09-05T11:30:00Z,1X2 - Draw,0.2792,,,,0.82,1.36,10.33,4.8,poisson_baseline_v0
14022d8d,2026-09-05T09:46:05.269112,560571,Premier League,Newcastle United FC,AFC Bournemouth,2026-09-05T11:30:00Z,1X2 - Away,0.4953,,,,0.82,1.36,10.33,4.8,poisson_baseline_v0
629246a6,2026-09-05T09:46:05.269112,560571,Premier League,Newcastle United FC,AFC Bournemouth,2026-09-05T11:30:00Z,Over 2.5 goals,0.3708,,,,0.82,1.36,10.33,4.8,poisson_baseline_v0
5f2aca2c,2026-09-05T09:46:05.269112,560571,Premier League,Newcastle United FC,AFC Bournemouth,2026-09-05T11:30:00Z,Under 2.5 goals,0.6292,,,,0.82,1.36,10.33,4.8,poisson_baseline_v0
359faa55,2026-09-05T09:46:05.269112,558616,Serie A,ACF Fiorentina,Torino FC,2026-09-05T13:00:00Z,1X2 - Home,0.2362,,,,0.84,1.33,8.57,4.07,poisson_baseline_v0
4c3180ca,2026-09-05T09:46:05.269112,558616,Serie A,ACF Fiorentina,Torino FC,2026-09-05T13:00:00Z,1X2 - Draw,0.2821,,,,0.84,1.33,8.57,4.07,poisson_baseline_v0
06554f6e,2026-09-05T09:46:05.269112,558616,Serie A,ACF Fiorentina,Torino FC,2026-09-05T13:00:00Z,1X2 - Away,0.4817,,,,0.84,1.33,8.57,4.07,poisson_baseline_v0
36fbd439,2026-09-05T09:46:05.269112,558616,Serie A,ACF Fiorentina,Torino FC,2026-09-05T13:00:00Z,Over 2.5 goals,0.3694,,,,0.84,1.33,8.57,4.07,poisson_baseline_v0
74096b3f,2026-09-05T09:46:05.269112,558616,Serie A,ACF Fiorentina,Torino FC,2026-09-05T13:00:00Z,Under 2.5 goals,0.6306,,,,0.84,1.33,8.57,4.07,poisson_baseline_v0
c64566ca,2026-09-05T09:46:05.269112,565792,Bundesliga,Borussia Mönchengladbach,SV 07 Elversberg,2026-09-05T13:30:00Z,1X2 - Home,0.1259,,,,1.37,3.25,7.4,5.6,poisson_baseline_v0
1a50629e,2026-09-05T09:46:05.269112,565792,Bundesliga,Borussia Mönchengladbach,SV 07 Elversberg,2026-09-05T13:30:00Z,1X2 - Draw,0.135,,,,1.37,3.25,7.4,5.6,poisson_baseline_v0
fb508013,2026-09-05T09:46:05.269112,565792,Bundesliga,Borussia Mönchengladbach,SV 07 Elversberg,2026-09-05T13:30:00Z,1X2 - Away,0.7328,,,,1.37,3.25,7.4,5.6,poisson_baseline_v0
b99abaf9,2026-09-05T09:46:05.269112,565792,Bundesliga,Borussia Mönchengladbach,SV 07 Elversberg,2026-09-05T13:30:00Z,Over 2.5 goals,0.8333,,,,1.37,3.25,7.4,5.6,poisson_baseline_v0
8e81fbeb,2026-09-05T09:46:05.269112,565792,Bundesliga,Borussia Mönchengladbach,SV 07 Elversberg,2026-09-05T13:30:00Z,Under 2.5 goals,0.1667,,,,1.37,3.25,7.4,5.6,poisson_baseline_v0
0fa80975,2026-09-05T09:46:05.269112,565787,Bundesliga,TSG 1899 Hoffenheim,Borussia Dortmund,2026-09-05T13:30:00Z,1X2 - Home,0.0766,,,,0.91,3.11,9.7,4.67,poisson_baseline_v0
e7da0672,2026-09-05T09:46:05.269112,565787,Bundesliga,TSG 1899 Hoffenheim,Borussia Dortmund,2026-09-05T13:30:00Z,1X2 - Draw,0.1183,,,,0.91,3.11,9.7,4.67,poisson_baseline_v0
9ee928aa,2026-09-05T09:46:05.269112,565787,Bundesliga,TSG 1899 Hoffenheim,Borussia Dortmund,2026-09-05T13:30:00Z,1X2 - Away,0.8003,,,,0.91,3.11,9.7,4.67,poisson_baseline_v0
275790f4,2026-09-05T09:46:05.269112,565787,Bundesliga,TSG 1899 Hoffenheim,Borussia Dortmund,2026-09-05T13:30:00Z,Over 2.5 goals,0.7612,,,,0.91,3.11,9.7,4.67,poisson_baseline_v0
6ed134a2,2026-09-05T09:46:05.269112,565787,Bundesliga,TSG 1899 Hoffenheim,Borussia Dortmund,2026-09-05T13:30:00Z,Under 2.5 goals,0.2388,,,,0.91,3.11,9.7,4.67,poisson_baseline_v0
b7d67967,2026-09-05T09:46:05.269112,565785,Bundesliga,SV Werder Bremen,RB Leipzig,2026-09-05T13:30:00Z,1X2 - Home,0.0987,,,,0.81,2.53,9.27,4.0,poisson_baseline_v0
4d6cefa1,2026-09-05T09:46:05.269112,565785,Bundesliga,SV Werder Bremen,RB Leipzig,2026-09-05T13:30:00Z,1X2 - Draw,0.1551,,,,0.81,2.53,9.27,4.0,poisson_baseline_v0
7799f4a0,2026-09-05T09:46:05.269112,565785,Bundesliga,SV Werder Bremen,RB Leipzig,2026-09-05T13:30:00Z,1X2 - Away,0.745,,,,0.81,2.53,9.27,4.0,poisson_baseline_v0
76e10426,2026-09-05T09:46:05.269112,565785,Bundesliga,SV Werder Bremen,RB Leipzig,2026-09-05T13:30:00Z,Over 2.5 goals,0.6479,,,,0.81,2.53,9.27,4.0,poisson_baseline_v0
623d2e1f,2026-09-05T09:46:05.269112,565785,Bundesliga,SV Werder Bremen,RB Leipzig,2026-09-05T13:30:00Z,Under 2.5 goals,0.3521,,,,0.81,2.53,9.27,4.0,poisson_baseline_v0
c1be97a0,2026-09-05T09:46:05.269112,565793,Bundesliga,SC Paderborn 07,SC Freiburg,2026-09-05T13:30:00Z,1X2 - Home,0.1105,,,,0.76,2.26,9.9,4.13,poisson_baseline_v0
ca9b9418,2026-09-05T09:46:05.269112,565793,Bundesliga,SC Paderborn 07,SC Freiburg,2026-09-05T13:30:00Z,1X2 - Draw,0.1764,,,,0.76,2.26,9.9,4.13,poisson_baseline_v0
0ced1e02,2026-09-05T09:46:05.269112,565793,Bundesliga,SC Paderborn 07,SC Freiburg,2026-09-05T13:30:00Z,1X2 - Away,0.7125,,,,0.76,2.26,9.9,4.13,poisson_baseline_v0
933c8885,2026-09-05T09:46:05.269112,565793,Bundesliga,SC Paderborn 07,SC Freiburg,2026-09-05T13:30:00Z,Over 2.5 goals,0.5812,,,,0.76,2.26,9.9,4.13,poisson_baseline_v0
3ef43bd3,2026-09-05T09:46:05.269112,565793,Bundesliga,SC Paderborn 07,SC Freiburg,2026-09-05T13:30:00Z,Under 2.5 goals,0.4188,,,,0.76,2.26,9.9,4.13,poisson_baseline_v0
727f801d,2026-09-05T09:46:05.269112,565790,Bundesliga,Bayer 04 Leverkusen,1. FC Union Berlin,2026-09-05T13:30:00Z,1X2 - Home,0.5179,,,,2.21,1.59,9.63,3.87,poisson_baseline_v0
9a771427,2026-09-05T09:46:05.269112,565790,Bundesliga,Bayer 04 Leverkusen,1. FC Union Berlin,2026-09-05T13:30:00Z,1X2 - Draw,0.2041,,,,2.21,1.59,9.63,3.87,poisson_baseline_v0
60c837e2,2026-09-05T09:46:05.269112,565790,Bundesliga,Bayer 04 Leverkusen,1. FC Union Berlin,2026-09-05T13:30:00Z,1X2 - Away,0.2775,,,,2.21,1.59,9.63,3.87,poisson_baseline_v0
244b208d,2026-09-05T09:46:05.269112,565790,Bundesliga,Bayer 04 Leverkusen,1. FC Union Berlin,2026-09-05T13:30:00Z,Over 2.5 goals,0.7295,,,,2.21,1.59,9.63,3.87,poisson_baseline_v0
a1000d87,2026-09-05T09:46:05.269112,565790,Bundesliga,Bayer 04 Leverkusen,1. FC Union Berlin,2026-09-05T13:30:00Z,Under 2.5 goals,0.2705,,,,2.21,1.59,9.63,3.87,poisson_baseline_v0
c1d18569,2026-09-05T09:46:05.269112,560568,Premier League,Fulham FC,Crystal Palace FC,2026-09-05T14:00:00Z,1X2 - Home,0.3867,,,,1.12,0.98,10.03,3.8,poisson_baseline_v0
0cf80554,2026-09-05T09:46:05.269112,560568,Premier League,Fulham FC,Crystal Palace FC,2026-09-05T14:00:00Z,1X2 - Draw,0.2985,,,,1.12,0.98,10.03,3.8,poisson_baseline_v0
c0caa041,2026-09-05T09:46:05.269112,560568,Premier League,Fulham FC,Crystal Palace FC,2026-09-05T14:00:00Z,1X2 - Away,0.3149,,,,1.12,0.98,10.03,3.8,poisson_baseline_v0
ea0faab0,2026-09-05T09:46:05.269112,560568,Premier League,Fulham FC,Crystal Palace FC,2026-09-05T14:00:00Z,Over 2.5 goals,0.3506,,,,1.12,0.98,10.03,3.8,poisson_baseline_v0
79550d6e,2026-09-05T09:46:05.269112,560568,Premier League,Fulham FC,Crystal Palace FC,2026-09-05T14:00:00Z,Under 2.5 goals,0.6494,,,,1.12,0.98,10.03,3.8,poisson_baseline_v0
67d53f5f,2026-09-05T09:46:05.269112,560563,Premier League,Manchester City FC,Coventry City FC,2026-09-05T14:00:00Z,1X2 - Home,0.7644,,,,2.74,0.87,10.37,2.6,poisson_baseline_v0
d83b7346,2026-09-05T09:46:05.269112,560563,Premier League,Manchester City FC,Coventry City FC,2026-09-05T14:00:00Z,1X2 - Draw,0.1413,,,,2.74,0.87,10.37,2.6,poisson_baseline_v0
e5f36cdc,2026-09-05T09:46:05.269112,560563,Premier League,Manchester City FC,Coventry City FC,2026-09-05T14:00:00Z,1X2 - Away,0.0922,,,,2.74,0.87,10.37,2.6,poisson_baseline_v0
75e835ef,2026-09-05T09:46:05.269112,560563,Premier League,Manchester City FC,Coventry City FC,2026-09-05T14:00:00Z,Over 2.5 goals,0.697,,,,2.74,0.87,10.37,2.6,poisson_baseline_v0
c752beff,2026-09-05T09:46:05.269112,560563,Premier League,Manchester City FC,Coventry City FC,2026-09-05T14:00:00Z,Under 2.5 goals,0.303,,,,2.74,0.87,10.37,2.6,poisson_baseline_v0
015f6e72,2026-09-05T09:46:05.269112,560565,Premier League,Brentford FC,Sunderland AFC,2026-09-05T14:00:00Z,1X2 - Home,0.3833,,,,1.2,1.1,10.27,3.93,poisson_baseline_v0
2e5cb889,2026-09-05T09:46:05.269112,560565,Premier League,Brentford FC,Sunderland AFC,2026-09-05T14:00:00Z,1X2 - Draw,0.2832,,,,1.2,1.1,10.27,3.93,poisson_baseline_v0
521d7d7b,2026-09-05T09:46:05.269112,560565,Premier League,Brentford FC,Sunderland AFC,2026-09-05T14:00:00Z,1X2 - Away,0.3335,,,,1.2,1.1,10.27,3.93,poisson_baseline_v0
5bf8d6f9,2026-09-05T09:46:05.269112,560565,Premier League,Brentford FC,Sunderland AFC,2026-09-05T14:00:00Z,Over 2.5 goals,0.404,,,,1.2,1.1,10.27,3.93,poisson_baseline_v0
a2c8003f,2026-09-05T09:46:05.269112,560565,Premier League,Brentford FC,Sunderland AFC,2026-09-05T14:00:00Z,Under 2.5 goals,0.596,,,,1.2,1.1,10.27,3.93,poisson_baseline_v0
9fd95f1c,2026-09-05T09:46:05.269112,560562,Premier League,Nottingham Forest FC,Tottenham Hotspur FC,2026-09-05T14:00:00Z,1X2 - Home,0.6629,,,,1.93,0.71,9.93,4.47,poisson_baseline_v0
72ebcdee,2026-09-05T09:46:05.269112,560562,Premier League,Nottingham Forest FC,Tottenham Hotspur FC,2026-09-05T14:00:00Z,1X2 - Draw,0.2082,,,,1.93,0.71,9.93,4.47,poisson_baseline_v0
651ab0e7,2026-09-05T09:46:05.269112,560562,Premier League,Nottingham Forest FC,Tottenham Hotspur FC,2026-09-05T14:00:00Z,1X2 - Away,0.1288,,,,1.93,0.71,9.93,4.47,poisson_baseline_v0
003d6c08,2026-09-05T09:46:05.269112,560562,Premier League,Nottingham Forest FC,Tottenham Hotspur FC,2026-09-05T14:00:00Z,Over 2.5 goals,0.4908,,,,1.93,0.71,9.93,4.47,poisson_baseline_v0
939c841d,2026-09-05T09:46:05.269112,560562,Premier League,Nottingham Forest FC,Tottenham Hotspur FC,2026-09-05T14:00:00Z,Under 2.5 goals,0.5092,,,,1.93,0.71,9.93,4.47,poisson_baseline_v0
f2861bd1,2026-09-05T09:46:05.269112,560564,Premier League,Brighton & Hove Albion FC,Leeds United FC,2026-09-05T14:00:00Z,1X2 - Home,0.3494,,,,1.0,0.98,10.03,3.93,poisson_baseline_v0
aec5df17,2026-09-05T09:46:05.269112,560564,Premier League,Brighton & Hove Albion FC,Leeds United FC,2026-09-05T14:00:00Z,1X2 - Draw,0.31,,,,1.0,0.98,10.03,3.93,poisson_baseline_v0
f5ebf998,2026-09-05T09:46:05.269112,560564,Premier League,Brighton & Hove Albion FC,Leeds United FC,2026-09-05T14:00:00Z,1X2 - Away,0.3407,,,,1.0,0.98,10.03,3.93,poisson_baseline_v0
171ef0cf,2026-09-05T09:46:05.269112,560564,Premier League,Brighton & Hove Albion FC,Leeds United FC,2026-09-05T14:00:00Z,Over 2.5 goals,0.3191,,,,1.0,0.98,10.03,3.93,poisson_baseline_v0
d409a62c,2026-09-05T09:46:05.269112,560564,Premier League,Brighton & Hove Albion FC,Leeds United FC,2026-09-05T14:00:00Z,Under 2.5 goals,0.6809,,,,1.0,0.98,10.03,3.93,poisson_baseline_v0
04e6dee3,2026-09-05T09:46:05.269112,564663,Primera Division,Athletic Club,Club Atlético de Madrid,2026-09-05T14:15:00Z,1X2 - Home,0.1327,,,,1.17,2.8,10.6,5.13,poisson_baseline_v0
0b42b262,2026-09-05T09:46:05.269112,564663,Primera Division,Athletic Club,Club Atlético de Madrid,2026-09-05T14:15:00Z,1X2 - Draw,0.1539,,,,1.17,2.8,10.6,5.13,poisson_baseline_v0
0cacf1e3,2026-09-05T09:46:05.269112,564663,Primera Division,Athletic Club,Club Atlético de Madrid,2026-09-05T14:15:00Z,1X2 - Away,0.711,,,,1.17,2.8,10.6,5.13,poisson_baseline_v0
4f7464de,2026-09-05T09:46:05.269112,564663,Primera Division,Athletic Club,Club Atlético de Madrid,2026-09-05T14:15:00Z,Over 2.5 goals,0.7556,,,,1.17,2.8,10.6,5.13,poisson_baseline_v0
545061ed,2026-09-05T09:46:05.269112,564663,Primera Division,Athletic Club,Club Atlético de Madrid,2026-09-05T14:15:00Z,Under 2.5 goals,0.2444,,,,1.17,2.8,10.6,5.13,poisson_baseline_v0
fc04c21d,2026-09-05T09:46:05.269112,559695,Ligue 1,Racing Club de Lens,FC Lorient,2026-09-05T15:15:00Z,1X2 - Home,0.4593,,,,2.06,1.74,10.33,3.07,poisson_baseline_v0
c8b846aa,2026-09-05T09:46:05.269112,559695,Ligue 1,Racing Club de Lens,FC Lorient,2026-09-05T15:15:00Z,1X2 - Draw,0.2103,,,,2.06,1.74,10.33,3.07,poisson_baseline_v0
0f115ffa,2026-09-05T09:46:05.269112,559695,Ligue 1,Racing Club de Lens,FC Lorient,2026-09-05T15:15:00Z,1X2 - Away,0.33,,,,2.06,1.74,10.33,3.07,poisson_baseline_v0
d6abd10d,2026-09-05T09:46:05.269112,559695,Ligue 1,Racing Club de Lens,FC Lorient,2026-09-05T15:15:00Z,Over 2.5 goals,0.7307,,,,2.06,1.74,10.33,3.07,poisson_baseline_v0
4bf4f17b,2026-09-05T09:46:05.269112,559695,Ligue 1,Racing Club de Lens,FC Lorient,2026-09-05T15:15:00Z,Under 2.5 goals,0.2693,,,,2.06,1.74,10.33,3.07,poisson_baseline_v0
befe6f84,2026-09-05T09:46:05.269112,558614,Serie A,FC Internazionale Milano,SSC Napoli,2026-09-05T16:00:00Z,1X2 - Home,0.3981,,,,1.35,1.21,9.0,2.87,poisson_baseline_v0
a72a6fce,2026-09-05T09:46:05.269112,558614,Serie A,FC Internazionale Milano,SSC Napoli,2026-09-05T16:00:00Z,1X2 - Draw,0.2656,,,,1.35,1.21,9.0,2.87,poisson_baseline_v0
820c4a83,2026-09-05T09:46:05.269112,558614,Serie A,FC Internazionale Milano,SSC Napoli,2026-09-05T16:00:00Z,1X2 - Away,0.3363,,,,1.35,1.21,9.0,2.87,poisson_baseline_v0
b43c02e5,2026-09-05T09:46:05.269112,558614,Serie A,FC Internazionale Milano,SSC Napoli,2026-09-05T16:00:00Z,Over 2.5 goals,0.4714,,,,1.35,1.21,9.0,2.87,poisson_baseline_v0
43ad1b40,2026-09-05T09:46:05.269112,558614,Serie A,FC Internazionale Milano,SSC Napoli,2026-09-05T16:00:00Z,Under 2.5 goals,0.5286,,,,1.35,1.21,9.0,2.87,poisson_baseline_v0
5f22a9fe,2026-09-05T09:46:05.269112,564660,Primera Division,Rayo Vallecano de Madrid,Real Racing Club de Santander,2026-09-05T16:30:00Z,1X2 - Home,0.2795,,,,1.45,2.0,12.97,5.27,poisson_baseline_v0
77306203,2026-09-05T09:46:05.269112,564660,Primera Division,Rayo Vallecano de Madrid,Real Racing Club de Santander,2026-09-05T16:30:00Z,1X2 - Draw,0.2167,,,,1.45,2.0,12.97,5.27,poisson_baseline_v0
2fc96b24,2026-09-05T09:46:05.269112,564660,Primera Division,Rayo Vallecano de Madrid,Real Racing Club de Santander,2026-09-05T16:30:00Z,1X2 - Away,0.5036,,,,1.45,2.0,12.97,5.27,poisson_baseline_v0
6446c61e,2026-09-05T09:46:05.269112,564660,Primera Division,Rayo Vallecano de Madrid,Real Racing Club de Santander,2026-09-05T16:30:00Z,Over 2.5 goals,0.6685,,,,1.45,2.0,12.97,5.27,poisson_baseline_v0
22bc4438,2026-09-05T09:46:05.269112,564660,Primera Division,Rayo Vallecano de Madrid,Real Racing Club de Santander,2026-09-05T16:30:00Z,Under 2.5 goals,0.3315,,,,1.45,2.0,12.97,5.27,poisson_baseline_v0
251b0e99,2026-09-05T09:46:05.269112,565789,Bundesliga,FC Schalke 04,FC Bayern München,2026-09-05T16:30:00Z,1X2 - Home,0.0169,,,,1.01,5.49,11.03,3.67,poisson_baseline_v0
4330fce6,2026-09-05T09:46:05.269112,565789,Bundesliga,FC Schalke 04,FC Bayern München,2026-09-05T16:30:00Z,1X2 - Draw,0.0318,,,,1.01,5.49,11.03,3.67,poisson_baseline_v0
cff96251,2026-09-05T09:46:05.269112,565789,Bundesliga,FC Schalke 04,FC Bayern München,2026-09-05T16:30:00Z,1X2 - Away,0.8466,,,,1.01,5.49,11.03,3.67,poisson_baseline_v0
66bed566,2026-09-05T09:46:05.269112,565789,Bundesliga,FC Schalke 04,FC Bayern München,2026-09-05T16:30:00Z,Over 2.5 goals,0.8523,,,,1.01,5.49,11.03,3.67,poisson_baseline_v0
d0abdd12,2026-09-05T09:46:05.269112,565789,Bundesliga,FC Schalke 04,FC Bayern München,2026-09-05T16:30:00Z,Under 2.5 goals,0.1477,,,,1.01,5.49,11.03,3.67,poisson_baseline_v0
1b6ced24,2026-09-05T09:46:05.269112,560569,Premier League,Hull City AFC,Aston Villa FC,2026-09-05T16:30:00Z,1X2 - Home,0.4698,,,,1.74,1.33,8.62,5.0,poisson_baseline_v0
34ecacf8,2026-09-05T09:46:05.269112,560569,Premier League,Hull City AFC,Aston Villa FC,2026-09-05T16:30:00Z,1X2 - Draw,0.2347,,,,1.74,1.33,8.62,5.0,poisson_baseline_v0
cfe09792,2026-09-05T09:46:05.269112,560569,Premier League,Hull City AFC,Aston Villa FC,2026-09-05T16:30:00Z,1X2 - Away,0.2954,,,,1.74,1.33,8.62,5.0,poisson_baseline_v0
0eb3a495,2026-09-05T09:46:05.269112,560569,Premier League,Hull City AFC,Aston Villa FC,2026-09-05T16:30:00Z,Over 2.5 goals,0.5922,,,,1.74,1.33,8.62,5.0,poisson_baseline_v0
a23e3ffe,2026-09-05T09:46:05.269112,560569,Premier League,Hull City AFC,Aston Villa FC,2026-09-05T16:30:00Z,Under 2.5 goals,0.4078,,,,1.74,1.33,8.62,5.0,poisson_baseline_v0
bae28d1b,2026-09-05T09:46:05.269112,558611,Serie A,AS Roma,Atalanta BC,2026-09-05T18:45:00Z,1X2 - Home,0.5371,1.75,0.5714,-0.0343,1.75,1.06,8.67,3.27,poisson_baseline_v0
7f0cb84d,2026-09-05T09:46:05.269112,558611,Serie A,AS Roma,Atalanta BC,2026-09-05T18:45:00Z,1X2 - Draw,0.2354,4.14,0.2415,-0.0061,1.75,1.06,8.67,3.27,poisson_baseline_v0
544df0f4,2026-09-05T09:46:05.269112,558611,Serie A,AS Roma,Atalanta BC,2026-09-05T18:45:00Z,1X2 - Away,0.2275,5.4,0.1852,0.0423,1.75,1.06,8.67,3.27,poisson_baseline_v0
20bdb3d7,2026-09-05T09:46:05.269112,558611,Serie A,AS Roma,Atalanta BC,2026-09-05T18:45:00Z,Over 2.5 goals,0.5326,1.91,0.5236,0.009,1.75,1.06,8.67,3.27,poisson_baseline_v0
83dc4144,2026-09-05T09:46:05.269112,558611,Serie A,AS Roma,Atalanta BC,2026-09-05T18:45:00Z,Under 2.5 goals,0.4674,2.23,0.4484,0.019,1.75,1.06,8.67,3.27,poisson_baseline_v0
121b8a6f,2026-09-05T09:46:05.269112,559701,Ligue 1,OGC Nice,Le Mans FC,2026-09-05T18:45:00Z,1X2 - Home,0.1322,,,,1.11,2.69,11.58,4.1,poisson_baseline_v0
9e89ec32,2026-09-05T09:46:05.269112,559701,Ligue 1,OGC Nice,Le Mans FC,2026-09-05T18:45:00Z,1X2 - Draw,0.1589,,,,1.11,2.69,11.58,4.1,poisson_baseline_v0
044326b8,2026-09-05T09:46:05.269112,559701,Ligue 1,OGC Nice,Le Mans FC,2026-09-05T18:45:00Z,1X2 - Away,0.707,,,,1.11,2.69,11.58,4.1,poisson_baseline_v0
0e8ce6b4,2026-09-05T09:46:05.269112,559701,Ligue 1,OGC Nice,Le Mans FC,2026-09-05T18:45:00Z,Over 2.5 goals,0.7285,,,,1.11,2.69,11.58,4.1,poisson_baseline_v0
35e3e7a2,2026-09-05T09:46:05.269112,559701,Ligue 1,OGC Nice,Le Mans FC,2026-09-05T18:45:00Z,Under 2.5 goals,0.2715,,,,1.11,2.69,11.58,4.1,poisson_baseline_v0
6a572f71,2026-09-05T09:46:05.269112,564662,Primera Division,Villarreal CF,RC Deportivo La Coruña,2026-09-05T19:00:00Z,1X2 - Home,0.2431,,,,1.28,2.0,10.33,4.93,poisson_baseline_v0
d07b3dd0,2026-09-05T09:46:05.269112,564662,Primera Division,Villarreal CF,RC Deportivo La Coruña,2026-09-05T19:00:00Z,1X2 - Draw,0.2165,,,,1.28,2.0,10.33,4.93,poisson_baseline_v0
3cefed25,2026-09-05T09:46:05.269112,564662,Primera Division,Villarreal CF,RC Deportivo La Coruña,2026-09-05T19:00:00Z,1X2 - Away,0.5401,,,,1.28,2.0,10.33,4.93,poisson_baseline_v0
3a9e5213,2026-09-05T09:46:05.269112,564662,Primera Division,Villarreal CF,RC Deportivo La Coruña,2026-09-05T19:00:00Z,Over 2.5 goals,0.6356,,,,1.28,2.0,10.33,4.93,poisson_baseline_v0
a524a351,2026-09-05T09:46:05.269112,564662,Primera Division,Villarreal CF,RC Deportivo La Coruña,2026-09-05T19:00:00Z,Under 2.5 goals,0.3644,,,,1.28,2.0,10.33,4.93,poisson_baseline_v0
60559f9a,2026-09-05T09:46:05.269112,558615,Serie A,Frosinone Calcio,Venezia FC,2026-09-06T13:00:00Z,1X2 - Home,0.3867,,,,0.87,0.63,9.7,3.8,poisson_baseline_v0
418e9156,2026-09-05T09:46:05.269112,558615,Serie A,Frosinone Calcio,Venezia FC,2026-09-06T13:00:00Z,1X2 - Draw,0.3633,,,,0.87,0.63,9.7,3.8,poisson_baseline_v0
eabdc160,2026-09-05T09:46:05.269112,558615,Serie A,Frosinone Calcio,Venezia FC,2026-09-06T13:00:00Z,1X2 - Away,0.25,,,,0.87,0.63,9.7,3.8,poisson_baseline_v0
95431f62,2026-09-05T09:46:05.269112,558615,Serie A,Frosinone Calcio,Venezia FC,2026-09-06T13:00:00Z,Over 2.5 goals,0.1914,,,,0.87,0.63,9.7,3.8,poisson_baseline_v0
d0ecbbb9,2026-09-05T09:46:05.269112,558615,Serie A,Frosinone Calcio,Venezia FC,2026-09-06T13:00:00Z,Under 2.5 goals,0.8086,,,,0.87,0.63,9.7,3.8,poisson_baseline_v0
f8cd30b9,2026-09-05T09:46:05.269112,559700,Ligue 1,ES Troyes AC,RC Strasbourg Alsace,2026-09-06T13:00:00Z,1X2 - Home,0.1229,,,,0.96,2.52,10.1,2.67,poisson_baseline_v0
510be281,2026-09-05T09:46:05.269112,559700,Ligue 1,ES Troyes AC,RC Strasbourg Alsace,2026-09-06T13:00:00Z,1X2 - Draw,0.1647,,,,0.96,2.52,10.1,2.67,poisson_baseline_v0
d4eed618,2026-09-05T09:46:05.269112,559700,Ligue 1,ES Troyes AC,RC Strasbourg Alsace,2026-09-06T13:00:00Z,1X2 - Away,0.7112,,,,0.96,2.52,10.1,2.67,poisson_baseline_v0
48fdebb9,2026-09-05T09:46:05.269112,559700,Ligue 1,ES Troyes AC,RC Strasbourg Alsace,2026-09-06T13:00:00Z,Over 2.5 goals,0.6735,,,,0.96,2.52,10.1,2.67,poisson_baseline_v0
4db01fac,2026-09-05T09:46:05.269112,559700,Ligue 1,ES Troyes AC,RC Strasbourg Alsace,2026-09-06T13:00:00Z,Under 2.5 goals,0.3265,,,,0.96,2.52,10.1,2.67,poisson_baseline_v0
df1f54d3,2026-09-05T09:46:05.269112,558612,Serie A,Parma Calcio 1913,AC Monza,2026-09-06T13:00:00Z,1X2 - Home,0.4749,,,,1.13,0.63,8.7,3.33,poisson_baseline_v0
d81f141b,2026-09-05T09:46:05.269112,558612,Serie A,Parma Calcio 1913,AC Monza,2026-09-06T13:00:00Z,1X2 - Draw,0.3186,,,,1.13,0.63,8.7,3.33,poisson_baseline_v0
24a3f11d,2026-09-05T09:46:05.269112,558612,Serie A,Parma Calcio 1913,AC Monza,2026-09-06T13:00:00Z,1X2 - Away,0.2065,,,,1.13,0.63,8.7,3.33,poisson_baseline_v0
545e938b,2026-09-05T09:46:05.269112,558612,Serie A,Parma Calcio 1913,AC Monza,2026-09-06T13:00:00Z,Over 2.5 goals,0.2586,,,,1.13,0.63,8.7,3.33,poisson_baseline_v0
3a7252d9,2026-09-05T09:46:05.269112,558612,Serie A,Parma Calcio 1913,AC Monza,2026-09-06T13:00:00Z,Under 2.5 goals,0.7414,,,,1.13,0.63,8.7,3.33,poisson_baseline_v0
7e166d2d,2026-09-05T09:46:05.269112,560567,Premier League,Everton FC,Manchester United FC,2026-09-06T13:00:00Z,1X2 - Home,0.1869,,,,1.13,2.19,9.83,4.53,poisson_baseline_v0
8e6d115a,2026-09-05T09:46:05.269112,560567,Premier League,Everton FC,Manchester United FC,2026-09-06T13:00:00Z,1X2 - Draw,0.1987,,,,1.13,2.19,9.83,4.53,poisson_baseline_v0
3413be01,2026-09-05T09:46:05.269112,560567,Premier League,Everton FC,Manchester United FC,2026-09-06T13:00:00Z,1X2 - Away,0.614,,,,1.13,2.19,9.83,4.53,poisson_baseline_v0
209feb69,2026-09-05T09:46:05.269112,560567,Premier League,Everton FC,Manchester United FC,2026-09-06T13:00:00Z,Over 2.5 goals,0.645,,,,1.13,2.19,9.83,4.53,poisson_baseline_v0
233a12b1,2026-09-05T09:46:05.269112,560567,Premier League,Everton FC,Manchester United FC,2026-09-06T13:00:00Z,Under 2.5 goals,0.355,,,,1.13,2.19,9.83,4.53,poisson_baseline_v0
4bd1a27a,2026-09-05T09:46:05.269112,565788,Bundesliga,Hamburger SV,1. FSV Mainz 05,2026-09-06T13:30:00Z,1X2 - Home,0.2027,,,,0.97,1.78,10.13,3.73,poisson_baseline_v0
484d5ae9,2026-09-05T09:46:05.269112,565788,Bundesliga,Hamburger SV,1. FSV Mainz 05,2026-09-06T13:30:00Z,1X2 - Draw,0.2321,,,,0.97,1.78,10.13,3.73,poisson_baseline_v0
b6b9e4e4,2026-09-05T09:46:05.269112,565788,Bundesliga,Hamburger SV,1. FSV Mainz 05,2026-09-06T13:30:00Z,1X2 - Away,0.5651,,,,0.97,1.78,10.13,3.73,poisson_baseline_v0
9774a990,2026-09-05T09:46:05.269112,565788,Bundesliga,Hamburger SV,1. FSV Mainz 05,2026-09-06T13:30:00Z,Over 2.5 goals,0.5173,,,,0.97,1.78,10.13,3.73,poisson_baseline_v0
b599bd08,2026-09-05T09:46:05.269112,565788,Bundesliga,Hamburger SV,1. FSV Mainz 05,2026-09-06T13:30:00Z,Under 2.5 goals,0.4827,,,,0.97,1.78,10.13,3.73,poisson_baseline_v0
105f1917,2026-09-05T09:46:05.269112,564659,Primera Division,Valencia CF,FC Barcelona,2026-09-06T14:15:00Z,1X2 - Home,0.0669,,,,0.73,2.88,10.0,3.07,poisson_baseline_v0
e8cc9c1a,2026-09-05T09:46:05.269112,564659,Primera Division,Valencia CF,FC Barcelona,2026-09-06T14:15:00Z,1X2 - Draw,0.1223,,,,0.73,2.88,10.0,3.07,poisson_baseline_v0
ee150640,2026-09-05T09:46:05.269112,564659,Primera Division,Valencia CF,FC Barcelona,2026-09-06T14:15:00Z,1X2 - Away,0.808,,,,0.73,2.88,10.0,3.07,poisson_baseline_v0
94664b14,2026-09-05T09:46:05.269112,564659,Primera Division,Valencia CF,FC Barcelona,2026-09-06T14:15:00Z,Over 2.5 goals,0.6955,,,,0.73,2.88,10.0,3.07,poisson_baseline_v0
e2d4611e,2026-09-05T09:46:05.269112,564659,Primera Division,Valencia CF,FC Barcelona,2026-09-06T14:15:00Z,Under 2.5 goals,0.3045,,,,0.73,2.88,10.0,3.07,poisson_baseline_v0
14542c79,2026-09-05T09:46:05.269112,560570,Premier League,Arsenal FC,Chelsea FC,2026-09-06T15:30:00Z,1X2 - Home,0.7135,,,,2.16,0.68,9.7,4.0,poisson_baseline_v0
6dd915c5,2026-09-05T09:46:05.269112,560570,Premier League,Arsenal FC,Chelsea FC,2026-09-06T15:30:00Z,1X2 - Draw,0.182,,,,2.16,0.68,9.7,4.0,poisson_baseline_v0
0affeb68,2026-09-05T09:46:05.269112,560570,Premier League,Arsenal FC,Chelsea FC,2026-09-06T15:30:00Z,1X2 - Away,0.1041,,,,2.16,0.68,9.7,4.0,poisson_baseline_v0
b7052b83,2026-09-05T09:46:05.269112,560570,Premier League,Arsenal FC,Chelsea FC,2026-09-06T15:30:00Z,Over 2.5 goals,0.5387,,,,2.16,0.68,9.7,4.0,poisson_baseline_v0
862baec4,2026-09-05T09:46:05.269112,560570,Premier League,Arsenal FC,Chelsea FC,2026-09-06T15:30:00Z,Under 2.5 goals,0.4613,,,,2.16,0.68,9.7,4.0,poisson_baseline_v0
5b2b5770,2026-09-05T09:46:05.269112,565786,Bundesliga,Eintracht Frankfurt,FC Augsburg,2026-09-06T15:30:00Z,1X2 - Home,0.3265,,,,1.46,1.73,10.93,4.4,poisson_baseline_v0
20ab9d7c,2026-09-05T09:46:05.269112,565786,Bundesliga,Eintracht Frankfurt,FC Augsburg,2026-09-06T15:30:00Z,1X2 - Draw,0.2322,,,,1.46,1.73,10.93,4.4,poisson_baseline_v0
b855f884,2026-09-05T09:46:05.269112,565786,Bundesliga,Eintracht Frankfurt,FC Augsburg,2026-09-06T15:30:00Z,1X2 - Away,0.4412,,,,1.46,1.73,10.93,4.4,poisson_baseline_v0
a6767295,2026-09-05T09:46:05.269112,565786,Bundesliga,Eintracht Frankfurt,FC Augsburg,2026-09-06T15:30:00Z,Over 2.5 goals,0.6192,,,,1.46,1.73,10.93,4.4,poisson_baseline_v0
d661adcd,2026-09-05T09:46:05.269112,565786,Bundesliga,Eintracht Frankfurt,FC Augsburg,2026-09-06T15:30:00Z,Under 2.5 goals,0.3808,,,,1.46,1.73,10.93,4.4,poisson_baseline_v0
171d0217,2026-09-05T09:46:05.269112,558613,Serie A,Bologna FC 1909,US Sassuolo Calcio,2026-09-06T16:00:00Z,1X2 - Home,0.2656,,,,0.82,1.13,8.83,3.87,poisson_baseline_v0
555adb77,2026-09-05T09:46:05.269112,558613,Serie A,Bologna FC 1909,US Sassuolo Calcio,2026-09-06T16:00:00Z,1X2 - Draw,0.3083,,,,0.82,1.13,8.83,3.87,poisson_baseline_v0
aa90ce71,2026-09-05T09:46:05.269112,558613,Serie A,Bologna FC 1909,US Sassuolo Calcio,2026-09-06T16:00:00Z,1X2 - Away,0.4261,,,,0.82,1.13,8.83,3.87,poisson_baseline_v0
30a2fd06,2026-09-05T09:46:05.269112,558613,Serie A,Bologna FC 1909,US Sassuolo Calcio,2026-09-06T16:00:00Z,Over 2.5 goals,0.3093,,,,0.82,1.13,8.83,3.87,poisson_baseline_v0
7a3ecae3,2026-09-05T09:46:05.269112,558613,Serie A,Bologna FC 1909,US Sassuolo Calcio,2026-09-06T16:00:00Z,Under 2.5 goals,0.6907,,,,0.82,1.13,8.83,3.87,poisson_baseline_v0
feb6e360,2026-09-05T09:46:05.269112,564664,Primera Division,Deportivo Alavés,CA Osasuna,2026-09-06T16:30:00Z,1X2 - Home,0.4054,,,,1.66,1.56,10.1,5.87,poisson_baseline_v0
77fddb4f,2026-09-05T09:46:05.269112,564664,Primera Division,Deportivo Alavés,CA Osasuna,2026-09-06T16:30:00Z,1X2 - Draw,0.2329,,,,1.66,1.56,10.1,5.87,poisson_baseline_v0
04228364,2026-09-05T09:46:05.269112,564664,Primera Division,Deportivo Alavés,CA Osasuna,2026-09-06T16:30:00Z,1X2 - Away,0.3616,,,,1.66,1.56,10.1,5.87,poisson_baseline_v0
a5adcfcf,2026-09-05T09:46:05.269112,564664,Primera Division,Deportivo Alavés,CA Osasuna,2026-09-06T16:30:00Z,Over 2.5 goals,0.6253,,,,1.66,1.56,10.1,5.87,poisson_baseline_v0
772e8baa,2026-09-05T09:46:05.269112,564664,Primera Division,Deportivo Alavés,CA Osasuna,2026-09-06T16:30:00Z,Under 2.5 goals,0.3747,,,,1.66,1.56,10.1,5.87,poisson_baseline_v0
6b970393,2026-09-05T09:46:05.269112,564666,Primera Division,Málaga CF,Levante UD,2026-09-06T16:30:00Z,1X2 - Home,0.0163,,,,0.34,3.35,10.37,4.33,poisson_baseline_v0
7f30f878,2026-09-05T09:46:05.269112,564666,Primera Division,Málaga CF,Levante UD,2026-09-06T16:30:00Z,1X2 - Draw,0.062,,,,0.34,3.35,10.37,4.33,poisson_baseline_v0
6687fde1,2026-09-05T09:46:05.269112,564666,Primera Division,Málaga CF,Levante UD,2026-09-06T16:30:00Z,1X2 - Away,0.914,,,,0.34,3.35,10.37,4.33,poisson_baseline_v0
349d742b,2026-09-05T09:46:05.269112,564666,Primera Division,Málaga CF,Levante UD,2026-09-06T16:30:00Z,Over 2.5 goals,0.7052,,,,0.34,3.35,10.37,4.33,poisson_baseline_v0
4b512918,2026-09-05T09:46:05.269112,564666,Primera Division,Málaga CF,Levante UD,2026-09-06T16:30:00Z,Under 2.5 goals,0.2948,,,,0.34,3.35,10.37,4.33,poisson_baseline_v0
ebb5d1b6,2026-09-05T09:46:05.269112,558618,Serie A,Juventus FC,AC Milan,2026-09-06T18:45:00Z,1X2 - Home,0.4659,,,,1.09,0.62,8.63,3.4,poisson_baseline_v0
b5897e98,2026-09-05T09:46:05.269112,558618,Serie A,Juventus FC,AC Milan,2026-09-06T18:45:00Z,1X2 - Draw,0.326,,,,1.09,0.62,8.63,3.4,poisson_baseline_v0
6b4ac552,2026-09-05T09:46:05.269112,558618,Serie A,Juventus FC,AC Milan,2026-09-06T18:45:00Z,1X2 - Away,0.2081,,,,1.09,0.62,8.63,3.4,poisson_baseline_v0
748ad139,2026-09-05T09:46:05.269112,558618,Serie A,Juventus FC,AC Milan,2026-09-06T18:45:00Z,Over 2.5 goals,0.2444,,,,1.09,0.62,8.63,3.4,poisson_baseline_v0
3ce80b8a,2026-09-05T09:46:05.269112,558618,Serie A,Juventus FC,AC Milan,2026-09-06T18:45:00Z,Under 2.5 goals,0.7556,,,,1.09,0.62,8.63,3.4,poisson_baseline_v0
ee9a892c,2026-09-05T09:46:05.269112,559694,Ligue 1,Olympique de Marseille,Paris FC,2026-09-06T18:45:00Z,1X2 - Home,0.2167,,,,0.99,1.72,9.97,5.0,poisson_baseline_v0
ee60b6c6,2026-09-05T09:46:05.269112,559694,Ligue 1,Olympique de Marseille,Paris FC,2026-09-06T18:45:00Z,1X2 - Draw,0.2381,,,,0.99,1.72,9.97,5.0,poisson_baseline_v0
0851954f,2026-09-05T09:46:05.269112,559694,Ligue 1,Olympique de Marseille,Paris FC,2026-09-06T18:45:00Z,1X2 - Away,0.5452,,,,0.99,1.72,9.97,5.0,poisson_baseline_v0
ca9cb0e6,2026-09-05T09:46:05.269112,559694,Ligue 1,Olympique de Marseille,Paris FC,2026-09-06T18:45:00Z,Over 2.5 goals,0.5093,,,,0.99,1.72,9.97,5.0,poisson_baseline_v0
f522c5b8,2026-09-05T09:46:05.269112,559694,Ligue 1,Olympique de Marseille,Paris FC,2026-09-06T18:45:00Z,Under 2.5 goals,0.4907,,,,0.99,1.72,9.97,5.0,poisson_baseline_v0
7027d510,2026-09-05T09:46:05.269112,564661,Primera Division,RCD Espanyol de Barcelona,Sevilla FC,2026-09-06T19:00:00Z,1X2 - Home,0.2882,,,,1.1,1.44,9.3,6.47,poisson_baseline_v0
993ab710,2026-09-05T09:46:05.269112,564661,Primera Division,RCD Espanyol de Barcelona,Sevilla FC,2026-09-06T19:00:00Z,1X2 - Draw,0.2632,,,,1.1,1.44,9.3,6.47,poisson_baseline_v0
5ef10888,2026-09-05T09:46:05.269112,564661,Primera Division,RCD Espanyol de Barcelona,Sevilla FC,2026-09-06T19:00:00Z,1X2 - Away,0.4486,,,,1.1,1.44,9.3,6.47,poisson_baseline_v0
f578b03d,2026-09-05T09:46:05.269112,564661,Primera Division,RCD Espanyol de Barcelona,Sevilla FC,2026-09-06T19:00:00Z,Over 2.5 goals,0.4651,,,,1.1,1.44,9.3,6.47,poisson_baseline_v0
6ff37bf5,2026-09-05T09:46:05.269112,564661,Primera Division,RCD Espanyol de Barcelona,Sevilla FC,2026-09-06T19:00:00Z,Under 2.5 goals,0.5349,,,,1.1,1.44,9.3,6.47,poisson_baseline_v0
7ef0b240,2026-09-06T10:01:39.812468,560567,Premier League,Everton FC,Manchester United FC,2026-09-06T13:00:00Z,1X2 - Home,0.1869,,,,1.13,2.19,9.83,4.53,poisson_baseline_v0
fbfbfe50,2026-09-06T10:01:39.812468,560567,Premier League,Everton FC,Manchester United FC,2026-09-06T13:00:00Z,1X2 - Draw,0.1987,,,,1.13,2.19,9.83,4.53,poisson_baseline_v0
75d3526f,2026-09-06T10:01:39.812468,560567,Premier League,Everton FC,Manchester United FC,2026-09-06T13:00:00Z,1X2 - Away,0.614,,,,1.13,2.19,9.83,4.53,poisson_baseline_v0
93601f9d,2026-09-06T10:01:39.812468,560567,Premier League,Everton FC,Manchester United FC,2026-09-06T13:00:00Z,Over 2.5 goals,0.645,,,,1.13,2.19,9.83,4.53,poisson_baseline_v0
4d62e4d4,2026-09-06T10:01:39.812468,560567,Premier League,Everton FC,Manchester United FC,2026-09-06T13:00:00Z,Under 2.5 goals,0.355,,,,1.13,2.19,9.83,4.53,poisson_baseline_v0
3315d1e3,2026-09-06T10:01:39.812468,559700,Ligue 1,ES Troyes AC,RC Strasbourg Alsace,2026-09-06T13:00:00Z,1X2 - Home,0.1229,,,,0.96,2.52,10.1,2.67,poisson_baseline_v0
312548f3,2026-09-06T10:01:39.812468,559700,Ligue 1,ES Troyes AC,RC Strasbourg Alsace,2026-09-06T13:00:00Z,1X2 - Draw,0.1647,,,,0.96,2.52,10.1,2.67,poisson_baseline_v0
5dce2ba8,2026-09-06T10:01:39.812468,559700,Ligue 1,ES Troyes AC,RC Strasbourg Alsace,2026-09-06T13:00:00Z,1X2 - Away,0.7112,,,,0.96,2.52,10.1,2.67,poisson_baseline_v0
d07cc5c6,2026-09-06T10:01:39.812468,559700,Ligue 1,ES Troyes AC,RC Strasbourg Alsace,2026-09-06T13:00:00Z,Over 2.5 goals,0.6735,,,,0.96,2.52,10.1,2.67,poisson_baseline_v0
dcbaa5d2,2026-09-06T10:01:39.812468,559700,Ligue 1,ES Troyes AC,RC Strasbourg Alsace,2026-09-06T13:00:00Z,Under 2.5 goals,0.3265,,,,0.96,2.52,10.1,2.67,poisson_baseline_v0
fd118d3c,2026-09-06T10:01:39.812468,558612,Serie A,Parma Calcio 1913,AC Monza,2026-09-06T13:00:00Z,1X2 - Home,0.4749,,,,1.13,0.63,8.7,3.33,poisson_baseline_v0
a053268f,2026-09-06T10:01:39.812468,558612,Serie A,Parma Calcio 1913,AC Monza,2026-09-06T13:00:00Z,1X2 - Draw,0.3186,,,,1.13,0.63,8.7,3.33,poisson_baseline_v0
51cc51eb,2026-09-06T10:01:39.812468,558612,Serie A,Parma Calcio 1913,AC Monza,2026-09-06T13:00:00Z,1X2 - Away,0.2065,,,,1.13,0.63,8.7,3.33,poisson_baseline_v0
54186f37,2026-09-06T10:01:39.812468,558612,Serie A,Parma Calcio 1913,AC Monza,2026-09-06T13:00:00Z,Over 2.5 goals,0.2586,,,,1.13,0.63,8.7,3.33,poisson_baseline_v0
213f8bde,2026-09-06T10:01:39.812468,558612,Serie A,Parma Calcio 1913,AC Monza,2026-09-06T13:00:00Z,Under 2.5 goals,0.7414,,,,1.13,0.63,8.7,3.33,poisson_baseline_v0
00e690d3,2026-09-06T10:01:39.812468,558615,Serie A,Frosinone Calcio,Venezia FC,2026-09-06T13:00:00Z,1X2 - Home,0.3867,,,,0.87,0.63,9.7,3.8,poisson_baseline_v0
69a799f2,2026-09-06T10:01:39.812468,558615,Serie A,Frosinone Calcio,Venezia FC,2026-09-06T13:00:00Z,1X2 - Draw,0.3633,,,,0.87,0.63,9.7,3.8,poisson_baseline_v0
10079fd5,2026-09-06T10:01:39.812468,558615,Serie A,Frosinone Calcio,Venezia FC,2026-09-06T13:00:00Z,1X2 - Away,0.25,,,,0.87,0.63,9.7,3.8,poisson_baseline_v0
c6b54676,2026-09-06T10:01:39.812468,558615,Serie A,Frosinone Calcio,Venezia FC,2026-09-06T13:00:00Z,Over 2.5 goals,0.1914,,,,0.87,0.63,9.7,3.8,poisson_baseline_v0
084beb42,2026-09-06T10:01:39.812468,558615,Serie A,Frosinone Calcio,Venezia FC,2026-09-06T13:00:00Z,Under 2.5 goals,0.8086,,,,0.87,0.63,9.7,3.8,poisson_baseline_v0
c7748804,2026-09-06T10:01:39.812468,565788,Bundesliga,Hamburger SV,1. FSV Mainz 05,2026-09-06T13:30:00Z,1X2 - Home,0.2027,,,,0.97,1.78,10.13,3.73,poisson_baseline_v0
70cfe96c,2026-09-06T10:01:39.812468,565788,Bundesliga,Hamburger SV,1. FSV Mainz 05,2026-09-06T13:30:00Z,1X2 - Draw,0.2321,,,,0.97,1.78,10.13,3.73,poisson_baseline_v0
1d25a438,2026-09-06T10:01:39.812468,565788,Bundesliga,Hamburger SV,1. FSV Mainz 05,2026-09-06T13:30:00Z,1X2 - Away,0.5651,,,,0.97,1.78,10.13,3.73,poisson_baseline_v0
46b029a7,2026-09-06T10:01:39.812468,565788,Bundesliga,Hamburger SV,1. FSV Mainz 05,2026-09-06T13:30:00Z,Over 2.5 goals,0.5173,,,,0.97,1.78,10.13,3.73,poisson_baseline_v0
deee2318,2026-09-06T10:01:39.812468,565788,Bundesliga,Hamburger SV,1. FSV Mainz 05,2026-09-06T13:30:00Z,Under 2.5 goals,0.4827,,,,0.97,1.78,10.13,3.73,poisson_baseline_v0
ea40dfc5,2026-09-06T10:01:39.812468,564659,Primera Division,Valencia CF,FC Barcelona,2026-09-06T14:15:00Z,1X2 - Home,0.0669,,,,0.73,2.88,10.0,3.07,poisson_baseline_v0
862d1558,2026-09-06T10:01:39.812468,564659,Primera Division,Valencia CF,FC Barcelona,2026-09-06T14:15:00Z,1X2 - Draw,0.1223,,,,0.73,2.88,10.0,3.07,poisson_baseline_v0
e6ca23e0,2026-09-06T10:01:39.812468,564659,Primera Division,Valencia CF,FC Barcelona,2026-09-06T14:15:00Z,1X2 - Away,0.808,,,,0.73,2.88,10.0,3.07,poisson_baseline_v0
9b4cedf2,2026-09-06T10:01:39.812468,564659,Primera Division,Valencia CF,FC Barcelona,2026-09-06T14:15:00Z,Over 2.5 goals,0.6955,,,,0.73,2.88,10.0,3.07,poisson_baseline_v0
70107581,2026-09-06T10:01:39.812468,564659,Primera Division,Valencia CF,FC Barcelona,2026-09-06T14:15:00Z,Under 2.5 goals,0.3045,,,,0.73,2.88,10.0,3.07,poisson_baseline_v0
a7240177,2026-09-06T10:01:39.812468,565786,Bundesliga,Eintracht Frankfurt,FC Augsburg,2026-09-06T15:30:00Z,1X2 - Home,0.3265,,,,1.46,1.73,10.93,4.4,poisson_baseline_v0
1b3b23d4,2026-09-06T10:01:39.812468,565786,Bundesliga,Eintracht Frankfurt,FC Augsburg,2026-09-06T15:30:00Z,1X2 - Draw,0.2322,,,,1.46,1.73,10.93,4.4,poisson_baseline_v0
bf3cceda,2026-09-06T10:01:39.812468,565786,Bundesliga,Eintracht Frankfurt,FC Augsburg,2026-09-06T15:30:00Z,1X2 - Away,0.4412,,,,1.46,1.73,10.93,4.4,poisson_baseline_v0
f2930640,2026-09-06T10:01:39.812468,565786,Bundesliga,Eintracht Frankfurt,FC Augsburg,2026-09-06T15:30:00Z,Over 2.5 goals,0.6192,,,,1.46,1.73,10.93,4.4,poisson_baseline_v0
acf6941c,2026-09-06T10:01:39.812468,565786,Bundesliga,Eintracht Frankfurt,FC Augsburg,2026-09-06T15:30:00Z,Under 2.5 goals,0.3808,,,,1.46,1.73,10.93,4.4,poisson_baseline_v0
71cb9b94,2026-09-06T10:01:39.812468,560570,Premier League,Arsenal FC,Chelsea FC,2026-09-06T15:30:00Z,1X2 - Home,0.7135,,,,2.16,0.68,9.7,4.0,poisson_baseline_v0
dc5aaa43,2026-09-06T10:01:39.812468,560570,Premier League,Arsenal FC,Chelsea FC,2026-09-06T15:30:00Z,1X2 - Draw,0.182,,,,2.16,0.68,9.7,4.0,poisson_baseline_v0
fb8d1a16,2026-09-06T10:01:39.812468,560570,Premier League,Arsenal FC,Chelsea FC,2026-09-06T15:30:00Z,1X2 - Away,0.1041,,,,2.16,0.68,9.7,4.0,poisson_baseline_v0
52b3c33c,2026-09-06T10:01:39.812468,560570,Premier League,Arsenal FC,Chelsea FC,2026-09-06T15:30:00Z,Over 2.5 goals,0.5387,,,,2.16,0.68,9.7,4.0,poisson_baseline_v0
a407dd3b,2026-09-06T10:01:39.812468,560570,Premier League,Arsenal FC,Chelsea FC,2026-09-06T15:30:00Z,Under 2.5 goals,0.4613,,,,2.16,0.68,9.7,4.0,poisson_baseline_v0
ffbe26ed,2026-09-06T10:01:39.812468,558613,Serie A,Bologna FC 1909,US Sassuolo Calcio,2026-09-06T16:00:00Z,1X2 - Home,0.2656,,,,0.82,1.13,8.83,3.87,poisson_baseline_v0
0067fd40,2026-09-06T10:01:39.812468,558613,Serie A,Bologna FC 1909,US Sassuolo Calcio,2026-09-06T16:00:00Z,1X2 - Draw,0.3083,,,,0.82,1.13,8.83,3.87,poisson_baseline_v0
54ac0cb2,2026-09-06T10:01:39.812468,558613,Serie A,Bologna FC 1909,US Sassuolo Calcio,2026-09-06T16:00:00Z,1X2 - Away,0.4261,,,,0.82,1.13,8.83,3.87,poisson_baseline_v0
d989d2d6,2026-09-06T10:01:39.812468,558613,Serie A,Bologna FC 1909,US Sassuolo Calcio,2026-09-06T16:00:00Z,Over 2.5 goals,0.3093,,,,0.82,1.13,8.83,3.87,poisson_baseline_v0
7501a63d,2026-09-06T10:01:39.812468,558613,Serie A,Bologna FC 1909,US Sassuolo Calcio,2026-09-06T16:00:00Z,Under 2.5 goals,0.6907,,,,0.82,1.13,8.83,3.87,poisson_baseline_v0
ab8b218f,2026-09-06T10:01:39.812468,564666,Primera Division,Málaga CF,Levante UD,2026-09-06T16:30:00Z,1X2 - Home,0.0163,,,,0.34,3.35,10.37,4.33,poisson_baseline_v0
68307e77,2026-09-06T10:01:39.812468,564666,Primera Division,Málaga CF,Levante UD,2026-09-06T16:30:00Z,1X2 - Draw,0.062,,,,0.34,3.35,10.37,4.33,poisson_baseline_v0
dbc1f691,2026-09-06T10:01:39.812468,564666,Primera Division,Málaga CF,Levante UD,2026-09-06T16:30:00Z,1X2 - Away,0.914,,,,0.34,3.35,10.37,4.33,poisson_baseline_v0
4fe804f0,2026-09-06T10:01:39.812468,564666,Primera Division,Málaga CF,Levante UD,2026-09-06T16:30:00Z,Over 2.5 goals,0.7052,,,,0.34,3.35,10.37,4.33,poisson_baseline_v0
38626210,2026-09-06T10:01:39.812468,564666,Primera Division,Málaga CF,Levante UD,2026-09-06T16:30:00Z,Under 2.5 goals,0.2948,,,,0.34,3.35,10.37,4.33,poisson_baseline_v0
6d981dea,2026-09-06T10:01:39.812468,564664,Primera Division,Deportivo Alavés,CA Osasuna,2026-09-06T16:30:00Z,1X2 - Home,0.4054,,,,1.66,1.56,10.1,5.87,poisson_baseline_v0
81990422,2026-09-06T10:01:39.812468,564664,Primera Division,Deportivo Alavés,CA Osasuna,2026-09-06T16:30:00Z,1X2 - Draw,0.2329,,,,1.66,1.56,10.1,5.87,poisson_baseline_v0
f990516b,2026-09-06T10:01:39.812468,564664,Primera Division,Deportivo Alavés,CA Osasuna,2026-09-06T16:30:00Z,1X2 - Away,0.3616,,,,1.66,1.56,10.1,5.87,poisson_baseline_v0
f1af98c9,2026-09-06T10:01:39.812468,564664,Primera Division,Deportivo Alavés,CA Osasuna,2026-09-06T16:30:00Z,Over 2.5 goals,0.6253,,,,1.66,1.56,10.1,5.87,poisson_baseline_v0
97bbbe06,2026-09-06T10:01:39.812468,564664,Primera Division,Deportivo Alavés,CA Osasuna,2026-09-06T16:30:00Z,Under 2.5 goals,0.3747,,,,1.66,1.56,10.1,5.87,poisson_baseline_v0
0bc881a7,2026-09-06T10:01:39.812468,559694,Ligue 1,Olympique de Marseille,Paris FC,2026-09-06T18:45:00Z,1X2 - Home,0.2167,,,,0.99,1.72,9.97,5.0,poisson_baseline_v0
2f9b78a7,2026-09-06T10:01:39.812468,559694,Ligue 1,Olympique de Marseille,Paris FC,2026-09-06T18:45:00Z,1X2 - Draw,0.2381,,,,0.99,1.72,9.97,5.0,poisson_baseline_v0
3bbf40e0,2026-09-06T10:01:39.812468,559694,Ligue 1,Olympique de Marseille,Paris FC,2026-09-06T18:45:00Z,1X2 - Away,0.5452,,,,0.99,1.72,9.97,5.0,poisson_baseline_v0
1b7cbedd,2026-09-06T10:01:39.812468,559694,Ligue 1,Olympique de Marseille,Paris FC,2026-09-06T18:45:00Z,Over 2.5 goals,0.5093,,,,0.99,1.72,9.97,5.0,poisson_baseline_v0
70056466,2026-09-06T10:01:39.812468,559694,Ligue 1,Olympique de Marseille,Paris FC,2026-09-06T18:45:00Z,Under 2.5 goals,0.4907,,,,0.99,1.72,9.97,5.0,poisson_baseline_v0
35f1e7cb,2026-09-06T10:01:39.812468,558618,Serie A,Juventus FC,AC Milan,2026-09-06T18:45:00Z,1X2 - Home,0.4659,,,,1.09,0.62,8.63,3.4,poisson_baseline_v0
f7d5a08e,2026-09-06T10:01:39.812468,558618,Serie A,Juventus FC,AC Milan,2026-09-06T18:45:00Z,1X2 - Draw,0.326,,,,1.09,0.62,8.63,3.4,poisson_baseline_v0
a073758f,2026-09-06T10:01:39.812468,558618,Serie A,Juventus FC,AC Milan,2026-09-06T18:45:00Z,1X2 - Away,0.2081,,,,1.09,0.62,8.63,3.4,poisson_baseline_v0
8bcd50e3,2026-09-06T10:01:39.812468,558618,Serie A,Juventus FC,AC Milan,2026-09-06T18:45:00Z,Over 2.5 goals,0.2444,,,,1.09,0.62,8.63,3.4,poisson_baseline_v0
4cbee713,2026-09-06T10:01:39.812468,558618,Serie A,Juventus FC,AC Milan,2026-09-06T18:45:00Z,Under 2.5 goals,0.7556,,,,1.09,0.62,8.63,3.4,poisson_baseline_v0
1cf30464,2026-09-06T10:01:39.812468,564661,Primera Division,RCD Espanyol de Barcelona,Sevilla FC,2026-09-06T19:00:00Z,1X2 - Home,0.2882,,,,1.1,1.44,9.3,6.47,poisson_baseline_v0
84771fc9,2026-09-06T10:01:39.812468,564661,Primera Division,RCD Espanyol de Barcelona,Sevilla FC,2026-09-06T19:00:00Z,1X2 - Draw,0.2632,,,,1.1,1.44,9.3,6.47,poisson_baseline_v0
05fcfdda,2026-09-06T10:01:39.812468,564661,Primera Division,RCD Espanyol de Barcelona,Sevilla FC,2026-09-06T19:00:00Z,1X2 - Away,0.4486,,,,1.1,1.44,9.3,6.47,poisson_baseline_v0
b9501c7d,2026-09-06T10:01:39.812468,564661,Primera Division,RCD Espanyol de Barcelona,Sevilla FC,2026-09-06T19:00:00Z,Over 2.5 goals,0.4651,,,,1.1,1.44,9.3,6.47,poisson_baseline_v0
d2f38413,2026-09-06T10:01:39.812468,564661,Primera Division,RCD Espanyol de Barcelona,Sevilla FC,2026-09-06T19:00:00Z,Under 2.5 goals,0.5349,,,,1.1,1.44,9.3,6.47,poisson_baseline_v0
db23d9b5,2026-09-06T10:01:39.812468,558610,Serie A,Cagliari Calcio,US Lecce,2026-09-07T16:30:00Z,1X2 - Home,0.3457,,,,0.91,0.87,8.7,4.0,poisson_baseline_v0
adb55c24,2026-09-06T10:01:39.812468,558610,Serie A,Cagliari Calcio,US Lecce,2026-09-07T16:30:00Z,1X2 - Draw,0.3311,,,,0.91,0.87,8.7,4.0,poisson_baseline_v0
f00feb68,2026-09-06T10:01:39.812468,558610,Serie A,Cagliari Calcio,US Lecce,2026-09-07T16:30:00Z,1X2 - Away,0.3233,,,,0.91,0.87,8.7,4.0,poisson_baseline_v0
2b2fac15,2026-09-06T10:01:39.812468,558610,Serie A,Cagliari Calcio,US Lecce,2026-09-07T16:30:00Z,Over 2.5 goals,0.2639,,,,0.91,0.87,8.7,4.0,poisson_baseline_v0
6afd3d60,2026-09-06T10:01:39.812468,558610,Serie A,Cagliari Calcio,US Lecce,2026-09-07T16:30:00Z,Under 2.5 goals,0.7361,,,,0.91,0.87,8.7,4.0,poisson_baseline_v0
548088d9,2026-09-06T10:01:39.812468,564665,Primera Division,Getafe CF,RC Celta de Vigo,2026-09-07T17:00:00Z,1X2 - Home,0.3073,,,,0.8,0.88,8.4,5.87,poisson_baseline_v0
4f6fbc51,2026-09-06T10:01:39.812468,564665,Primera Division,Getafe CF,RC Celta de Vigo,2026-09-07T17:00:00Z,1X2 - Draw,0.3417,,,,0.8,0.88,8.4,5.87,poisson_baseline_v0
73c3d23a,2026-09-06T10:01:39.812468,564665,Primera Division,Getafe CF,RC Celta de Vigo,2026-09-07T17:00:00Z,1X2 - Away,0.351,,,,0.8,0.88,8.4,5.87,poisson_baseline_v0
45f3c740,2026-09-06T10:01:39.812468,564665,Primera Division,Getafe CF,RC Celta de Vigo,2026-09-07T17:00:00Z,Over 2.5 goals,0.2394,,,,0.8,0.88,8.4,5.87,poisson_baseline_v0
558a4af7,2026-09-06T10:01:39.812468,564665,Primera Division,Getafe CF,RC Celta de Vigo,2026-09-07T17:00:00Z,Under 2.5 goals,0.7606,,,,0.8,0.88,8.4,5.87,poisson_baseline_v0
5f3649c8,2026-09-06T10:01:39.812468,558617,Serie A,Udinese Calcio,SS Lazio,2026-09-07T18:45:00Z,1X2 - Home,0.383,,,,0.96,0.78,9.1,4.27,poisson_baseline_v0
aa954bda,2026-09-06T10:01:39.812468,558617,Serie A,Udinese Calcio,SS Lazio,2026-09-07T18:45:00Z,1X2 - Draw,0.3341,,,,0.96,0.78,9.1,4.27,poisson_baseline_v0
40a86a01,2026-09-06T10:01:39.812468,558617,Serie A,Udinese Calcio,SS Lazio,2026-09-07T18:45:00Z,1X2 - Away,0.2829,,,,0.96,0.78,9.1,4.27,poisson_baseline_v0
1b0b8dfd,2026-09-06T10:01:39.812468,558617,Serie A,Udinese Calcio,SS Lazio,2026-09-07T18:45:00Z,Over 2.5 goals,0.2525,,,,0.96,0.78,9.1,4.27,poisson_baseline_v0
c46f6664,2026-09-06T10:01:39.812468,558617,Serie A,Udinese Calcio,SS Lazio,2026-09-07T18:45:00Z,Under 2.5 goals,0.7475,,,,0.96,0.78,9.1,4.27,poisson_baseline_v0
0a43c489,2026-09-06T10:01:39.812468,564658,Primera Division,Elche CF,Real Sociedad de Fútbol,2026-09-07T19:30:00Z,1X2 - Home,0.2225,,,,1.43,2.37,9.23,5.6,poisson_baseline_v0
2989a334,2026-09-06T10:01:39.812468,564658,Primera Division,Elche CF,Real Sociedad de Fútbol,2026-09-07T19:30:00Z,1X2 - Draw,0.1923,,,,1.43,2.37,9.23,5.6,poisson_baseline_v0
b3baf819,2026-09-06T10:01:39.812468,564658,Primera Division,Elche CF,Real Sociedad de Fútbol,2026-09-07T19:30:00Z,1X2 - Away,0.5844,,,,1.43,2.37,9.23,5.6,poisson_baseline_v0
8261c34d,2026-09-06T10:01:39.812468,564658,Primera Division,Elche CF,Real Sociedad de Fútbol,2026-09-07T19:30:00Z,Over 2.5 goals,0.73,,,,1.43,2.37,9.23,5.6,poisson_baseline_v0
040397b5,2026-09-06T10:01:39.812468,564658,Primera Division,Elche CF,Real Sociedad de Fútbol,2026-09-07T19:30:00Z,Under 2.5 goals,0.27,,,,1.43,2.37,9.23,5.6,poisson_baseline_v0
a494cd4d,2026-09-07T11:13:52.014689,558610,Serie A,Cagliari Calcio,US Lecce,2026-09-07T16:30:00Z,1X2 - Home,0.3457,,,,0.91,0.87,8.7,4.0,poisson_baseline_v0
56362c1c,2026-09-07T11:13:52.014689,558610,Serie A,Cagliari Calcio,US Lecce,2026-09-07T16:30:00Z,1X2 - Draw,0.3311,,,,0.91,0.87,8.7,4.0,poisson_baseline_v0
1b7af8d6,2026-09-07T11:13:52.014689,558610,Serie A,Cagliari Calcio,US Lecce,2026-09-07T16:30:00Z,1X2 - Away,0.3233,,,,0.91,0.87,8.7,4.0,poisson_baseline_v0
bfa9d4c1,2026-09-07T11:13:52.014689,558610,Serie A,Cagliari Calcio,US Lecce,2026-09-07T16:30:00Z,Over 2.5 goals,0.2639,,,,0.91,0.87,8.7,4.0,poisson_baseline_v0
ec73f6d8,2026-09-07T11:13:52.014689,558610,Serie A,Cagliari Calcio,US Lecce,2026-09-07T16:30:00Z,Under 2.5 goals,0.7361,,,,0.91,0.87,8.7,4.0,poisson_baseline_v0
b1ce3715,2026-09-07T11:13:52.014689,564665,Primera Division,Getafe CF,RC Celta de Vigo,2026-09-07T17:00:00Z,1X2 - Home,0.3073,,,,0.8,0.88,8.4,5.87,poisson_baseline_v0
f0a39306,2026-09-07T11:13:52.014689,564665,Primera Division,Getafe CF,RC Celta de Vigo,2026-09-07T17:00:00Z,1X2 - Draw,0.3417,,,,0.8,0.88,8.4,5.87,poisson_baseline_v0
b3d7d7d5,2026-09-07T11:13:52.014689,564665,Primera Division,Getafe CF,RC Celta de Vigo,2026-09-07T17:00:00Z,1X2 - Away,0.351,,,,0.8,0.88,8.4,5.87,poisson_baseline_v0
435c7552,2026-09-07T11:13:52.014689,564665,Primera Division,Getafe CF,RC Celta de Vigo,2026-09-07T17:00:00Z,Over 2.5 goals,0.2394,,,,0.8,0.88,8.4,5.87,poisson_baseline_v0
29ca9853,2026-09-07T11:13:52.014689,564665,Primera Division,Getafe CF,RC Celta de Vigo,2026-09-07T17:00:00Z,Under 2.5 goals,0.7606,,,,0.8,0.88,8.4,5.87,poisson_baseline_v0
f057ecec,2026-09-07T11:13:52.014689,558617,Serie A,Udinese Calcio,SS Lazio,2026-09-07T18:45:00Z,1X2 - Home,0.383,,,,0.96,0.78,9.1,4.27,poisson_baseline_v0
4f6a0bf5,2026-09-07T11:13:52.014689,558617,Serie A,Udinese Calcio,SS Lazio,2026-09-07T18:45:00Z,1X2 - Draw,0.3341,,,,0.96,0.78,9.1,4.27,poisson_baseline_v0
564ef88a,2026-09-07T11:13:52.014689,558617,Serie A,Udinese Calcio,SS Lazio,2026-09-07T18:45:00Z,1X2 - Away,0.2829,,,,0.96,0.78,9.1,4.27,poisson_baseline_v0
c9684025,2026-09-07T11:13:52.014689,558617,Serie A,Udinese Calcio,SS Lazio,2026-09-07T18:45:00Z,Over 2.5 goals,0.2525,,,,0.96,0.78,9.1,4.27,poisson_baseline_v0
21111c81,2026-09-07T11:13:52.014689,558617,Serie A,Udinese Calcio,SS Lazio,2026-09-07T18:45:00Z,Under 2.5 goals,0.7475,,,,0.96,0.78,9.1,4.27,poisson_baseline_v0
b5e5bff4,2026-09-07T11:13:52.014689,564658,Primera Division,Elche CF,Real Sociedad de Fútbol,2026-09-07T19:30:00Z,1X2 - Home,0.2225,,,,1.43,2.37,9.23,5.6,poisson_baseline_v0
3ecdb163,2026-09-07T11:13:52.014689,564658,Primera Division,Elche CF,Real Sociedad de Fútbol,2026-09-07T19:30:00Z,1X2 - Draw,0.1923,,,,1.43,2.37,9.23,5.6,poisson_baseline_v0
8b28adb9,2026-09-07T11:13:52.014689,564658,Primera Division,Elche CF,Real Sociedad de Fútbol,2026-09-07T19:30:00Z,1X2 - Away,0.5844,,,,1.43,2.37,9.23,5.6,poisson_baseline_v0
4e0ebbe4,2026-09-07T11:13:52.014689,564658,Primera Division,Elche CF,Real Sociedad de Fútbol,2026-09-07T19:30:00Z,Over 2.5 goals,0.73,,,,1.43,2.37,9.23,5.6,poisson_baseline_v0
c49fdd2a,2026-09-07T11:13:52.014689,564658,Primera Division,Elche CF,Real Sociedad de Fútbol,2026-09-07T19:30:00Z,Under 2.5 goals,0.27,,,,1.43,2.37,9.23,5.6,poisson_baseline_v0
1e121bfc,2026-09-10T10:22:09.934285,565797,Bundesliga,1. FC Union Berlin,FC Schalke 04,2026-09-11T18:30:00Z,1X2 - Home,0.3393,,,,1.76,2.04,11.07,4.13,poisson_baseline_v0
aefb2717,2026-09-10T10:22:09.934285,565797,Bundesliga,1. FC Union Berlin,FC Schalke 04,2026-09-11T18:30:00Z,1X2 - Draw,0.211,,,,1.76,2.04,11.07,4.13,poisson_baseline_v0
feaf1c9b,2026-09-10T10:22:09.934285,565797,Bundesliga,1. FC Union Berlin,FC Schalke 04,2026-09-11T18:30:00Z,1X2 - Away,0.4493,,,,1.76,2.04,11.07,4.13,poisson_baseline_v0
1cddb51d,2026-09-10T10:22:09.934285,565797,Bundesliga,1. FC Union Berlin,FC Schalke 04,2026-09-11T18:30:00Z,Over 2.5 goals,0.7307,,,,1.76,2.04,11.07,4.13,poisson_baseline_v0
6a7cab9c,2026-09-10T10:22:09.934285,565797,Bundesliga,1. FC Union Berlin,FC Schalke 04,2026-09-11T18:30:00Z,Under 2.5 goals,0.2693,,,,1.76,2.04,11.07,4.13,poisson_baseline_v0
56a12ba7,2026-09-10T10:22:09.934285,558606,Serie A,Venezia FC,ACF Fiorentina,2026-09-11T18:45:00Z,1X2 - Home,0.2727,,,,0.73,0.93,8.37,4.53,poisson_baseline_v0
6912e36e,2026-09-10T10:22:09.934285,558606,Serie A,Venezia FC,ACF Fiorentina,2026-09-11T18:45:00Z,1X2 - Draw,0.3431,,,,0.73,0.93,8.37,4.53,poisson_baseline_v0
bc3ea108,2026-09-10T10:22:09.934285,558606,Serie A,Venezia FC,ACF Fiorentina,2026-09-11T18:45:00Z,1X2 - Away,0.3842,,,,0.73,0.93,8.37,4.53,poisson_baseline_v0
1d031b4c,2026-09-10T10:22:09.934285,558606,Serie A,Venezia FC,ACF Fiorentina,2026-09-11T18:45:00Z,Over 2.5 goals,0.2318,,,,0.73,0.93,8.37,4.53,poisson_baseline_v0
a0bfd87c,2026-09-10T10:22:09.934285,558606,Serie A,Venezia FC,ACF Fiorentina,2026-09-11T18:45:00Z,Under 2.5 goals,0.7682,,,,0.73,0.93,8.37,4.53,poisson_baseline_v0
aeb81202,2026-09-10T10:22:09.934285,564669,Primera Division,Sevilla FC,Valencia CF,2026-09-11T19:00:00Z,1X2 - Home,0.2968,,,,1.26,1.63,8.5,4.93,poisson_baseline_v0
573b62dc,2026-09-10T10:22:09.934285,564669,Primera Division,Sevilla FC,Valencia CF,2026-09-11T19:00:00Z,1X2 - Draw,0.2438,,,,1.26,1.63,8.5,4.93,poisson_baseline_v0
125cdd6e,2026-09-10T10:22:09.934285,564669,Primera Division,Sevilla FC,Valencia CF,2026-09-11T19:00:00Z,1X2 - Away,0.4594,,,,1.26,1.63,8.5,4.93,poisson_baseline_v0
be4c7fc7,2026-09-10T10:22:09.934285,564669,Primera Division,Sevilla FC,Valencia CF,2026-09-11T19:00:00Z,Over 2.5 goals,0.551,,,,1.26,1.63,8.5,4.93,poisson_baseline_v0
0218edda,2026-09-10T10:22:09.934285,564669,Primera Division,Sevilla FC,Valencia CF,2026-09-11T19:00:00Z,Under 2.5 goals,0.449,,,,1.26,1.63,8.5,4.93,poisson_baseline_v0
fd7f92c4,2026-09-11T10:22:39.600013,565797,Bundesliga,1. FC Union Berlin,FC Schalke 04,2026-09-11T18:30:00Z,1X2 - Home,0.3393,,,,1.76,2.04,11.07,4.13,poisson_baseline_v0
60474b9b,2026-09-11T10:22:39.600013,565797,Bundesliga,1. FC Union Berlin,FC Schalke 04,2026-09-11T18:30:00Z,1X2 - Draw,0.211,,,,1.76,2.04,11.07,4.13,poisson_baseline_v0
6f8e0afe,2026-09-11T10:22:39.600013,565797,Bundesliga,1. FC Union Berlin,FC Schalke 04,2026-09-11T18:30:00Z,1X2 - Away,0.4493,,,,1.76,2.04,11.07,4.13,poisson_baseline_v0
117a887d,2026-09-11T10:22:39.600013,565797,Bundesliga,1. FC Union Berlin,FC Schalke 04,2026-09-11T18:30:00Z,Over 2.5 goals,0.7307,,,,1.76,2.04,11.07,4.13,poisson_baseline_v0
c740751f,2026-09-11T10:22:39.600013,565797,Bundesliga,1. FC Union Berlin,FC Schalke 04,2026-09-11T18:30:00Z,Under 2.5 goals,0.2693,,,,1.76,2.04,11.07,4.13,poisson_baseline_v0
47b1362e,2026-09-11T10:22:39.600013,558606,Serie A,Venezia FC,ACF Fiorentina,2026-09-11T18:45:00Z,1X2 - Home,0.2727,,,,0.73,0.93,8.37,4.53,poisson_baseline_v0
7e0dd30b,2026-09-11T10:22:39.600013,558606,Serie A,Venezia FC,ACF Fiorentina,2026-09-11T18:45:00Z,1X2 - Draw,0.3431,,,,0.73,0.93,8.37,4.53,poisson_baseline_v0
ae9f3f70,2026-09-11T10:22:39.600013,558606,Serie A,Venezia FC,ACF Fiorentina,2026-09-11T18:45:00Z,1X2 - Away,0.3842,,,,0.73,0.93,8.37,4.53,poisson_baseline_v0
ad25d378,2026-09-11T10:22:39.600013,558606,Serie A,Venezia FC,ACF Fiorentina,2026-09-11T18:45:00Z,Over 2.5 goals,0.2318,,,,0.73,0.93,8.37,4.53,poisson_baseline_v0
0947651a,2026-09-11T10:22:39.600013,558606,Serie A,Venezia FC,ACF Fiorentina,2026-09-11T18:45:00Z,Under 2.5 goals,0.7682,,,,0.73,0.93,8.37,4.53,poisson_baseline_v0
f74b1a32,2026-09-11T10:22:39.600013,564669,Primera Division,Sevilla FC,Valencia CF,2026-09-11T19:00:00Z,1X2 - Home,0.2968,,,,1.26,1.63,8.5,4.93,poisson_baseline_v0
af85a5f3,2026-09-11T10:22:39.600013,564669,Primera Division,Sevilla FC,Valencia CF,2026-09-11T19:00:00Z,1X2 - Draw,0.2438,,,,1.26,1.63,8.5,4.93,poisson_baseline_v0
307bf972,2026-09-11T10:22:39.600013,564669,Primera Division,Sevilla FC,Valencia CF,2026-09-11T19:00:00Z,1X2 - Away,0.4594,,,,1.26,1.63,8.5,4.93,poisson_baseline_v0
37436ff1,2026-09-11T10:22:39.600013,564669,Primera Division,Sevilla FC,Valencia CF,2026-09-11T19:00:00Z,Over 2.5 goals,0.551,,,,1.26,1.63,8.5,4.93,poisson_baseline_v0
65617a45,2026-09-11T10:22:39.600013,564669,Primera Division,Sevilla FC,Valencia CF,2026-09-11T19:00:00Z,Under 2.5 goals,0.449,,,,1.26,1.63,8.5,4.93,poisson_baseline_v0
e69519c9,2026-09-11T10:22:39.600013,564670,Primera Division,Real Racing Club de Santander,Deportivo Alavés,2026-09-12T12:00:00Z,1X2 - Home,0.1608,,,,1.76,3.47,12.77,4.92,poisson_baseline_v0
d236fd01,2026-09-11T10:22:39.600013,564670,Primera Division,Real Racing Club de Santander,Deportivo Alavés,2026-09-12T12:00:00Z,1X2 - Draw,0.1386,,,,1.76,3.47,12.77,4.92,poisson_baseline_v0
eafbf649,2026-09-11T10:22:39.600013,564670,Primera Division,Real Racing Club de Santander,Deportivo Alavés,2026-09-12T12:00:00Z,1X2 - Away,0.6912,,,,1.76,3.47,12.77,4.92,poisson_baseline_v0
02ddc352,2026-09-11T10:22:39.600013,564670,Primera Division,Real Racing Club de Santander,Deportivo Alavés,2026-09-12T12:00:00Z,Over 2.5 goals,0.8838,,,,1.76,3.47,12.77,4.92,poisson_baseline_v0
722bf6fd,2026-09-11T10:22:39.600013,564670,Primera Division,Real Racing Club de Santander,Deportivo Alavés,2026-09-12T12:00:00Z,Under 2.5 goals,0.1162,,,,1.76,3.47,12.77,4.92,poisson_baseline_v0
ed56ddac,2026-09-11T10:22:39.600013,558604,Serie A,Genoa CFC,Frosinone Calcio,2026-09-12T13:00:00Z,1X2 - Home,0.1621,,,,0.52,1.18,9.4,2.8,poisson_baseline_v0
e34daa56,2026-09-11T10:22:39.600013,558604,Serie A,Genoa CFC,Frosinone Calcio,2026-09-12T13:00:00Z,1X2 - Draw,0.313,,,,0.52,1.18,9.4,2.8,poisson_baseline_v0
5fe5ce9d,2026-09-11T10:22:39.600013,558604,Serie A,Genoa CFC,Frosinone Calcio,2026-09-12T13:00:00Z,1X2 - Away,0.5249,,,,0.52,1.18,9.4,2.8,poisson_baseline_v0
04c0675b,2026-09-11T10:22:39.600013,558604,Serie A,Genoa CFC,Frosinone Calcio,2026-09-12T13:00:00Z,Over 2.5 goals,0.2424,,,,0.52,1.18,9.4,2.8,poisson_baseline_v0
c1b77ec5,2026-09-11T10:22:39.600013,558604,Serie A,Genoa CFC,Frosinone Calcio,2026-09-12T13:00:00Z,Under 2.5 goals,0.7576,,,,0.52,1.18,9.4,2.8,poisson_baseline_v0
3bee1b66,2026-09-11T10:22:39.600013,565794,Bundesliga,TSG 1899 Hoffenheim,VfB Stuttgart,2026-09-12T13:30:00Z,1X2 - Home,0.146,,,,1.71,3.57,10.93,4.53,poisson_baseline_v0
213caf2c,2026-09-11T10:22:39.600013,565794,Bundesliga,TSG 1899 Hoffenheim,VfB Stuttgart,2026-09-12T13:30:00Z,1X2 - Draw,0.1317,,,,1.71,3.57,10.93,4.53,poisson_baseline_v0
ce587358,2026-09-11T10:22:39.600013,565794,Bundesliga,TSG 1899 Hoffenheim,VfB Stuttgart,2026-09-12T13:30:00Z,1X2 - Away,0.7111,,,,1.71,3.57,10.93,4.53,poisson_baseline_v0
f74e4224,2026-09-11T10:22:39.600013,565794,Bundesliga,TSG 1899 Hoffenheim,VfB Stuttgart,2026-09-12T13:30:00Z,Over 2.5 goals,0.8863,,,,1.71,3.57,10.93,4.53,poisson_baseline_v0
5bfce9df,2026-09-11T10:22:39.600013,565794,Bundesliga,TSG 1899 Hoffenheim,VfB Stuttgart,2026-09-12T13:30:00Z,Under 2.5 goals,0.1137,,,,1.71,3.57,10.93,4.53,poisson_baseline_v0
ebfe5f73,2026-09-11T10:22:39.600013,565802,Bundesliga,SC Freiburg,Borussia Mönchengladbach,2026-09-12T13:30:00Z,1X2 - Home,0.3858,,,,1.58,1.57,8.43,4.13,poisson_baseline_v0
03d4c732,2026-09-11T10:22:39.600013,565802,Bundesliga,SC Freiburg,Borussia Mönchengladbach,2026-09-12T13:30:00Z,1X2 - Draw,0.2363,,,,1.58,1.57,8.43,4.13,poisson_baseline_v0
fd81f108,2026-09-11T10:22:39.600013,565802,Bundesliga,SC Freiburg,Borussia Mönchengladbach,2026-09-12T13:30:00Z,1X2 - Away,0.3779,,,,1.58,1.57,8.43,4.13,poisson_baseline_v0
0b757aff,2026-09-11T10:22:39.600013,565802,Bundesliga,SC Freiburg,Borussia Mönchengladbach,2026-09-12T13:30:00Z,Over 2.5 goals,0.6098,,,,1.58,1.57,8.43,4.13,poisson_baseline_v0
9177528f,2026-09-11T10:22:39.600013,565802,Bundesliga,SC Freiburg,Borussia Mönchengladbach,2026-09-12T13:30:00Z,Under 2.5 goals,0.3902,,,,1.58,1.57,8.43,4.13,poisson_baseline_v0
ac184184,2026-09-11T10:22:39.600013,565796,Bundesliga,FC Augsburg,Bayer 04 Leverkusen,2026-09-12T13:30:00Z,1X2 - Home,0.2829,,,,1.64,2.23,10.7,3.67,poisson_baseline_v0
558b75df,2026-09-11T10:22:39.600013,565796,Bundesliga,FC Augsburg,Bayer 04 Leverkusen,2026-09-12T13:30:00Z,1X2 - Draw,0.2025,,,,1.64,2.23,10.7,3.67,poisson_baseline_v0
a4edfda1,2026-09-11T10:22:39.600013,565796,Bundesliga,FC Augsburg,Bayer 04 Leverkusen,2026-09-12T13:30:00Z,1X2 - Away,0.514,,,,1.64,2.23,10.7,3.67,poisson_baseline_v0
4c4073bf,2026-09-11T10:22:39.600013,565796,Bundesliga,FC Augsburg,Bayer 04 Leverkusen,2026-09-12T13:30:00Z,Over 2.5 goals,0.7416,,,,1.64,2.23,10.7,3.67,poisson_baseline_v0
e6c8d003,2026-09-11T10:22:39.600013,565796,Bundesliga,FC Augsburg,Bayer 04 Leverkusen,2026-09-12T13:30:00Z,Under 2.5 goals,0.2584,,,,1.64,2.23,10.7,3.67,poisson_baseline_v0
8ab2446e,2026-09-11T10:22:39.600013,565801,Bundesliga,1. FSV Mainz 05,Eintracht Frankfurt,2026-09-12T13:30:00Z,1X2 - Home,0.3981,,,,1.58,1.5,10.4,3.73,poisson_baseline_v0
6472f474,2026-09-11T10:22:39.600013,565801,Bundesliga,1. FSV Mainz 05,Eintracht Frankfurt,2026-09-12T13:30:00Z,1X2 - Draw,0.2388,,,,1.58,1.5,10.4,3.73,poisson_baseline_v0
038bad5c,2026-09-11T10:22:39.600013,565801,Bundesliga,1. FSV Mainz 05,Eintracht Frankfurt,2026-09-12T13:30:00Z,1X2 - Away,0.363,,,,1.58,1.5,10.4,3.73,poisson_baseline_v0
13c58afb,2026-09-11T10:22:39.600013,565801,Bundesliga,1. FSV Mainz 05,Eintracht Frankfurt,2026-09-12T13:30:00Z,Over 2.5 goals,0.5964,,,,1.58,1.5,10.4,3.73,poisson_baseline_v0
d16c7800,2026-09-11T10:22:39.600013,565801,Bundesliga,1. FSV Mainz 05,Eintracht Frankfurt,2026-09-12T13:30:00Z,Under 2.5 goals,0.4036,,,,1.58,1.5,10.4,3.73,poisson_baseline_v0
cd214793,2026-09-11T10:22:39.600013,565795,Bundesliga,Borussia Dortmund,SC Paderborn 07,2026-09-12T13:30:00Z,1X2 - Home,0.7897,,,,2.44,0.55,9.63,4.87,poisson_baseline_v0
95a04230,2026-09-11T10:22:39.600013,565795,Bundesliga,Borussia Dortmund,SC Paderborn 07,2026-09-12T13:30:00Z,1X2 - Draw,0.1444,,,,2.44,0.55,9.63,4.87,poisson_baseline_v0
093d5261,2026-09-11T10:22:39.600013,565795,Bundesliga,Borussia Dortmund,SC Paderborn 07,2026-09-12T13:30:00Z,1X2 - Away,0.065,,,,2.44,0.55,9.63,4.87,poisson_baseline_v0
f0160cd5,2026-09-11T10:22:39.600013,565795,Bundesliga,Borussia Dortmund,SC Paderborn 07,2026-09-12T13:30:00Z,Over 2.5 goals,0.5736,,,,2.44,0.55,9.63,4.87,poisson_baseline_v0
859d4d2f,2026-09-11T10:22:39.600013,565795,Bundesliga,Borussia Dortmund,SC Paderborn 07,2026-09-12T13:30:00Z,Under 2.5 goals,0.4264,,,,2.44,0.55,9.63,4.87,poisson_baseline_v0
b8dccee1,2026-09-11T10:22:39.600013,560572,Premier League,Crystal Palace FC,Ipswich Town FC,2026-09-12T14:00:00Z,1X2 - Home,0.4438,,,,1.75,1.47,9.7,3.87,poisson_baseline_v0
460c6914,2026-09-11T10:22:39.600013,560572,Premier League,Crystal Palace FC,Ipswich Town FC,2026-09-12T14:00:00Z,1X2 - Draw,0.231,,,,1.75,1.47,9.7,3.87,poisson_baseline_v0
af2bc850,2026-09-11T10:22:39.600013,560572,Premier League,Crystal Palace FC,Ipswich Town FC,2026-09-12T14:00:00Z,1X2 - Away,0.325,,,,1.75,1.47,9.7,3.87,poisson_baseline_v0
566e7a5c,2026-09-11T10:22:39.600013,560572,Premier League,Crystal Palace FC,Ipswich Town FC,2026-09-12T14:00:00Z,Over 2.5 goals,0.6246,,,,1.75,1.47,9.7,3.87,poisson_baseline_v0
3c1979c2,2026-09-11T10:22:39.600013,560572,Premier League,Crystal Palace FC,Ipswich Town FC,2026-09-12T14:00:00Z,Under 2.5 goals,0.3754,,,,1.75,1.47,9.7,3.87,poisson_baseline_v0
eebdf976,2026-09-11T10:22:39.600013,560581,Premier League,Chelsea FC,Hull City AFC,2026-09-12T14:00:00Z,1X2 - Home,0.3241,,,,1.27,1.48,9.13,5.4,poisson_baseline_v0
9834ebdc,2026-09-11T10:22:39.600013,560581,Premier League,Chelsea FC,Hull City AFC,2026-09-12T14:00:00Z,1X2 - Draw,0.2539,,,,1.27,1.48,9.13,5.4,poisson_baseline_v0
51ffd62b,2026-09-11T10:22:39.600013,560581,Premier League,Chelsea FC,Hull City AFC,2026-09-12T14:00:00Z,1X2 - Away,0.422,,,,1.27,1.48,9.13,5.4,poisson_baseline_v0
42e10f6d,2026-09-11T10:22:39.600013,560581,Premier League,Chelsea FC,Hull City AFC,2026-09-12T14:00:00Z,Over 2.5 goals,0.518,,,,1.27,1.48,9.13,5.4,poisson_baseline_v0
e138ff92,2026-09-11T10:22:39.600013,560581,Premier League,Chelsea FC,Hull City AFC,2026-09-12T14:00:00Z,Under 2.5 goals,0.482,,,,1.27,1.48,9.13,5.4,poisson_baseline_v0
63a6c268,2026-09-11T10:22:39.600013,560574,Premier League,Aston Villa FC,Nottingham Forest FC,2026-09-12T14:00:00Z,1X2 - Home,0.1264,,,,0.87,2.3,9.27,3.8,poisson_baseline_v0
0d298458,2026-09-11T10:22:39.600013,560574,Premier League,Aston Villa FC,Nottingham Forest FC,2026-09-12T14:00:00Z,1X2 - Draw,0.1788,,,,0.87,2.3,9.27,3.8,poisson_baseline_v0
0efae546,2026-09-11T10:22:39.600013,560574,Premier League,Aston Villa FC,Nottingham Forest FC,2026-09-12T14:00:00Z,1X2 - Away,0.6942,,,,0.87,2.3,9.27,3.8,poisson_baseline_v0
b77eb470,2026-09-11T10:22:39.600013,560574,Premier League,Aston Villa FC,Nottingham Forest FC,2026-09-12T14:00:00Z,Over 2.5 goals,0.6128,,,,0.87,2.3,9.27,3.8,poisson_baseline_v0
9a557540,2026-09-11T10:22:39.600013,560574,Premier League,Aston Villa FC,Nottingham Forest FC,2026-09-12T14:00:00Z,Under 2.5 goals,0.3872,,,,0.87,2.3,9.27,3.8,poisson_baseline_v0
4ee66735,2026-09-11T10:22:39.600013,560576,Premier League,AFC Bournemouth,Brentford FC,2026-09-12T14:00:00Z,1X2 - Home,0.3661,,,,1.03,0.95,10.57,4.07,poisson_baseline_v0
aec3f1df,2026-09-11T10:22:39.600013,560576,Premier League,AFC Bournemouth,Brentford FC,2026-09-12T14:00:00Z,1X2 - Draw,0.3095,,,,1.03,0.95,10.57,4.07,poisson_baseline_v0
4fc9cc2b,2026-09-11T10:22:39.600013,560576,Premier League,AFC Bournemouth,Brentford FC,2026-09-12T14:00:00Z,1X2 - Away,0.3244,,,,1.03,0.95,10.57,4.07,poisson_baseline_v0
b31aacb1,2026-09-11T10:22:39.600013,560576,Premier League,AFC Bournemouth,Brentford FC,2026-09-12T14:00:00Z,Over 2.5 goals,0.3196,,,,1.03,0.95,10.57,4.07,poisson_baseline_v0
b612ca94,2026-09-11T10:22:39.600013,560576,Premier League,AFC Bournemouth,Brentford FC,2026-09-12T14:00:00Z,Under 2.5 goals,0.6804,,,,1.03,0.95,10.57,4.07,poisson_baseline_v0
7d29377b,2026-09-11T10:22:39.600013,560573,Premier League,Liverpool FC,Fulham FC,2026-09-12T14:00:00Z,1X2 - Home,0.4268,,,,1.44,1.2,10.37,3.53,poisson_baseline_v0
f21cf936,2026-09-11T10:22:39.600013,560573,Premier League,Liverpool FC,Fulham FC,2026-09-12T14:00:00Z,1X2 - Draw,0.2593,,,,1.44,1.2,10.37,3.53,poisson_baseline_v0
217d2dec,2026-09-11T10:22:39.600013,560573,Premier League,Liverpool FC,Fulham FC,2026-09-12T14:00:00Z,1X2 - Away,0.3139,,,,1.44,1.2,10.37,3.53,poisson_baseline_v0
0872ef86,2026-09-11T10:22:39.600013,560573,Premier League,Liverpool FC,Fulham FC,2026-09-12T14:00:00Z,Over 2.5 goals,0.4917,,,,1.44,1.2,10.37,3.53,poisson_baseline_v0
924b6731,2026-09-11T10:22:39.600013,560573,Premier League,Liverpool FC,Fulham FC,2026-09-12T14:00:00Z,Under 2.5 goals,0.5083,,,,1.44,1.2,10.37,3.53,poisson_baseline_v0
93e01c91,2026-09-11T10:22:39.600013,564673,Primera Division,CA Osasuna,RCD Espanyol de Barcelona,2026-09-12T14:15:00Z,1X2 - Home,0.2723,,,,1.04,1.44,9.5,5.8,poisson_baseline_v0
4108952a,2026-09-11T10:22:39.600013,564673,Primera Division,CA Osasuna,RCD Espanyol de Barcelona,2026-09-12T14:15:00Z,1X2 - Draw,0.2653,,,,1.04,1.44,9.5,5.8,poisson_baseline_v0
db569615,2026-09-11T10:22:39.600013,564673,Primera Division,CA Osasuna,RCD Espanyol de Barcelona,2026-09-12T14:15:00Z,1X2 - Away,0.4624,,,,1.04,1.44,9.5,5.8,poisson_baseline_v0
077f65df,2026-09-11T10:22:39.600013,564673,Primera Division,CA Osasuna,RCD Espanyol de Barcelona,2026-09-12T14:15:00Z,Over 2.5 goals,0.4486,,,,1.04,1.44,9.5,5.8,poisson_baseline_v0
76dac53e,2026-09-11T10:22:39.600013,564673,Primera Division,CA Osasuna,RCD Espanyol de Barcelona,2026-09-12T14:15:00Z,Under 2.5 goals,0.5514,,,,1.04,1.44,9.5,5.8,poisson_baseline_v0
f06c1bc9,2026-09-11T10:22:39.600013,559687,Ligue 1,RC Strasbourg Alsace,AS Monaco FC,2026-09-12T15:15:00Z,1X2 - Home,0.2625,,,,1.86,2.68,9.83,3.33,poisson_baseline_v0
62560a11,2026-09-11T10:22:39.600013,559687,Ligue 1,RC Strasbourg Alsace,AS Monaco FC,2026-09-12T15:15:00Z,1X2 - Draw,0.1808,,,,1.86,2.68,9.83,3.33,poisson_baseline_v0
795bad72,2026-09-11T10:22:39.600013,559687,Ligue 1,RC Strasbourg Alsace,AS Monaco FC,2026-09-12T15:15:00Z,1X2 - Away,0.5547,,,,1.86,2.68,9.83,3.33,poisson_baseline_v0
5ea46a30,2026-09-11T10:22:39.600013,559687,Ligue 1,RC Strasbourg Alsace,AS Monaco FC,2026-09-12T15:15:00Z,Over 2.5 goals,0.8291,,,,1.86,2.68,9.83,3.33,poisson_baseline_v0
a65598ec,2026-09-11T10:22:39.600013,559687,Ligue 1,RC Strasbourg Alsace,AS Monaco FC,2026-09-12T15:15:00Z,Under 2.5 goals,0.1709,,,,1.86,2.68,9.83,3.33,poisson_baseline_v0
aaecb005,2026-09-11T10:22:39.600013,558600,Serie A,SS Lazio,AC Milan,2026-09-12T16:00:00Z,1X2 - Home,0.3499,,,,0.98,0.96,8.2,4.13,poisson_baseline_v0
b9932f90,2026-09-11T10:22:39.600013,558600,Serie A,SS Lazio,AC Milan,2026-09-12T16:00:00Z,1X2 - Draw,0.3143,,,,0.98,0.96,8.2,4.13,poisson_baseline_v0
89c6fccb,2026-09-11T10:22:39.600013,558600,Serie A,SS Lazio,AC Milan,2026-09-12T16:00:00Z,1X2 - Away,0.3358,,,,0.98,0.96,8.2,4.13,poisson_baseline_v0
ba5a1a5c,2026-09-11T10:22:39.600013,558600,Serie A,SS Lazio,AC Milan,2026-09-12T16:00:00Z,Over 2.5 goals,0.3069,,,,0.98,0.96,8.2,4.13,poisson_baseline_v0
b09cd5ce,2026-09-11T10:22:39.600013,558600,Serie A,SS Lazio,AC Milan,2026-09-12T16:00:00Z,Under 2.5 goals,0.6931,,,,0.98,0.96,8.2,4.13,poisson_baseline_v0
ac13b4bf,2026-09-11T10:22:39.600013,565798,Bundesliga,1. FC Köln,SV Werder Bremen,2026-09-12T16:30:00Z,1X2 - Home,0.2813,,,,1.52,2.08,10.0,4.6,poisson_baseline_v0
9a77884d,2026-09-11T10:22:39.600013,565798,Bundesliga,1. FC Köln,SV Werder Bremen,2026-09-12T16:30:00Z,1X2 - Draw,0.2112,,,,1.52,2.08,10.0,4.6,poisson_baseline_v0
cd8e40d3,2026-09-11T10:22:39.600013,565798,Bundesliga,1. FC Köln,SV Werder Bremen,2026-09-12T16:30:00Z,1X2 - Away,0.5071,,,,1.52,2.08,10.0,4.6,poisson_baseline_v0
af817179,2026-09-11T10:22:39.600013,565798,Bundesliga,1. FC Köln,SV Werder Bremen,2026-09-12T16:30:00Z,Over 2.5 goals,0.6973,,,,1.52,2.08,10.0,4.6,poisson_baseline_v0
9b7bd52d,2026-09-11T10:22:39.600013,565798,Bundesliga,1. FC Köln,SV Werder Bremen,2026-09-12T16:30:00Z,Under 2.5 goals,0.3027,,,,1.52,2.08,10.0,4.6,poisson_baseline_v0
c94f86d9,2026-09-11T10:22:39.600013,564676,Primera Division,Athletic Club,Elche CF,2026-09-12T16:30:00Z,1X2 - Home,0.3212,,,,1.62,1.97,10.13,4.53,poisson_baseline_v0
57278c32,2026-09-11T10:22:39.600013,564676,Primera Division,Athletic Club,Elche CF,2026-09-12T16:30:00Z,1X2 - Draw,0.2166,,,,1.62,1.97,10.13,4.53,poisson_baseline_v0
0d35c8a8,2026-09-11T10:22:39.600013,564676,Primera Division,Athletic Club,Elche CF,2026-09-12T16:30:00Z,1X2 - Away,0.462,,,,1.62,1.97,10.13,4.53,poisson_baseline_v0
aa014e35,2026-09-11T10:22:39.600013,564676,Primera Division,Athletic Club,Elche CF,2026-09-12T16:30:00Z,Over 2.5 goals,0.6951,,,,1.62,1.97,10.13,4.53,poisson_baseline_v0
34eb3d8e,2026-09-11T10:22:39.600013,564676,Primera Division,Athletic Club,Elche CF,2026-09-12T16:30:00Z,Under 2.5 goals,0.3049,,,,1.62,1.97,10.13,4.53,poisson_baseline_v0
9f4dfd40,2026-09-11T10:22:39.600013,560575,Premier League,Tottenham Hotspur FC,Everton FC,2026-09-12T16:30:00Z,1X2 - Home,0.143,,,,0.79,1.96,10.07,4.73,poisson_baseline_v0
c4a0a48f,2026-09-11T10:22:39.600013,560575,Premier League,Tottenham Hotspur FC,Everton FC,2026-09-12T16:30:00Z,1X2 - Draw,0.2087,,,,0.79,1.96,10.07,4.73,poisson_baseline_v0
3c87e89f,2026-09-11T10:22:39.600013,560575,Premier League,Tottenham Hotspur FC,Everton FC,2026-09-12T16:30:00Z,1X2 - Away,0.6481,,,,0.79,1.96,10.07,4.73,poisson_baseline_v0
33fa9576,2026-09-11T10:22:39.600013,560575,Premier League,Tottenham Hotspur FC,Everton FC,2026-09-12T16:30:00Z,Over 2.5 goals,0.5178,,,,0.79,1.96,10.07,4.73,poisson_baseline_v0
d3ed1266,2026-09-11T10:22:39.600013,560575,Premier League,Tottenham Hotspur FC,Everton FC,2026-09-12T16:30:00Z,Under 2.5 goals,0.4822,,,,0.79,1.96,10.07,4.73,poisson_baseline_v0
bd617304,2026-09-11T10:22:39.600013,558607,Serie A,Atalanta BC,Cagliari Calcio,2026-09-12T18:45:00Z,1X2 - Home,0.4138,,,,1.1,0.84,8.93,3.4,poisson_baseline_v0
3b55b7fc,2026-09-11T10:22:39.600013,558607,Serie A,Atalanta BC,Cagliari Calcio,2026-09-12T18:45:00Z,1X2 - Draw,0.3109,,,,1.1,0.84,8.93,3.4,poisson_baseline_v0
caceb23d,2026-09-11T10:22:39.600013,558607,Serie A,Atalanta BC,Cagliari Calcio,2026-09-12T18:45:00Z,1X2 - Away,0.2753,,,,1.1,0.84,8.93,3.4,poisson_baseline_v0
7aac4536,2026-09-11T10:22:39.600013,558607,Serie A,Atalanta BC,Cagliari Calcio,2026-09-12T18:45:00Z,Over 2.5 goals,0.3058,,,,1.1,0.84,8.93,3.4,poisson_baseline_v0
e2c4ef5a,2026-09-11T10:22:39.600013,558607,Serie A,Atalanta BC,Cagliari Calcio,2026-09-12T18:45:00Z,Under 2.5 goals,0.6942,,,,1.1,0.84,8.93,3.4,poisson_baseline_v0
b411e5ad,2026-09-11T10:22:39.600013,559688,Ligue 1,AJ Auxerre,OGC Nice,2026-09-12T18:45:00Z,1X2 - Home,0.4884,,,,1.49,0.98,10.3,3.6,poisson_baseline_v0
9fd59463,2026-09-11T10:22:39.600013,559688,Ligue 1,AJ Auxerre,OGC Nice,2026-09-12T18:45:00Z,1X2 - Draw,0.2615,,,,1.49,0.98,10.3,3.6,poisson_baseline_v0
6f73c7d7,2026-09-11T10:22:39.600013,559688,Ligue 1,AJ Auxerre,OGC Nice,2026-09-12T18:45:00Z,1X2 - Away,0.2501,,,,1.49,0.98,10.3,3.6,poisson_baseline_v0
95c47125,2026-09-11T10:22:39.600013,559688,Ligue 1,AJ Auxerre,OGC Nice,2026-09-12T18:45:00Z,Over 2.5 goals,0.4486,,,,1.49,0.98,10.3,3.6,poisson_baseline_v0
724612a7,2026-09-11T10:22:39.600013,559688,Ligue 1,AJ Auxerre,OGC Nice,2026-09-12T18:45:00Z,Under 2.5 goals,0.5514,,,,1.49,0.98,10.3,3.6,poisson_baseline_v0
84a60a32,2026-09-11T10:22:39.600013,559690,Ligue 1,Le Havre AC,Angers SCO,2026-09-12T18:45:00Z,1X2 - Home,0.4086,,,,1.07,0.83,9.47,4.4,poisson_baseline_v0
9ea58bd8,2026-09-11T10:22:39.600013,559690,Ligue 1,Le Havre AC,Angers SCO,2026-09-12T18:45:00Z,1X2 - Draw,0.3147,,,,1.07,0.83,9.47,4.4,poisson_baseline_v0
1e1303e6,2026-09-11T10:22:39.600013,559690,Ligue 1,Le Havre AC,Angers SCO,2026-09-12T18:45:00Z,1X2 - Away,0.2767,,,,1.07,0.83,9.47,4.4,poisson_baseline_v0
91f8ab83,2026-09-11T10:22:39.600013,559690,Ligue 1,Le Havre AC,Angers SCO,2026-09-12T18:45:00Z,Over 2.5 goals,0.2963,,,,1.07,0.83,9.47,4.4,poisson_baseline_v0
e58a48e8,2026-09-11T10:22:39.600013,559690,Ligue 1,Le Havre AC,Angers SCO,2026-09-12T18:45:00Z,Under 2.5 goals,0.7037,,,,1.07,0.83,9.47,4.4,poisson_baseline_v0
a700a0a7,2026-09-11T10:22:39.600013,559684,Ligue 1,FC Lorient,Toulouse FC,2026-09-12T18:45:00Z,1X2 - Home,0.4501,,,,1.55,1.22,9.27,3.8,poisson_baseline_v0
a86350f8,2026-09-11T10:22:39.600013,559684,Ligue 1,FC Lorient,Toulouse FC,2026-09-12T18:45:00Z,1X2 - Draw,0.2506,,,,1.55,1.22,9.27,3.8,poisson_baseline_v0
f4a75b5a,2026-09-11T10:22:39.600013,559684,Ligue 1,FC Lorient,Toulouse FC,2026-09-12T18:45:00Z,1X2 - Away,0.2992,,,,1.55,1.22,9.27,3.8,poisson_baseline_v0
fa29b498,2026-09-11T10:22:39.600013,559684,Ligue 1,FC Lorient,Toulouse FC,2026-09-12T18:45:00Z,Over 2.5 goals,0.5221,,,,1.55,1.22,9.27,3.8,poisson_baseline_v0
29e26fed,2026-09-11T10:22:39.600013,559684,Ligue 1,FC Lorient,Toulouse FC,2026-09-12T18:45:00Z,Under 2.5 goals,0.4779,,,,1.55,1.22,9.27,3.8,poisson_baseline_v0
11f4458b,2026-09-11T10:22:39.600013,564677,Primera Division,Real Madrid CF,Rayo Vallecano de Madrid,2026-09-12T19:00:00Z,1X2 - Home,0.5426,,,,1.98,1.26,10.9,5.2,poisson_baseline_v0
af62defa,2026-09-11T10:22:39.600013,564677,Primera Division,Real Madrid CF,Rayo Vallecano de Madrid,2026-09-12T19:00:00Z,1X2 - Draw,0.2174,,,,1.98,1.26,10.9,5.2,poisson_baseline_v0
dff06059,2026-09-11T10:22:39.600013,564677,Primera Division,Real Madrid CF,Rayo Vallecano de Madrid,2026-09-12T19:00:00Z,1X2 - Away,0.2398,,,,1.98,1.26,10.9,5.2,poisson_baseline_v0
1b2c28ad,2026-09-11T10:22:39.600013,564677,Primera Division,Real Madrid CF,Rayo Vallecano de Madrid,2026-09-12T19:00:00Z,Over 2.5 goals,0.6278,,,,1.98,1.26,10.9,5.2,poisson_baseline_v0
07d91040,2026-09-11T10:22:39.600013,564677,Primera Division,Real Madrid CF,Rayo Vallecano de Madrid,2026-09-12T19:00:00Z,Under 2.5 goals,0.3722,,,,1.98,1.26,10.9,5.2,poisson_baseline_v0
b197101a,2026-09-11T10:22:39.600013,560577,Premier League,Sunderland AFC,Arsenal FC,2026-09-12T19:00:00Z,1X2 - Home,0.0895,,,,0.51,1.93,9.13,3.6,poisson_baseline_v0
086dd55b,2026-09-11T10:22:39.600013,560577,Premier League,Sunderland AFC,Arsenal FC,2026-09-12T19:00:00Z,1X2 - Draw,0.1968,,,,0.51,1.93,9.13,3.6,poisson_baseline_v0
4e4694ef,2026-09-11T10:22:39.600013,560577,Premier League,Sunderland AFC,Arsenal FC,2026-09-12T19:00:00Z,1X2 - Away,0.7136,,,,0.51,1.93,9.13,3.6,poisson_baseline_v0
8fd730e9,2026-09-11T10:22:39.600013,560577,Premier League,Sunderland AFC,Arsenal FC,2026-09-12T19:00:00Z,Over 2.5 goals,0.442,,,,0.51,1.93,9.13,3.6,poisson_baseline_v0
0109a4b5,2026-09-11T10:22:39.600013,560577,Premier League,Sunderland AFC,Arsenal FC,2026-09-12T19:00:00Z,Under 2.5 goals,0.558,,,,0.51,1.93,9.13,3.6,poisson_baseline_v0
c11dc05e,2026-09-12T09:53:53.186077,564670,Primera Division,Real Racing Club de Santander,Deportivo Alavés,2026-09-12T12:00:00Z,1X2 - Home,0.1608,,,,1.76,3.47,12.77,4.92,poisson_baseline_v0
f2aa0c0d,2026-09-12T09:53:53.186077,564670,Primera Division,Real Racing Club de Santander,Deportivo Alavés,2026-09-12T12:00:00Z,1X2 - Draw,0.1386,,,,1.76,3.47,12.77,4.92,poisson_baseline_v0
316cbefc,2026-09-12T09:53:53.186077,564670,Primera Division,Real Racing Club de Santander,Deportivo Alavés,2026-09-12T12:00:00Z,1X2 - Away,0.6912,,,,1.76,3.47,12.77,4.92,poisson_baseline_v0
0e53652e,2026-09-12T09:53:53.186077,564670,Primera Division,Real Racing Club de Santander,Deportivo Alavés,2026-09-12T12:00:00Z,Over 2.5 goals,0.8838,,,,1.76,3.47,12.77,4.92,poisson_baseline_v0
f2717af3,2026-09-12T09:53:53.186077,564670,Primera Division,Real Racing Club de Santander,Deportivo Alavés,2026-09-12T12:00:00Z,Under 2.5 goals,0.1162,,,,1.76,3.47,12.77,4.92,poisson_baseline_v0
7ba584a0,2026-09-12T09:53:53.186077,558604,Serie A,Genoa CFC,Frosinone Calcio,2026-09-12T13:00:00Z,1X2 - Home,0.1621,,,,0.52,1.18,9.4,2.8,poisson_baseline_v0
81874a07,2026-09-12T09:53:53.186077,558604,Serie A,Genoa CFC,Frosinone Calcio,2026-09-12T13:00:00Z,1X2 - Draw,0.313,,,,0.52,1.18,9.4,2.8,poisson_baseline_v0
656503ad,2026-09-12T09:53:53.186077,558604,Serie A,Genoa CFC,Frosinone Calcio,2026-09-12T13:00:00Z,1X2 - Away,0.5249,,,,0.52,1.18,9.4,2.8,poisson_baseline_v0
755a64e5,2026-09-12T09:53:53.186077,558604,Serie A,Genoa CFC,Frosinone Calcio,2026-09-12T13:00:00Z,Over 2.5 goals,0.2424,,,,0.52,1.18,9.4,2.8,poisson_baseline_v0
08cc568b,2026-09-12T09:53:53.186077,558604,Serie A,Genoa CFC,Frosinone Calcio,2026-09-12T13:00:00Z,Under 2.5 goals,0.7576,,,,0.52,1.18,9.4,2.8,poisson_baseline_v0
52c44fec,2026-09-12T09:53:53.186077,565794,Bundesliga,TSG 1899 Hoffenheim,VfB Stuttgart,2026-09-12T13:30:00Z,1X2 - Home,0.146,,,,1.71,3.57,10.93,4.53,poisson_baseline_v0
e315191c,2026-09-12T09:53:53.186077,565794,Bundesliga,TSG 1899 Hoffenheim,VfB Stuttgart,2026-09-12T13:30:00Z,1X2 - Draw,0.1317,,,,1.71,3.57,10.93,4.53,poisson_baseline_v0
b5682245,2026-09-12T09:53:53.186077,565794,Bundesliga,TSG 1899 Hoffenheim,VfB Stuttgart,2026-09-12T13:30:00Z,1X2 - Away,0.7111,,,,1.71,3.57,10.93,4.53,poisson_baseline_v0
61cd14be,2026-09-12T09:53:53.186077,565794,Bundesliga,TSG 1899 Hoffenheim,VfB Stuttgart,2026-09-12T13:30:00Z,Over 2.5 goals,0.8863,,,,1.71,3.57,10.93,4.53,poisson_baseline_v0
f8ef77b6,2026-09-12T09:53:53.186077,565794,Bundesliga,TSG 1899 Hoffenheim,VfB Stuttgart,2026-09-12T13:30:00Z,Under 2.5 goals,0.1137,,,,1.71,3.57,10.93,4.53,poisson_baseline_v0
22ae4260,2026-09-12T09:53:53.186077,565801,Bundesliga,1. FSV Mainz 05,Eintracht Frankfurt,2026-09-12T13:30:00Z,1X2 - Home,0.3981,,,,1.58,1.5,10.4,3.73,poisson_baseline_v0
5dee63db,2026-09-12T09:53:53.186077,565801,Bundesliga,1. FSV Mainz 05,Eintracht Frankfurt,2026-09-12T13:30:00Z,1X2 - Draw,0.2388,,,,1.58,1.5,10.4,3.73,poisson_baseline_v0
948ed26f,2026-09-12T09:53:53.186077,565801,Bundesliga,1. FSV Mainz 05,Eintracht Frankfurt,2026-09-12T13:30:00Z,1X2 - Away,0.363,,,,1.58,1.5,10.4,3.73,poisson_baseline_v0
3adbc5c9,2026-09-12T09:53:53.186077,565801,Bundesliga,1. FSV Mainz 05,Eintracht Frankfurt,2026-09-12T13:30:00Z,Over 2.5 goals,0.5964,,,,1.58,1.5,10.4,3.73,poisson_baseline_v0
2b88a27d,2026-09-12T09:53:53.186077,565801,Bundesliga,1. FSV Mainz 05,Eintracht Frankfurt,2026-09-12T13:30:00Z,Under 2.5 goals,0.4036,,,,1.58,1.5,10.4,3.73,poisson_baseline_v0
1666a7cf,2026-09-12T09:53:53.186077,565796,Bundesliga,FC Augsburg,Bayer 04 Leverkusen,2026-09-12T13:30:00Z,1X2 - Home,0.2829,,,,1.64,2.23,10.7,3.67,poisson_baseline_v0
369c1e8f,2026-09-12T09:53:53.186077,565796,Bundesliga,FC Augsburg,Bayer 04 Leverkusen,2026-09-12T13:30:00Z,1X2 - Draw,0.2025,,,,1.64,2.23,10.7,3.67,poisson_baseline_v0
90b6d1ba,2026-09-12T09:53:53.186077,565796,Bundesliga,FC Augsburg,Bayer 04 Leverkusen,2026-09-12T13:30:00Z,1X2 - Away,0.514,,,,1.64,2.23,10.7,3.67,poisson_baseline_v0
79b1c158,2026-09-12T09:53:53.186077,565796,Bundesliga,FC Augsburg,Bayer 04 Leverkusen,2026-09-12T13:30:00Z,Over 2.5 goals,0.7416,,,,1.64,2.23,10.7,3.67,poisson_baseline_v0
f7bfcde1,2026-09-12T09:53:53.186077,565796,Bundesliga,FC Augsburg,Bayer 04 Leverkusen,2026-09-12T13:30:00Z,Under 2.5 goals,0.2584,,,,1.64,2.23,10.7,3.67,poisson_baseline_v0
da0ebf7d,2026-09-12T09:53:53.186077,565795,Bundesliga,Borussia Dortmund,SC Paderborn 07,2026-09-12T13:30:00Z,1X2 - Home,0.7897,,,,2.44,0.55,9.63,4.87,poisson_baseline_v0
aeaf172c,2026-09-12T09:53:53.186077,565795,Bundesliga,Borussia Dortmund,SC Paderborn 07,2026-09-12T13:30:00Z,1X2 - Draw,0.1444,,,,2.44,0.55,9.63,4.87,poisson_baseline_v0
a61d748a,2026-09-12T09:53:53.186077,565795,Bundesliga,Borussia Dortmund,SC Paderborn 07,2026-09-12T13:30:00Z,1X2 - Away,0.065,,,,2.44,0.55,9.63,4.87,poisson_baseline_v0
4db3a400,2026-09-12T09:53:53.186077,565795,Bundesliga,Borussia Dortmund,SC Paderborn 07,2026-09-12T13:30:00Z,Over 2.5 goals,0.5736,,,,2.44,0.55,9.63,4.87,poisson_baseline_v0
ecb691b5,2026-09-12T09:53:53.186077,565795,Bundesliga,Borussia Dortmund,SC Paderborn 07,2026-09-12T13:30:00Z,Under 2.5 goals,0.4264,,,,2.44,0.55,9.63,4.87,poisson_baseline_v0
e59e5eed,2026-09-12T09:53:53.186077,565802,Bundesliga,SC Freiburg,Borussia Mönchengladbach,2026-09-12T13:30:00Z,1X2 - Home,0.3858,,,,1.58,1.57,8.43,4.13,poisson_baseline_v0
c4068d9d,2026-09-12T09:53:53.186077,565802,Bundesliga,SC Freiburg,Borussia Mönchengladbach,2026-09-12T13:30:00Z,1X2 - Draw,0.2363,,,,1.58,1.57,8.43,4.13,poisson_baseline_v0
216c0eb2,2026-09-12T09:53:53.186077,565802,Bundesliga,SC Freiburg,Borussia Mönchengladbach,2026-09-12T13:30:00Z,1X2 - Away,0.3779,,,,1.58,1.57,8.43,4.13,poisson_baseline_v0
0689ea8c,2026-09-12T09:53:53.186077,565802,Bundesliga,SC Freiburg,Borussia Mönchengladbach,2026-09-12T13:30:00Z,Over 2.5 goals,0.6098,,,,1.58,1.57,8.43,4.13,poisson_baseline_v0
6b31876f,2026-09-12T09:53:53.186077,565802,Bundesliga,SC Freiburg,Borussia Mönchengladbach,2026-09-12T13:30:00Z,Under 2.5 goals,0.3902,,,,1.58,1.57,8.43,4.13,poisson_baseline_v0
ff5c1bff,2026-09-12T09:53:53.186077,560574,Premier League,Aston Villa FC,Nottingham Forest FC,2026-09-12T14:00:00Z,1X2 - Home,0.1264,,,,0.87,2.3,9.27,3.8,poisson_baseline_v0
819b7bfa,2026-09-12T09:53:53.186077,560574,Premier League,Aston Villa FC,Nottingham Forest FC,2026-09-12T14:00:00Z,1X2 - Draw,0.1788,,,,0.87,2.3,9.27,3.8,poisson_baseline_v0
5fb6e4ad,2026-09-12T09:53:53.186077,560574,Premier League,Aston Villa FC,Nottingham Forest FC,2026-09-12T14:00:00Z,1X2 - Away,0.6942,,,,0.87,2.3,9.27,3.8,poisson_baseline_v0
c231675c,2026-09-12T09:53:53.186077,560574,Premier League,Aston Villa FC,Nottingham Forest FC,2026-09-12T14:00:00Z,Over 2.5 goals,0.6128,,,,0.87,2.3,9.27,3.8,poisson_baseline_v0
d5a02b59,2026-09-12T09:53:53.186077,560574,Premier League,Aston Villa FC,Nottingham Forest FC,2026-09-12T14:00:00Z,Under 2.5 goals,0.3872,,,,0.87,2.3,9.27,3.8,poisson_baseline_v0
cb8323bd,2026-09-12T09:53:53.186077,560581,Premier League,Chelsea FC,Hull City AFC,2026-09-12T14:00:00Z,1X2 - Home,0.3241,,,,1.27,1.48,9.13,5.4,poisson_baseline_v0
09fa3e24,2026-09-12T09:53:53.186077,560581,Premier League,Chelsea FC,Hull City AFC,2026-09-12T14:00:00Z,1X2 - Draw,0.2539,,,,1.27,1.48,9.13,5.4,poisson_baseline_v0
5a0281da,2026-09-12T09:53:53.186077,560581,Premier League,Chelsea FC,Hull City AFC,2026-09-12T14:00:00Z,1X2 - Away,0.422,,,,1.27,1.48,9.13,5.4,poisson_baseline_v0
9f92a2e0,2026-09-12T09:53:53.186077,560581,Premier League,Chelsea FC,Hull City AFC,2026-09-12T14:00:00Z,Over 2.5 goals,0.518,,,,1.27,1.48,9.13,5.4,poisson_baseline_v0
3474fc37,2026-09-12T09:53:53.186077,560581,Premier League,Chelsea FC,Hull City AFC,2026-09-12T14:00:00Z,Under 2.5 goals,0.482,,,,1.27,1.48,9.13,5.4,poisson_baseline_v0
0e904914,2026-09-12T09:53:53.186077,560576,Premier League,AFC Bournemouth,Brentford FC,2026-09-12T14:00:00Z,1X2 - Home,0.3661,,,,1.03,0.95,10.57,4.07,poisson_baseline_v0
fb7e0862,2026-09-12T09:53:53.186077,560576,Premier League,AFC Bournemouth,Brentford FC,2026-09-12T14:00:00Z,1X2 - Draw,0.3095,,,,1.03,0.95,10.57,4.07,poisson_baseline_v0
1ab2eeb4,2026-09-12T09:53:53.186077,560576,Premier League,AFC Bournemouth,Brentford FC,2026-09-12T14:00:00Z,1X2 - Away,0.3244,,,,1.03,0.95,10.57,4.07,poisson_baseline_v0
a6468040,2026-09-12T09:53:53.186077,560576,Premier League,AFC Bournemouth,Brentford FC,2026-09-12T14:00:00Z,Over 2.5 goals,0.3196,,,,1.03,0.95,10.57,4.07,poisson_baseline_v0
e74258d6,2026-09-12T09:53:53.186077,560576,Premier League,AFC Bournemouth,Brentford FC,2026-09-12T14:00:00Z,Under 2.5 goals,0.6804,,,,1.03,0.95,10.57,4.07,poisson_baseline_v0
5b767ae6,2026-09-12T09:53:53.186077,560572,Premier League,Crystal Palace FC,Ipswich Town FC,2026-09-12T14:00:00Z,1X2 - Home,0.4438,,,,1.75,1.47,9.7,3.87,poisson_baseline_v0
eda5a81d,2026-09-12T09:53:53.186077,560572,Premier League,Crystal Palace FC,Ipswich Town FC,2026-09-12T14:00:00Z,1X2 - Draw,0.231,,,,1.75,1.47,9.7,3.87,poisson_baseline_v0
c518a10b,2026-09-12T09:53:53.186077,560572,Premier League,Crystal Palace FC,Ipswich Town FC,2026-09-12T14:00:00Z,1X2 - Away,0.325,,,,1.75,1.47,9.7,3.87,poisson_baseline_v0
4d97fe5a,2026-09-12T09:53:53.186077,560572,Premier League,Crystal Palace FC,Ipswich Town FC,2026-09-12T14:00:00Z,Over 2.5 goals,0.6246,,,,1.75,1.47,9.7,3.87,poisson_baseline_v0
8952903a,2026-09-12T09:53:53.186077,560572,Premier League,Crystal Palace FC,Ipswich Town FC,2026-09-12T14:00:00Z,Under 2.5 goals,0.3754,,,,1.75,1.47,9.7,3.87,poisson_baseline_v0
ca9d3ff6,2026-09-12T09:53:53.186077,560573,Premier League,Liverpool FC,Fulham FC,2026-09-12T14:00:00Z,1X2 - Home,0.4268,,,,1.44,1.2,10.37,3.53,poisson_baseline_v0
43e3b2cb,2026-09-12T09:53:53.186077,560573,Premier League,Liverpool FC,Fulham FC,2026-09-12T14:00:00Z,1X2 - Draw,0.2593,,,,1.44,1.2,10.37,3.53,poisson_baseline_v0
e4a9b1e6,2026-09-12T09:53:53.186077,560573,Premier League,Liverpool FC,Fulham FC,2026-09-12T14:00:00Z,1X2 - Away,0.3139,,,,1.44,1.2,10.37,3.53,poisson_baseline_v0
d07d4751,2026-09-12T09:53:53.186077,560573,Premier League,Liverpool FC,Fulham FC,2026-09-12T14:00:00Z,Over 2.5 goals,0.4917,,,,1.44,1.2,10.37,3.53,poisson_baseline_v0
10f807ac,2026-09-12T09:53:53.186077,560573,Premier League,Liverpool FC,Fulham FC,2026-09-12T14:00:00Z,Under 2.5 goals,0.5083,,,,1.44,1.2,10.37,3.53,poisson_baseline_v0
2f29f109,2026-09-12T09:53:53.186077,564673,Primera Division,CA Osasuna,RCD Espanyol de Barcelona,2026-09-12T14:15:00Z,1X2 - Home,0.2723,,,,1.04,1.44,9.5,5.8,poisson_baseline_v0
5f07ecf8,2026-09-12T09:53:53.186077,564673,Primera Division,CA Osasuna,RCD Espanyol de Barcelona,2026-09-12T14:15:00Z,1X2 - Draw,0.2653,,,,1.04,1.44,9.5,5.8,poisson_baseline_v0
762124ec,2026-09-12T09:53:53.186077,564673,Primera Division,CA Osasuna,RCD Espanyol de Barcelona,2026-09-12T14:15:00Z,1X2 - Away,0.4624,,,,1.04,1.44,9.5,5.8,poisson_baseline_v0
1332d1da,2026-09-12T09:53:53.186077,564673,Primera Division,CA Osasuna,RCD Espanyol de Barcelona,2026-09-12T14:15:00Z,Over 2.5 goals,0.4486,,,,1.04,1.44,9.5,5.8,poisson_baseline_v0
df654a15,2026-09-12T09:53:53.186077,564673,Primera Division,CA Osasuna,RCD Espanyol de Barcelona,2026-09-12T14:15:00Z,Under 2.5 goals,0.5514,,,,1.04,1.44,9.5,5.8,poisson_baseline_v0
9e878422,2026-09-12T09:53:53.186077,559687,Ligue 1,RC Strasbourg Alsace,AS Monaco FC,2026-09-12T15:15:00Z,1X2 - Home,0.2625,,,,1.86,2.68,9.83,3.33,poisson_baseline_v0
d5ee4e12,2026-09-12T09:53:53.186077,559687,Ligue 1,RC Strasbourg Alsace,AS Monaco FC,2026-09-12T15:15:00Z,1X2 - Draw,0.1808,,,,1.86,2.68,9.83,3.33,poisson_baseline_v0
e9b40376,2026-09-12T09:53:53.186077,559687,Ligue 1,RC Strasbourg Alsace,AS Monaco FC,2026-09-12T15:15:00Z,1X2 - Away,0.5547,,,,1.86,2.68,9.83,3.33,poisson_baseline_v0
160c4a4b,2026-09-12T09:53:53.186077,559687,Ligue 1,RC Strasbourg Alsace,AS Monaco FC,2026-09-12T15:15:00Z,Over 2.5 goals,0.8291,,,,1.86,2.68,9.83,3.33,poisson_baseline_v0
02a4b9e3,2026-09-12T09:53:53.186077,559687,Ligue 1,RC Strasbourg Alsace,AS Monaco FC,2026-09-12T15:15:00Z,Under 2.5 goals,0.1709,,,,1.86,2.68,9.83,3.33,poisson_baseline_v0
0e10c6c9,2026-09-12T09:53:53.186077,558600,Serie A,SS Lazio,AC Milan,2026-09-12T16:00:00Z,1X2 - Home,0.3499,,,,0.98,0.96,8.2,4.13,poisson_baseline_v0
92910a4b,2026-09-12T09:53:53.186077,558600,Serie A,SS Lazio,AC Milan,2026-09-12T16:00:00Z,1X2 - Draw,0.3143,,,,0.98,0.96,8.2,4.13,poisson_baseline_v0
a3fa9381,2026-09-12T09:53:53.186077,558600,Serie A,SS Lazio,AC Milan,2026-09-12T16:00:00Z,1X2 - Away,0.3358,,,,0.98,0.96,8.2,4.13,poisson_baseline_v0
c47151a7,2026-09-12T09:53:53.186077,558600,Serie A,SS Lazio,AC Milan,2026-09-12T16:00:00Z,Over 2.5 goals,0.3069,,,,0.98,0.96,8.2,4.13,poisson_baseline_v0
e55eabdb,2026-09-12T09:53:53.186077,558600,Serie A,SS Lazio,AC Milan,2026-09-12T16:00:00Z,Under 2.5 goals,0.6931,,,,0.98,0.96,8.2,4.13,poisson_baseline_v0
6f8da9fe,2026-09-12T09:53:53.186077,564676,Primera Division,Athletic Club,Elche CF,2026-09-12T16:30:00Z,1X2 - Home,0.3212,,,,1.62,1.97,10.13,4.53,poisson_baseline_v0
6398aadd,2026-09-12T09:53:53.186077,564676,Primera Division,Athletic Club,Elche CF,2026-09-12T16:30:00Z,1X2 - Draw,0.2166,,,,1.62,1.97,10.13,4.53,poisson_baseline_v0
01d536b2,2026-09-12T09:53:53.186077,564676,Primera Division,Athletic Club,Elche CF,2026-09-12T16:30:00Z,1X2 - Away,0.462,,,,1.62,1.97,10.13,4.53,poisson_baseline_v0
65a5d5a2,2026-09-12T09:53:53.186077,564676,Primera Division,Athletic Club,Elche CF,2026-09-12T16:30:00Z,Over 2.5 goals,0.6951,,,,1.62,1.97,10.13,4.53,poisson_baseline_v0
a48a1833,2026-09-12T09:53:53.186077,564676,Primera Division,Athletic Club,Elche CF,2026-09-12T16:30:00Z,Under 2.5 goals,0.3049,,,,1.62,1.97,10.13,4.53,poisson_baseline_v0
94f18350,2026-09-12T09:53:53.186077,560575,Premier League,Tottenham Hotspur FC,Everton FC,2026-09-12T16:30:00Z,1X2 - Home,0.143,,,,0.79,1.96,10.07,4.73,poisson_baseline_v0
ffa18ebb,2026-09-12T09:53:53.186077,560575,Premier League,Tottenham Hotspur FC,Everton FC,2026-09-12T16:30:00Z,1X2 - Draw,0.2087,,,,0.79,1.96,10.07,4.73,poisson_baseline_v0
6051a3f9,2026-09-12T09:53:53.186077,560575,Premier League,Tottenham Hotspur FC,Everton FC,2026-09-12T16:30:00Z,1X2 - Away,0.6481,,,,0.79,1.96,10.07,4.73,poisson_baseline_v0
01f4d74e,2026-09-12T09:53:53.186077,560575,Premier League,Tottenham Hotspur FC,Everton FC,2026-09-12T16:30:00Z,Over 2.5 goals,0.5178,,,,0.79,1.96,10.07,4.73,poisson_baseline_v0
1fbc872d,2026-09-12T09:53:53.186077,560575,Premier League,Tottenham Hotspur FC,Everton FC,2026-09-12T16:30:00Z,Under 2.5 goals,0.4822,,,,0.79,1.96,10.07,4.73,poisson_baseline_v0
04df730a,2026-09-12T09:53:53.186077,565798,Bundesliga,1. FC Köln,SV Werder Bremen,2026-09-12T16:30:00Z,1X2 - Home,0.2813,,,,1.52,2.08,10.0,4.6,poisson_baseline_v0
7a7fad47,2026-09-12T09:53:53.186077,565798,Bundesliga,1. FC Köln,SV Werder Bremen,2026-09-12T16:30:00Z,1X2 - Draw,0.2112,,,,1.52,2.08,10.0,4.6,poisson_baseline_v0
50aadce8,2026-09-12T09:53:53.186077,565798,Bundesliga,1. FC Köln,SV Werder Bremen,2026-09-12T16:30:00Z,1X2 - Away,0.5071,,,,1.52,2.08,10.0,4.6,poisson_baseline_v0
71d2ab96,2026-09-12T09:53:53.186077,565798,Bundesliga,1. FC Köln,SV Werder Bremen,2026-09-12T16:30:00Z,Over 2.5 goals,0.6973,,,,1.52,2.08,10.0,4.6,poisson_baseline_v0
cae0ca22,2026-09-12T09:53:53.186077,565798,Bundesliga,1. FC Köln,SV Werder Bremen,2026-09-12T16:30:00Z,Under 2.5 goals,0.3027,,,,1.52,2.08,10.0,4.6,poisson_baseline_v0
8174f26a,2026-09-12T09:53:53.186077,558607,Serie A,Atalanta BC,Cagliari Calcio,2026-09-12T18:45:00Z,1X2 - Home,0.4138,,,,1.1,0.84,8.93,3.4,poisson_baseline_v0
1b99144a,2026-09-12T09:53:53.186077,558607,Serie A,Atalanta BC,Cagliari Calcio,2026-09-12T18:45:00Z,1X2 - Draw,0.3109,,,,1.1,0.84,8.93,3.4,poisson_baseline_v0
5d42bb04,2026-09-12T09:53:53.186077,558607,Serie A,Atalanta BC,Cagliari Calcio,2026-09-12T18:45:00Z,1X2 - Away,0.2753,,,,1.1,0.84,8.93,3.4,poisson_baseline_v0
851a3d0a,2026-09-12T09:53:53.186077,558607,Serie A,Atalanta BC,Cagliari Calcio,2026-09-12T18:45:00Z,Over 2.5 goals,0.3058,,,,1.1,0.84,8.93,3.4,poisson_baseline_v0
e4b01411,2026-09-12T09:53:53.186077,558607,Serie A,Atalanta BC,Cagliari Calcio,2026-09-12T18:45:00Z,Under 2.5 goals,0.6942,,,,1.1,0.84,8.93,3.4,poisson_baseline_v0
9c19d8eb,2026-09-12T09:53:53.186077,559690,Ligue 1,Le Havre AC,Angers SCO,2026-09-12T18:45:00Z,1X2 - Home,0.4086,,,,1.07,0.83,9.47,4.4,poisson_baseline_v0
9b238ec3,2026-09-12T09:53:53.186077,559690,Ligue 1,Le Havre AC,Angers SCO,2026-09-12T18:45:00Z,1X2 - Draw,0.3147,,,,1.07,0.83,9.47,4.4,poisson_baseline_v0
0c4b38d3,2026-09-12T09:53:53.186077,559690,Ligue 1,Le Havre AC,Angers SCO,2026-09-12T18:45:00Z,1X2 - Away,0.2767,,,,1.07,0.83,9.47,4.4,poisson_baseline_v0
49561f3e,2026-09-12T09:53:53.186077,559690,Ligue 1,Le Havre AC,Angers SCO,2026-09-12T18:45:00Z,Over 2.5 goals,0.2963,,,,1.07,0.83,9.47,4.4,poisson_baseline_v0
34fd769f,2026-09-12T09:53:53.186077,559690,Ligue 1,Le Havre AC,Angers SCO,2026-09-12T18:45:00Z,Under 2.5 goals,0.7037,,,,1.07,0.83,9.47,4.4,poisson_baseline_v0
4cff7954,2026-09-12T09:53:53.186077,559688,Ligue 1,AJ Auxerre,OGC Nice,2026-09-12T18:45:00Z,1X2 - Home,0.4884,,,,1.49,0.98,10.3,3.6,poisson_baseline_v0
3a0f6be8,2026-09-12T09:53:53.186077,559688,Ligue 1,AJ Auxerre,OGC Nice,2026-09-12T18:45:00Z,1X2 - Draw,0.2615,,,,1.49,0.98,10.3,3.6,poisson_baseline_v0
c617b2c1,2026-09-12T09:53:53.186077,559688,Ligue 1,AJ Auxerre,OGC Nice,2026-09-12T18:45:00Z,1X2 - Away,0.2501,,,,1.49,0.98,10.3,3.6,poisson_baseline_v0
b855df0c,2026-09-12T09:53:53.186077,559688,Ligue 1,AJ Auxerre,OGC Nice,2026-09-12T18:45:00Z,Over 2.5 goals,0.4486,,,,1.49,0.98,10.3,3.6,poisson_baseline_v0
d78a34d0,2026-09-12T09:53:53.186077,559688,Ligue 1,AJ Auxerre,OGC Nice,2026-09-12T18:45:00Z,Under 2.5 goals,0.5514,,,,1.49,0.98,10.3,3.6,poisson_baseline_v0
43e72856,2026-09-12T09:53:53.186077,559684,Ligue 1,FC Lorient,Toulouse FC,2026-09-12T18:45:00Z,1X2 - Home,0.4501,,,,1.55,1.22,9.27,3.8,poisson_baseline_v0
ddc9336d,2026-09-12T09:53:53.186077,559684,Ligue 1,FC Lorient,Toulouse FC,2026-09-12T18:45:00Z,1X2 - Draw,0.2506,,,,1.55,1.22,9.27,3.8,poisson_baseline_v0
bd622cee,2026-09-12T09:53:53.186077,559684,Ligue 1,FC Lorient,Toulouse FC,2026-09-12T18:45:00Z,1X2 - Away,0.2992,,,,1.55,1.22,9.27,3.8,poisson_baseline_v0
175e4792,2026-09-12T09:53:53.186077,559684,Ligue 1,FC Lorient,Toulouse FC,2026-09-12T18:45:00Z,Over 2.5 goals,0.5221,,,,1.55,1.22,9.27,3.8,poisson_baseline_v0
ba2d5bef,2026-09-12T09:53:53.186077,559684,Ligue 1,FC Lorient,Toulouse FC,2026-09-12T18:45:00Z,Under 2.5 goals,0.4779,,,,1.55,1.22,9.27,3.8,poisson_baseline_v0
a9e7d35e,2026-09-12T09:53:53.186077,564677,Primera Division,Real Madrid CF,Rayo Vallecano de Madrid,2026-09-12T19:00:00Z,1X2 - Home,0.5426,,,,1.98,1.26,10.9,5.2,poisson_baseline_v0
e0ca9c2d,2026-09-12T09:53:53.186077,564677,Primera Division,Real Madrid CF,Rayo Vallecano de Madrid,2026-09-12T19:00:00Z,1X2 - Draw,0.2174,,,,1.98,1.26,10.9,5.2,poisson_baseline_v0
f378a2e1,2026-09-12T09:53:53.186077,564677,Primera Division,Real Madrid CF,Rayo Vallecano de Madrid,2026-09-12T19:00:00Z,1X2 - Away,0.2398,,,,1.98,1.26,10.9,5.2,poisson_baseline_v0
ab2713c7,2026-09-12T09:53:53.186077,564677,Primera Division,Real Madrid CF,Rayo Vallecano de Madrid,2026-09-12T19:00:00Z,Over 2.5 goals,0.6278,,,,1.98,1.26,10.9,5.2,poisson_baseline_v0
d003b84c,2026-09-12T09:53:53.186077,564677,Primera Division,Real Madrid CF,Rayo Vallecano de Madrid,2026-09-12T19:00:00Z,Under 2.5 goals,0.3722,,,,1.98,1.26,10.9,5.2,poisson_baseline_v0
3238c1c5,2026-09-12T09:53:53.186077,560577,Premier League,Sunderland AFC,Arsenal FC,2026-09-12T19:00:00Z,1X2 - Home,0.0895,,,,0.51,1.93,9.13,3.6,poisson_baseline_v0
c8977895,2026-09-12T09:53:53.186077,560577,Premier League,Sunderland AFC,Arsenal FC,2026-09-12T19:00:00Z,1X2 - Draw,0.1968,,,,0.51,1.93,9.13,3.6,poisson_baseline_v0
9df6752e,2026-09-12T09:53:53.186077,560577,Premier League,Sunderland AFC,Arsenal FC,2026-09-12T19:00:00Z,1X2 - Away,0.7136,,,,0.51,1.93,9.13,3.6,poisson_baseline_v0
4554ab6c,2026-09-12T09:53:53.186077,560577,Premier League,Sunderland AFC,Arsenal FC,2026-09-12T19:00:00Z,Over 2.5 goals,0.442,,,,0.51,1.93,9.13,3.6,poisson_baseline_v0
74a901e0,2026-09-12T09:53:53.186077,560577,Premier League,Sunderland AFC,Arsenal FC,2026-09-12T19:00:00Z,Under 2.5 goals,0.558,,,,0.51,1.93,9.13,3.6,poisson_baseline_v0
abb162ee,2026-09-12T09:53:53.186077,564672,Primera Division,RC Celta de Vigo,Málaga CF,2026-09-13T12:00:00Z,1X2 - Home,0.6344,,,,1.36,0.33,9.24,4.5,poisson_baseline_v0
923f9437,2026-09-12T09:53:53.186077,564672,Primera Division,RC Celta de Vigo,Málaga CF,2026-09-13T12:00:00Z,1X2 - Draw,0.2772,,,,1.36,0.33,9.24,4.5,poisson_baseline_v0
a9b0497b,2026-09-12T09:53:53.186077,564672,Primera Division,RC Celta de Vigo,Málaga CF,2026-09-13T12:00:00Z,1X2 - Away,0.0884,,,,1.36,0.33,9.24,4.5,poisson_baseline_v0
3f5b5d94,2026-09-12T09:53:53.186077,564672,Primera Division,RC Celta de Vigo,Málaga CF,2026-09-13T12:00:00Z,Over 2.5 goals,0.2396,,,,1.36,0.33,9.24,4.5,poisson_baseline_v0
2c4f2e3e,2026-09-12T09:53:53.186077,564672,Primera Division,RC Celta de Vigo,Málaga CF,2026-09-13T12:00:00Z,Under 2.5 goals,0.7604,,,,1.36,0.33,9.24,4.5,poisson_baseline_v0
468a27cd,2026-09-12T09:53:53.186077,560578,Premier League,Coventry City FC,Brighton & Hove Albion FC,2026-09-13T13:00:00Z,1X2 - Home,0.1847,,,,1.13,2.21,9.47,3.4,poisson_baseline_v0
eec4e917,2026-09-12T09:53:53.186077,560578,Premier League,Coventry City FC,Brighton & Hove Albion FC,2026-09-13T13:00:00Z,1X2 - Draw,0.197,,,,1.13,2.21,9.47,3.4,poisson_baseline_v0
878b7839,2026-09-12T09:53:53.186077,560578,Premier League,Coventry City FC,Brighton & Hove Albion FC,2026-09-13T13:00:00Z,1X2 - Away,0.6178,,,,1.13,2.21,9.47,3.4,poisson_baseline_v0
d8202451,2026-09-12T09:53:53.186077,560578,Premier League,Coventry City FC,Brighton & Hove Albion FC,2026-09-13T13:00:00Z,Over 2.5 goals,0.6494,,,,1.13,2.21,9.47,3.4,poisson_baseline_v0
fed5120b,2026-09-12T09:53:53.186077,560578,Premier League,Coventry City FC,Brighton & Hove Albion FC,2026-09-13T13:00:00Z,Under 2.5 goals,0.3506,,,,1.13,2.21,9.47,3.4,poisson_baseline_v0
f0e93125,2026-09-12T09:53:53.186077,559685,Ligue 1,Lille OSC,ES Troyes AC,2026-09-13T13:00:00Z,1X2 - Home,0.7665,,,,2.01,0.37,9.33,3.6,poisson_baseline_v0
e5cae909,2026-09-12T09:53:53.186077,559685,Ligue 1,Lille OSC,ES Troyes AC,2026-09-13T13:00:00Z,1X2 - Draw,0.1752,,,,2.01,0.37,9.33,3.6,poisson_baseline_v0
e7ac81b8,2026-09-12T09:53:53.186077,559685,Ligue 1,Lille OSC,ES Troyes AC,2026-09-13T13:00:00Z,1X2 - Away,0.058,,,,2.01,0.37,9.33,3.6,poisson_baseline_v0
bf67e6e6,2026-09-12T09:53:53.186077,559685,Ligue 1,Lille OSC,ES Troyes AC,2026-09-13T13:00:00Z,Over 2.5 goals,0.4259,,,,2.01,0.37,9.33,3.6,poisson_baseline_v0
d5ae2dbe,2026-09-12T09:53:53.186077,559685,Ligue 1,Lille OSC,ES Troyes AC,2026-09-13T13:00:00Z,Under 2.5 goals,0.5741,,,,2.01,0.37,9.33,3.6,poisson_baseline_v0
3cf479f8,2026-09-12T09:53:53.186077,558605,Serie A,US Lecce,AC Monza,2026-09-13T13:00:00Z,1X2 - Home,0.4831,,,,1.34,0.85,8.4,3.8,poisson_baseline_v0
bd59a5dc,2026-09-12T09:53:53.186077,558605,Serie A,US Lecce,AC Monza,2026-09-13T13:00:00Z,1X2 - Draw,0.28,,,,1.34,0.85,8.4,3.8,poisson_baseline_v0
c168fbf9,2026-09-12T09:53:53.186077,558605,Serie A,US Lecce,AC Monza,2026-09-13T13:00:00Z,1X2 - Away,0.2369,,,,1.34,0.85,8.4,3.8,poisson_baseline_v0
8ae13bb9,2026-09-12T09:53:53.186077,558605,Serie A,US Lecce,AC Monza,2026-09-13T13:00:00Z,Over 2.5 goals,0.3761,,,,1.34,0.85,8.4,3.8,poisson_baseline_v0
b0f0fcb5,2026-09-12T09:53:53.186077,558605,Serie A,US Lecce,AC Monza,2026-09-13T13:00:00Z,Under 2.5 goals,0.6239,,,,1.34,0.85,8.4,3.8,poisson_baseline_v0
c858148e,2026-09-12T09:53:53.186077,565799,Bundesliga,RB Leipzig,Hamburger SV,2026-09-13T13:30:00Z,1X2 - Home,0.6386,1.38,0.7246,-0.086,2.29,1.1,9.73,3.67,poisson_baseline_v0
0f00e451,2026-09-12T09:53:53.186077,565799,Bundesliga,RB Leipzig,Hamburger SV,2026-09-13T13:30:00Z,1X2 - Draw,0.1901,5.8,0.1724,0.0177,2.29,1.1,9.73,3.67,poisson_baseline_v0
31bf1245,2026-09-12T09:53:53.186077,565799,Bundesliga,RB Leipzig,Hamburger SV,2026-09-13T13:30:00Z,1X2 - Away,0.1707,9.2,0.1087,0.062,2.29,1.1,9.73,3.67,poisson_baseline_v0
6016f140,2026-09-12T09:53:53.186077,565799,Bundesliga,RB Leipzig,Hamburger SV,2026-09-13T13:30:00Z,Over 2.5 goals,0.6575,2.1,0.4762,0.1813,2.29,1.1,9.73,3.67,poisson_baseline_v0
1cc0e253,2026-09-12T09:53:53.186077,565799,Bundesliga,RB Leipzig,Hamburger SV,2026-09-13T13:30:00Z,Under 2.5 goals,0.3425,2.95,0.339,0.0035,2.29,1.1,9.73,3.67,poisson_baseline_v0
3b87c8d4,2026-09-12T09:53:53.186077,564675,Primera Division,Levante UD,FC Barcelona,2026-09-13T14:15:00Z,1X2 - Home,0.0574,,,,0.84,3.35,10.3,3.8,poisson_baseline_v0
e37a4d2e,2026-09-12T09:53:53.186077,564675,Primera Division,Levante UD,FC Barcelona,2026-09-13T14:15:00Z,1X2 - Draw,0.0991,,,,0.84,3.35,10.3,3.8,poisson_baseline_v0
98187338,2026-09-12T09:53:53.186077,564675,Primera Division,Levante UD,FC Barcelona,2026-09-13T14:15:00Z,1X2 - Away,0.8359,,,,0.84,3.35,10.3,3.8,poisson_baseline_v0
c1c20149,2026-09-12T09:53:53.186077,564675,Primera Division,Levante UD,FC Barcelona,2026-09-13T14:15:00Z,Over 2.5 goals,0.7808,,,,0.84,3.35,10.3,3.8,poisson_baseline_v0
939e6b41,2026-09-12T09:53:53.186077,564675,Primera Division,Levante UD,FC Barcelona,2026-09-13T14:15:00Z,Under 2.5 goals,0.2192,,,,0.84,3.35,10.3,3.8,poisson_baseline_v0
5f0bc69b,2026-09-12T09:53:53.186077,559686,Ligue 1,Le Mans FC,Racing Club de Lens,2026-09-13T15:15:00Z,1X2 - Home,0.1746,,,,1.7,3.22,10.93,4.53,poisson_baseline_v0
a127e7c7,2026-09-12T09:53:53.186077,559686,Ligue 1,Le Mans FC,Racing Club de Lens,2026-09-13T15:15:00Z,1X2 - Draw,0.1494,,,,1.7,3.22,10.93,4.53,poisson_baseline_v0
f742f099,2026-09-12T09:53:53.186077,559686,Ligue 1,Le Mans FC,Racing Club de Lens,2026-09-13T15:15:00Z,1X2 - Away,0.67,,,,1.7,3.22,10.93,4.53,poisson_baseline_v0
1307db3e,2026-09-12T09:53:53.186077,559686,Ligue 1,Le Mans FC,Racing Club de Lens,2026-09-13T15:15:00Z,Over 2.5 goals,0.8621,,,,1.7,3.22,10.93,4.53,poisson_baseline_v0
72e6ae44,2026-09-12T09:53:53.186077,559686,Ligue 1,Le Mans FC,Racing Club de Lens,2026-09-13T15:15:00Z,Under 2.5 goals,0.1379,,,,1.7,3.22,10.93,4.53,poisson_baseline_v0
93beb206,2026-09-12T09:53:53.186077,560580,Premier League,Manchester United FC,Manchester City FC,2026-09-13T15:30:00Z,1X2 - Home,0.2069,,,,1.08,1.94,10.93,4.0,poisson_baseline_v0
d65366d1,2026-09-12T09:53:53.186077,560580,Premier League,Manchester United FC,Manchester City FC,2026-09-13T15:30:00Z,1X2 - Draw,0.2187,,,,1.08,1.94,10.93,4.0,poisson_baseline_v0
43bb2645,2026-09-12T09:53:53.186077,560580,Premier League,Manchester United FC,Manchester City FC,2026-09-13T15:30:00Z,1X2 - Away,0.5742,,,,1.08,1.94,10.93,4.0,poisson_baseline_v0
2813305d,2026-09-12T09:53:53.186077,560580,Premier League,Manchester United FC,Manchester City FC,2026-09-13T15:30:00Z,Over 2.5 goals,0.581,,,,1.08,1.94,10.93,4.0,poisson_baseline_v0
a983f5c5,2026-09-12T09:53:53.186077,560580,Premier League,Manchester United FC,Manchester City FC,2026-09-13T15:30:00Z,Under 2.5 goals,0.419,,,,1.08,1.94,10.93,4.0,poisson_baseline_v0
c0b3fea0,2026-09-12T09:53:53.186077,565800,Bundesliga,SV 07 Elversberg,FC Bayern München,2026-09-13T15:30:00Z,1X2 - Home,0.0869,,,,2.4,5.64,11.03,3.67,poisson_baseline_v0
118e93de,2026-09-12T09:53:53.186077,565800,Bundesliga,SV 07 Elversberg,FC Bayern München,2026-09-13T15:30:00Z,1X2 - Draw,0.0757,,,,2.4,5.64,11.03,3.67,poisson_baseline_v0
5568d34c,2026-09-12T09:53:53.186077,565800,Bundesliga,SV 07 Elversberg,FC Bayern München,2026-09-13T15:30:00Z,1X2 - Away,0.7187,,,,2.4,5.64,11.03,3.67,poisson_baseline_v0
2cae0870,2026-09-12T09:53:53.186077,565800,Bundesliga,SV 07 Elversberg,FC Bayern München,2026-09-13T15:30:00Z,Over 2.5 goals,0.868,,,,2.4,5.64,11.03,3.67,poisson_baseline_v0
76483f50,2026-09-12T09:53:53.186077,565800,Bundesliga,SV 07 Elversberg,FC Bayern München,2026-09-13T15:30:00Z,Under 2.5 goals,0.132,,,,2.4,5.64,11.03,3.67,poisson_baseline_v0
808420f4,2026-09-12T09:53:53.186077,558599,Serie A,SSC Napoli,Bologna FC 1909,2026-09-13T16:00:00Z,1X2 - Home,0.4907,,,,1.31,0.79,9.37,2.8,poisson_baseline_v0
9fa1c216,2026-09-12T09:53:53.186077,558599,Serie A,SSC Napoli,Bologna FC 1909,2026-09-13T16:00:00Z,1X2 - Draw,0.2855,,,,1.31,0.79,9.37,2.8,poisson_baseline_v0
9d969c00,2026-09-12T09:53:53.186077,558599,Serie A,SSC Napoli,Bologna FC 1909,2026-09-13T16:00:00Z,1X2 - Away,0.2238,,,,1.31,0.79,9.37,2.8,poisson_baseline_v0
ec061b73,2026-09-12T09:53:53.186077,558599,Serie A,SSC Napoli,Bologna FC 1909,2026-09-13T16:00:00Z,Over 2.5 goals,0.3509,,,,1.31,0.79,9.37,2.8,poisson_baseline_v0
01f7d380,2026-09-12T09:53:53.186077,558599,Serie A,SSC Napoli,Bologna FC 1909,2026-09-13T16:00:00Z,Under 2.5 goals,0.6491,,,,1.31,0.79,9.37,2.8,poisson_baseline_v0
5d27fea5,2026-09-12T09:53:53.186077,564668,Primera Division,Getafe CF,RC Deportivo La Coruña,2026-09-13T16:30:00Z,1X2 - Home,0.1361,,,,0.63,1.67,9.09,7.0,poisson_baseline_v0
0d5c92a1,2026-09-12T09:53:53.186077,564668,Primera Division,Getafe CF,RC Deportivo La Coruña,2026-09-13T16:30:00Z,1X2 - Draw,0.2363,,,,0.63,1.67,9.09,7.0,poisson_baseline_v0
706d152c,2026-09-12T09:53:53.186077,564668,Primera Division,Getafe CF,RC Deportivo La Coruña,2026-09-13T16:30:00Z,1X2 - Away,0.6276,,,,0.63,1.67,9.09,7.0,poisson_baseline_v0
a851feeb,2026-09-12T09:53:53.186077,564668,Primera Division,Getafe CF,RC Deportivo La Coruña,2026-09-13T16:30:00Z,Over 2.5 goals,0.4046,,,,0.63,1.67,9.09,7.0,poisson_baseline_v0
1b58956d,2026-09-12T09:53:53.186077,564668,Primera Division,Getafe CF,RC Deportivo La Coruña,2026-09-13T16:30:00Z,Under 2.5 goals,0.5954,,,,0.63,1.67,9.09,7.0,poisson_baseline_v0
6cdea478,2026-09-12T09:53:53.186077,558608,Serie A,US Sassuolo Calcio,Juventus FC,2026-09-13T18:45:00Z,1X2 - Home,0.137,,,,0.58,1.55,9.6,3.87,poisson_baseline_v0
cb7e70d4,2026-09-12T09:53:53.186077,558608,Serie A,US Sassuolo Calcio,Juventus FC,2026-09-13T18:45:00Z,1X2 - Draw,0.2526,,,,0.58,1.55,9.6,3.87,poisson_baseline_v0
69afe96d,2026-09-12T09:53:53.186077,558608,Serie A,US Sassuolo Calcio,Juventus FC,2026-09-13T18:45:00Z,1X2 - Away,0.6103,,,,0.58,1.55,9.6,3.87,poisson_baseline_v0
554df597,2026-09-12T09:53:53.186077,558608,Serie A,US Sassuolo Calcio,Juventus FC,2026-09-13T18:45:00Z,Over 2.5 goals,0.3571,,,,0.58,1.55,9.6,3.87,poisson_baseline_v0
5a8d4b8a,2026-09-12T09:53:53.186077,558608,Serie A,US Sassuolo Calcio,Juventus FC,2026-09-13T18:45:00Z,Under 2.5 goals,0.6429,,,,0.58,1.55,9.6,3.87,poisson_baseline_v0
7d92bfaf,2026-09-12T09:53:53.186077,564674,Primera Division,Real Sociedad de Fútbol,Club Atlético de Madrid,2026-09-13T19:00:00Z,1X2 - Home,0.2564,,,,1.68,2.48,10.2,6.2,poisson_baseline_v0
fc08116a,2026-09-12T09:53:53.186077,564674,Primera Division,Real Sociedad de Fútbol,Club Atlético de Madrid,2026-09-13T19:00:00Z,1X2 - Draw,0.1896,,,,1.68,2.48,10.2,6.2,poisson_baseline_v0
e7b07ed8,2026-09-12T09:53:53.186077,564674,Primera Division,Real Sociedad de Fútbol,Club Atlético de Madrid,2026-09-13T19:00:00Z,1X2 - Away,0.5529,,,,1.68,2.48,10.2,6.2,poisson_baseline_v0
484f1b91,2026-09-12T09:53:53.186077,564674,Primera Division,Real Sociedad de Fútbol,Club Atlético de Madrid,2026-09-13T19:00:00Z,Over 2.5 goals,0.782,,,,1.68,2.48,10.2,6.2,poisson_baseline_v0
ca5a420c,2026-09-12T09:53:53.186077,564674,Primera Division,Real Sociedad de Fútbol,Club Atlético de Madrid,2026-09-13T19:00:00Z,Under 2.5 goals,0.218,,,,1.68,2.48,10.2,6.2,poisson_baseline_v0
8b7240f8,2026-09-13T10:54:16.698868,564672,Primera Division,RC Celta de Vigo,Málaga CF,2026-09-13T12:00:00Z,1X2 - Home,0.6344,,,,1.36,0.33,9.24,4.5,poisson_baseline_v0
796a9e15,2026-09-13T10:54:16.698868,564672,Primera Division,RC Celta de Vigo,Málaga CF,2026-09-13T12:00:00Z,1X2 - Draw,0.2772,,,,1.36,0.33,9.24,4.5,poisson_baseline_v0
0b3b8af9,2026-09-13T10:54:16.698868,564672,Primera Division,RC Celta de Vigo,Málaga CF,2026-09-13T12:00:00Z,1X2 - Away,0.0884,,,,1.36,0.33,9.24,4.5,poisson_baseline_v0
025ed4f3,2026-09-13T10:54:16.698868,564672,Primera Division,RC Celta de Vigo,Málaga CF,2026-09-13T12:00:00Z,Over 2.5 goals,0.2396,,,,1.36,0.33,9.24,4.5,poisson_baseline_v0
b1fc7f2d,2026-09-13T10:54:16.698868,564672,Primera Division,RC Celta de Vigo,Málaga CF,2026-09-13T12:00:00Z,Under 2.5 goals,0.7604,,,,1.36,0.33,9.24,4.5,poisson_baseline_v0
af2b81fc,2026-09-13T10:54:16.698868,558605,Serie A,US Lecce,AC Monza,2026-09-13T13:00:00Z,1X2 - Home,0.4831,,,,1.34,0.85,8.4,3.8,poisson_baseline_v0
00a660d2,2026-09-13T10:54:16.698868,558605,Serie A,US Lecce,AC Monza,2026-09-13T13:00:00Z,1X2 - Draw,0.28,,,,1.34,0.85,8.4,3.8,poisson_baseline_v0
6b01c438,2026-09-13T10:54:16.698868,558605,Serie A,US Lecce,AC Monza,2026-09-13T13:00:00Z,1X2 - Away,0.2369,,,,1.34,0.85,8.4,3.8,poisson_baseline_v0
74636806,2026-09-13T10:54:16.698868,558605,Serie A,US Lecce,AC Monza,2026-09-13T13:00:00Z,Over 2.5 goals,0.3761,,,,1.34,0.85,8.4,3.8,poisson_baseline_v0
2957d13f,2026-09-13T10:54:16.698868,558605,Serie A,US Lecce,AC Monza,2026-09-13T13:00:00Z,Under 2.5 goals,0.6239,,,,1.34,0.85,8.4,3.8,poisson_baseline_v0
6d8c0632,2026-09-13T10:54:16.698868,559685,Ligue 1,Lille OSC,ES Troyes AC,2026-09-13T13:00:00Z,1X2 - Home,0.7665,,,,2.01,0.37,9.33,3.6,poisson_baseline_v0
42eacf56,2026-09-13T10:54:16.698868,559685,Ligue 1,Lille OSC,ES Troyes AC,2026-09-13T13:00:00Z,1X2 - Draw,0.1752,,,,2.01,0.37,9.33,3.6,poisson_baseline_v0
9c7bae33,2026-09-13T10:54:16.698868,559685,Ligue 1,Lille OSC,ES Troyes AC,2026-09-13T13:00:00Z,1X2 - Away,0.058,,,,2.01,0.37,9.33,3.6,poisson_baseline_v0
6cedff90,2026-09-13T10:54:16.698868,559685,Ligue 1,Lille OSC,ES Troyes AC,2026-09-13T13:00:00Z,Over 2.5 goals,0.4259,,,,2.01,0.37,9.33,3.6,poisson_baseline_v0
9ad7c8eb,2026-09-13T10:54:16.698868,559685,Ligue 1,Lille OSC,ES Troyes AC,2026-09-13T13:00:00Z,Under 2.5 goals,0.5741,,,,2.01,0.37,9.33,3.6,poisson_baseline_v0
4d0864e9,2026-09-13T10:54:16.698868,560578,Premier League,Coventry City FC,Brighton & Hove Albion FC,2026-09-13T13:00:00Z,1X2 - Home,0.1847,,,,1.13,2.21,9.47,3.4,poisson_baseline_v0
9decd68c,2026-09-13T10:54:16.698868,560578,Premier League,Coventry City FC,Brighton & Hove Albion FC,2026-09-13T13:00:00Z,1X2 - Draw,0.197,,,,1.13,2.21,9.47,3.4,poisson_baseline_v0
097c5111,2026-09-13T10:54:16.698868,560578,Premier League,Coventry City FC,Brighton & Hove Albion FC,2026-09-13T13:00:00Z,1X2 - Away,0.6178,,,,1.13,2.21,9.47,3.4,poisson_baseline_v0
f2db88ed,2026-09-13T10:54:16.698868,560578,Premier League,Coventry City FC,Brighton & Hove Albion FC,2026-09-13T13:00:00Z,Over 2.5 goals,0.6494,,,,1.13,2.21,9.47,3.4,poisson_baseline_v0
129b8b24,2026-09-13T10:54:16.698868,560578,Premier League,Coventry City FC,Brighton & Hove Albion FC,2026-09-13T13:00:00Z,Under 2.5 goals,0.3506,,,,1.13,2.21,9.47,3.4,poisson_baseline_v0
ff7a2400,2026-09-13T10:54:16.698868,565799,Bundesliga,RB Leipzig,Hamburger SV,2026-09-13T13:30:00Z,1X2 - Home,0.6386,1.38,0.7246,-0.086,2.29,1.1,9.73,3.67,poisson_baseline_v0
43c12f52,2026-09-13T10:54:16.698868,565799,Bundesliga,RB Leipzig,Hamburger SV,2026-09-13T13:30:00Z,1X2 - Draw,0.1901,6.2,0.1613,0.0288,2.29,1.1,9.73,3.67,poisson_baseline_v0
e5f264ea,2026-09-13T10:54:16.698868,565799,Bundesliga,RB Leipzig,Hamburger SV,2026-09-13T13:30:00Z,1X2 - Away,0.1707,8.6,0.1163,0.0544,2.29,1.1,9.73,3.67,poisson_baseline_v0
f61fdcd4,2026-09-13T10:54:16.698868,565799,Bundesliga,RB Leipzig,Hamburger SV,2026-09-13T13:30:00Z,Over 2.5 goals,0.6575,1.91,0.5236,0.1339,2.29,1.1,9.73,3.67,poisson_baseline_v0
8c759f01,2026-09-13T10:54:16.698868,565799,Bundesliga,RB Leipzig,Hamburger SV,2026-09-13T13:30:00Z,Under 2.5 goals,0.3425,3.75,0.2667,0.0758,2.29,1.1,9.73,3.67,poisson_baseline_v0
2a8fa9fe,2026-09-13T10:54:16.698868,564675,Primera Division,Levante UD,FC Barcelona,2026-09-13T14:15:00Z,1X2 - Home,0.0574,,,,0.84,3.35,10.3,3.8,poisson_baseline_v0
d1a026a5,2026-09-13T10:54:16.698868,564675,Primera Division,Levante UD,FC Barcelona,2026-09-13T14:15:00Z,1X2 - Draw,0.0991,,,,0.84,3.35,10.3,3.8,poisson_baseline_v0
0d5077dc,2026-09-13T10:54:16.698868,564675,Primera Division,Levante UD,FC Barcelona,2026-09-13T14:15:00Z,1X2 - Away,0.8359,,,,0.84,3.35,10.3,3.8,poisson_baseline_v0
dee30b07,2026-09-13T10:54:16.698868,564675,Primera Division,Levante UD,FC Barcelona,2026-09-13T14:15:00Z,Over 2.5 goals,0.7808,,,,0.84,3.35,10.3,3.8,poisson_baseline_v0
4efd8d7e,2026-09-13T10:54:16.698868,564675,Primera Division,Levante UD,FC Barcelona,2026-09-13T14:15:00Z,Under 2.5 goals,0.2192,,,,0.84,3.35,10.3,3.8,poisson_baseline_v0
2a8ab22c,2026-09-13T10:54:16.698868,559686,Ligue 1,Le Mans FC,Racing Club de Lens,2026-09-13T15:15:00Z,1X2 - Home,0.1746,,,,1.7,3.22,10.93,4.53,poisson_baseline_v0
8f3c35db,2026-09-13T10:54:16.698868,559686,Ligue 1,Le Mans FC,Racing Club de Lens,2026-09-13T15:15:00Z,1X2 - Draw,0.1494,,,,1.7,3.22,10.93,4.53,poisson_baseline_v0
cfc6e0e7,2026-09-13T10:54:16.698868,559686,Ligue 1,Le Mans FC,Racing Club de Lens,2026-09-13T15:15:00Z,1X2 - Away,0.67,,,,1.7,3.22,10.93,4.53,poisson_baseline_v0
fa14f6ee,2026-09-13T10:54:16.698868,559686,Ligue 1,Le Mans FC,Racing Club de Lens,2026-09-13T15:15:00Z,Over 2.5 goals,0.8621,,,,1.7,3.22,10.93,4.53,poisson_baseline_v0
4ca30449,2026-09-13T10:54:16.698868,559686,Ligue 1,Le Mans FC,Racing Club de Lens,2026-09-13T15:15:00Z,Under 2.5 goals,0.1379,,,,1.7,3.22,10.93,4.53,poisson_baseline_v0
0e0f7c54,2026-09-13T10:54:16.698868,560580,Premier League,Manchester United FC,Manchester City FC,2026-09-13T15:30:00Z,1X2 - Home,0.2069,,,,1.08,1.94,10.93,4.0,poisson_baseline_v0
14880c25,2026-09-13T10:54:16.698868,560580,Premier League,Manchester United FC,Manchester City FC,2026-09-13T15:30:00Z,1X2 - Draw,0.2187,,,,1.08,1.94,10.93,4.0,poisson_baseline_v0
1b317473,2026-09-13T10:54:16.698868,560580,Premier League,Manchester United FC,Manchester City FC,2026-09-13T15:30:00Z,1X2 - Away,0.5742,,,,1.08,1.94,10.93,4.0,poisson_baseline_v0
2c3d2df6,2026-09-13T10:54:16.698868,560580,Premier League,Manchester United FC,Manchester City FC,2026-09-13T15:30:00Z,Over 2.5 goals,0.581,,,,1.08,1.94,10.93,4.0,poisson_baseline_v0
32abb3c5,2026-09-13T10:54:16.698868,560580,Premier League,Manchester United FC,Manchester City FC,2026-09-13T15:30:00Z,Under 2.5 goals,0.419,,,,1.08,1.94,10.93,4.0,poisson_baseline_v0
12a14cf7,2026-09-13T10:54:16.698868,565800,Bundesliga,SV 07 Elversberg,FC Bayern München,2026-09-13T15:30:00Z,1X2 - Home,0.0869,,,,2.4,5.64,11.03,3.67,poisson_baseline_v0
0dfb2a3b,2026-09-13T10:54:16.698868,565800,Bundesliga,SV 07 Elversberg,FC Bayern München,2026-09-13T15:30:00Z,1X2 - Draw,0.0757,,,,2.4,5.64,11.03,3.67,poisson_baseline_v0
6e3c2149,2026-09-13T10:54:16.698868,565800,Bundesliga,SV 07 Elversberg,FC Bayern München,2026-09-13T15:30:00Z,1X2 - Away,0.7187,,,,2.4,5.64,11.03,3.67,poisson_baseline_v0
ad99e8d7,2026-09-13T10:54:16.698868,565800,Bundesliga,SV 07 Elversberg,FC Bayern München,2026-09-13T15:30:00Z,Over 2.5 goals,0.868,,,,2.4,5.64,11.03,3.67,poisson_baseline_v0
41af3a2c,2026-09-13T10:54:16.698868,565800,Bundesliga,SV 07 Elversberg,FC Bayern München,2026-09-13T15:30:00Z,Under 2.5 goals,0.132,,,,2.4,5.64,11.03,3.67,poisson_baseline_v0
81b75c72,2026-09-13T10:54:16.698868,558599,Serie A,SSC Napoli,Bologna FC 1909,2026-09-13T16:00:00Z,1X2 - Home,0.4907,,,,1.31,0.79,9.37,2.8,poisson_baseline_v0
9f78eec4,2026-09-13T10:54:16.698868,558599,Serie A,SSC Napoli,Bologna FC 1909,2026-09-13T16:00:00Z,1X2 - Draw,0.2855,,,,1.31,0.79,9.37,2.8,poisson_baseline_v0
9885e041,2026-09-13T10:54:16.698868,558599,Serie A,SSC Napoli,Bologna FC 1909,2026-09-13T16:00:00Z,1X2 - Away,0.2238,,,,1.31,0.79,9.37,2.8,poisson_baseline_v0
c1a11d07,2026-09-13T10:54:16.698868,558599,Serie A,SSC Napoli,Bologna FC 1909,2026-09-13T16:00:00Z,Over 2.5 goals,0.3509,,,,1.31,0.79,9.37,2.8,poisson_baseline_v0
20db4dd9,2026-09-13T10:54:16.698868,558599,Serie A,SSC Napoli,Bologna FC 1909,2026-09-13T16:00:00Z,Under 2.5 goals,0.6491,,,,1.31,0.79,9.37,2.8,poisson_baseline_v0
e4c7f480,2026-09-13T10:54:16.698868,564668,Primera Division,Getafe CF,RC Deportivo La Coruña,2026-09-13T16:30:00Z,1X2 - Home,0.1361,,,,0.63,1.67,9.09,7.0,poisson_baseline_v0
8dc0e816,2026-09-13T10:54:16.698868,564668,Primera Division,Getafe CF,RC Deportivo La Coruña,2026-09-13T16:30:00Z,1X2 - Draw,0.2363,,,,0.63,1.67,9.09,7.0,poisson_baseline_v0
7522b42e,2026-09-13T10:54:16.698868,564668,Primera Division,Getafe CF,RC Deportivo La Coruña,2026-09-13T16:30:00Z,1X2 - Away,0.6276,,,,0.63,1.67,9.09,7.0,poisson_baseline_v0
06f6fd91,2026-09-13T10:54:16.698868,564668,Primera Division,Getafe CF,RC Deportivo La Coruña,2026-09-13T16:30:00Z,Over 2.5 goals,0.4046,,,,0.63,1.67,9.09,7.0,poisson_baseline_v0
8bf0ee8c,2026-09-13T10:54:16.698868,564668,Primera Division,Getafe CF,RC Deportivo La Coruña,2026-09-13T16:30:00Z,Under 2.5 goals,0.5954,,,,0.63,1.67,9.09,7.0,poisson_baseline_v0
9fafbf4d,2026-09-13T10:54:16.698868,558608,Serie A,US Sassuolo Calcio,Juventus FC,2026-09-13T18:45:00Z,1X2 - Home,0.137,,,,0.58,1.55,9.6,3.87,poisson_baseline_v0
7f20aef9,2026-09-13T10:54:16.698868,558608,Serie A,US Sassuolo Calcio,Juventus FC,2026-09-13T18:45:00Z,1X2 - Draw,0.2526,,,,0.58,1.55,9.6,3.87,poisson_baseline_v0
a6b72a37,2026-09-13T10:54:16.698868,558608,Serie A,US Sassuolo Calcio,Juventus FC,2026-09-13T18:45:00Z,1X2 - Away,0.6103,,,,0.58,1.55,9.6,3.87,poisson_baseline_v0
bd229f05,2026-09-13T10:54:16.698868,558608,Serie A,US Sassuolo Calcio,Juventus FC,2026-09-13T18:45:00Z,Over 2.5 goals,0.3571,,,,0.58,1.55,9.6,3.87,poisson_baseline_v0
439af159,2026-09-13T10:54:16.698868,558608,Serie A,US Sassuolo Calcio,Juventus FC,2026-09-13T18:45:00Z,Under 2.5 goals,0.6429,,,,0.58,1.55,9.6,3.87,poisson_baseline_v0
268900ae,2026-09-13T10:54:16.698868,564674,Primera Division,Real Sociedad de Fútbol,Club Atlético de Madrid,2026-09-13T19:00:00Z,1X2 - Home,0.2564,,,,1.68,2.48,10.2,6.2,poisson_baseline_v0
31533e89,2026-09-13T10:54:16.698868,564674,Primera Division,Real Sociedad de Fútbol,Club Atlético de Madrid,2026-09-13T19:00:00Z,1X2 - Draw,0.1896,,,,1.68,2.48,10.2,6.2,poisson_baseline_v0
52c3d7ba,2026-09-13T10:54:16.698868,564674,Primera Division,Real Sociedad de Fútbol,Club Atlético de Madrid,2026-09-13T19:00:00Z,1X2 - Away,0.5529,,,,1.68,2.48,10.2,6.2,poisson_baseline_v0
17aeef15,2026-09-13T10:54:16.698868,564674,Primera Division,Real Sociedad de Fútbol,Club Atlético de Madrid,2026-09-13T19:00:00Z,Over 2.5 goals,0.782,,,,1.68,2.48,10.2,6.2,poisson_baseline_v0
8b1eaac6,2026-09-13T10:54:16.698868,564674,Primera Division,Real Sociedad de Fútbol,Club Atlético de Madrid,2026-09-13T19:00:00Z,Under 2.5 goals,0.218,,,,1.68,2.48,10.2,6.2,poisson_baseline_v0
a8138e92,2026-09-13T10:54:16.698868,558602,Serie A,Como 1907,Parma Calcio 1913,2026-09-14T16:30:00Z,1X2 - Home,0.7012,,,,1.79,0.46,8.87,3.13,poisson_baseline_v0
ac1e43b1,2026-09-13T10:54:16.698868,558602,Serie A,Como 1907,Parma Calcio 1913,2026-09-14T16:30:00Z,1X2 - Draw,0.2113,,,,1.79,0.46,8.87,3.13,poisson_baseline_v0
3e447ca3,2026-09-13T10:54:16.698868,558602,Serie A,Como 1907,Parma Calcio 1913,2026-09-14T16:30:00Z,1X2 - Away,0.0875,,,,1.79,0.46,8.87,3.13,poisson_baseline_v0
d954ba76,2026-09-13T10:54:16.698868,558602,Serie A,Como 1907,Parma Calcio 1913,2026-09-14T16:30:00Z,Over 2.5 goals,0.3904,,,,1.79,0.46,8.87,3.13,poisson_baseline_v0
c1844d00,2026-09-13T10:54:16.698868,558602,Serie A,Como 1907,Parma Calcio 1913,2026-09-14T16:30:00Z,Under 2.5 goals,0.6096,,,,1.79,0.46,8.87,3.13,poisson_baseline_v0
eacdb9c7,2026-09-13T10:54:16.698868,558603,Serie A,Torino FC,AS Roma,2026-09-14T16:30:00Z,1X2 - Home,0.1439,,,,1.12,2.58,9.13,3.33,poisson_baseline_v0
21ffe4c0,2026-09-13T10:54:16.698868,558603,Serie A,Torino FC,AS Roma,2026-09-14T16:30:00Z,1X2 - Draw,0.1674,,,,1.12,2.58,9.13,3.33,poisson_baseline_v0
8376b57b,2026-09-13T10:54:16.698868,558603,Serie A,Torino FC,AS Roma,2026-09-14T16:30:00Z,1X2 - Away,0.6873,,,,1.12,2.58,9.13,3.33,poisson_baseline_v0
fe240f00,2026-09-13T10:54:16.698868,558603,Serie A,Torino FC,AS Roma,2026-09-14T16:30:00Z,Over 2.5 goals,0.7138,,,,1.12,2.58,9.13,3.33,poisson_baseline_v0
d52019d2,2026-09-13T10:54:16.698868,558603,Serie A,Torino FC,AS Roma,2026-09-14T16:30:00Z,Under 2.5 goals,0.2862,,,,1.12,2.58,9.13,3.33,poisson_baseline_v0
bac474c4,2026-09-13T10:54:16.698868,558601,Serie A,FC Internazionale Milano,Udinese Calcio,2026-09-14T18:45:00Z,1X2 - Home,0.4141,,,,1.49,1.31,9.17,3.93,poisson_baseline_v0
c7a7420a,2026-09-13T10:54:16.698868,558601,Serie A,FC Internazionale Milano,Udinese Calcio,2026-09-14T18:45:00Z,1X2 - Draw,0.2514,,,,1.49,1.31,9.17,3.93,poisson_baseline_v0
35707d95,2026-09-13T10:54:16.698868,558601,Serie A,FC Internazionale Milano,Udinese Calcio,2026-09-14T18:45:00Z,1X2 - Away,0.3344,,,,1.49,1.31,9.17,3.93,poisson_baseline_v0
24f42e97,2026-09-13T10:54:16.698868,558601,Serie A,FC Internazionale Milano,Udinese Calcio,2026-09-14T18:45:00Z,Over 2.5 goals,0.5319,,,,1.49,1.31,9.17,3.93,poisson_baseline_v0
ce9b3d60,2026-09-13T10:54:16.698868,558601,Serie A,FC Internazionale Milano,Udinese Calcio,2026-09-14T18:45:00Z,Under 2.5 goals,0.4681,,,,1.49,1.31,9.17,3.93,poisson_baseline_v0
f0f8a141,2026-09-13T10:54:16.698868,560579,Premier League,Leeds United FC,Newcastle United FC,2026-09-14T19:00:00Z,1X2 - Home,0.3536,,,,1.01,0.97,9.9,4.2,poisson_baseline_v0
ebe2cef2,2026-09-13T10:54:16.698868,560579,Premier League,Leeds United FC,Newcastle United FC,2026-09-14T19:00:00Z,1X2 - Draw,0.3102,,,,1.01,0.97,9.9,4.2,poisson_baseline_v0
efcafd97,2026-09-13T10:54:16.698868,560579,Premier League,Leeds United FC,Newcastle United FC,2026-09-14T19:00:00Z,1X2 - Away,0.3361,,,,1.01,0.97,9.9,4.2,poisson_baseline_v0
b320e2a4,2026-09-13T10:54:16.698868,560579,Premier League,Leeds United FC,Newcastle United FC,2026-09-14T19:00:00Z,Over 2.5 goals,0.3182,,,,1.01,0.97,9.9,4.2,poisson_baseline_v0
f3e5ef94,2026-09-13T10:54:16.698868,560579,Premier League,Leeds United FC,Newcastle United FC,2026-09-14T19:00:00Z,Under 2.5 goals,0.6818,,,,1.01,0.97,9.9,4.2,poisson_baseline_v0
29e7df60,2026-09-13T10:54:16.698868,564671,Primera Division,Villarreal CF,Real Betis Balompié,2026-09-14T19:00:00Z,1X2 - Home,0.3279,,,,1.62,1.93,10.3,3.6,poisson_baseline_v0
735e92e9,2026-09-13T10:54:16.698868,564671,Primera Division,Villarreal CF,Real Betis Balompié,2026-09-14T19:00:00Z,1X2 - Draw,0.2186,,,,1.62,1.93,10.3,3.6,poisson_baseline_v0
bf5298da,2026-09-13T10:54:16.698868,564671,Primera Division,Villarreal CF,Real Betis Balompié,2026-09-14T19:00:00Z,1X2 - Away,0.4533,,,,1.62,1.93,10.3,3.6,poisson_baseline_v0
c17e6616,2026-09-13T10:54:16.698868,564671,Primera Division,Villarreal CF,Real Betis Balompié,2026-09-14T19:00:00Z,Over 2.5 goals,0.688,,,,1.62,1.93,10.3,3.6,poisson_baseline_v0
6ffb40f4,2026-09-13T10:54:16.698868,564671,Primera Division,Villarreal CF,Real Betis Balompié,2026-09-14T19:00:00Z,Under 2.5 goals,0.312,,,,1.62,1.93,10.3,3.6,poisson_baseline_v0
a02823ea,2026-09-14T11:24:26.872063,558602,Serie A,Como 1907,Parma Calcio 1913,2026-09-14T16:30:00Z,1X2 - Home,0.7012,,,,1.79,0.46,8.87,3.13,poisson_baseline_v0
5d280c52,2026-09-14T11:24:26.872063,558602,Serie A,Como 1907,Parma Calcio 1913,2026-09-14T16:30:00Z,1X2 - Draw,0.2113,,,,1.79,0.46,8.87,3.13,poisson_baseline_v0
3803da4b,2026-09-14T11:24:26.872063,558602,Serie A,Como 1907,Parma Calcio 1913,2026-09-14T16:30:00Z,1X2 - Away,0.0875,,,,1.79,0.46,8.87,3.13,poisson_baseline_v0
c7a6212a,2026-09-14T11:24:26.872063,558602,Serie A,Como 1907,Parma Calcio 1913,2026-09-14T16:30:00Z,Over 2.5 goals,0.3904,,,,1.79,0.46,8.87,3.13,poisson_baseline_v0
d6b7fc43,2026-09-14T11:24:26.872063,558602,Serie A,Como 1907,Parma Calcio 1913,2026-09-14T16:30:00Z,Under 2.5 goals,0.6096,,,,1.79,0.46,8.87,3.13,poisson_baseline_v0
4dbfaa25,2026-09-14T11:24:26.872063,558603,Serie A,Torino FC,AS Roma,2026-09-14T16:30:00Z,1X2 - Home,0.1439,,,,1.12,2.58,9.13,3.33,poisson_baseline_v0
ee3a45df,2026-09-14T11:24:26.872063,558603,Serie A,Torino FC,AS Roma,2026-09-14T16:30:00Z,1X2 - Draw,0.1674,,,,1.12,2.58,9.13,3.33,poisson_baseline_v0
d0a72a7d,2026-09-14T11:24:26.872063,558603,Serie A,Torino FC,AS Roma,2026-09-14T16:30:00Z,1X2 - Away,0.6873,,,,1.12,2.58,9.13,3.33,poisson_baseline_v0
0b0211d2,2026-09-14T11:24:26.872063,558603,Serie A,Torino FC,AS Roma,2026-09-14T16:30:00Z,Over 2.5 goals,0.7138,,,,1.12,2.58,9.13,3.33,poisson_baseline_v0
b6cc9eb2,2026-09-14T11:24:26.872063,558603,Serie A,Torino FC,AS Roma,2026-09-14T16:30:00Z,Under 2.5 goals,0.2862,,,,1.12,2.58,9.13,3.33,poisson_baseline_v0
93a6e908,2026-09-14T11:24:26.872063,558601,Serie A,FC Internazionale Milano,Udinese Calcio,2026-09-14T18:45:00Z,1X2 - Home,0.4141,,,,1.49,1.31,9.17,3.93,poisson_baseline_v0
81857c1e,2026-09-14T11:24:26.872063,558601,Serie A,FC Internazionale Milano,Udinese Calcio,2026-09-14T18:45:00Z,1X2 - Draw,0.2514,,,,1.49,1.31,9.17,3.93,poisson_baseline_v0
94a57365,2026-09-14T11:24:26.872063,558601,Serie A,FC Internazionale Milano,Udinese Calcio,2026-09-14T18:45:00Z,1X2 - Away,0.3344,,,,1.49,1.31,9.17,3.93,poisson_baseline_v0
2f7b7de8,2026-09-14T11:24:26.872063,558601,Serie A,FC Internazionale Milano,Udinese Calcio,2026-09-14T18:45:00Z,Over 2.5 goals,0.5319,,,,1.49,1.31,9.17,3.93,poisson_baseline_v0
ce649abc,2026-09-14T11:24:26.872063,558601,Serie A,FC Internazionale Milano,Udinese Calcio,2026-09-14T18:45:00Z,Under 2.5 goals,0.4681,,,,1.49,1.31,9.17,3.93,poisson_baseline_v0
b348d9b9,2026-09-14T11:24:26.872063,560579,Premier League,Leeds United FC,Newcastle United FC,2026-09-14T19:00:00Z,1X2 - Home,0.3536,,,,1.01,0.97,9.9,4.2,poisson_baseline_v0
a024058e,2026-09-14T11:24:26.872063,560579,Premier League,Leeds United FC,Newcastle United FC,2026-09-14T19:00:00Z,1X2 - Draw,0.3102,,,,1.01,0.97,9.9,4.2,poisson_baseline_v0
7c508fd6,2026-09-14T11:24:26.872063,560579,Premier League,Leeds United FC,Newcastle United FC,2026-09-14T19:00:00Z,1X2 - Away,0.3361,,,,1.01,0.97,9.9,4.2,poisson_baseline_v0
9443e8c1,2026-09-14T11:24:26.872063,560579,Premier League,Leeds United FC,Newcastle United FC,2026-09-14T19:00:00Z,Over 2.5 goals,0.3182,,,,1.01,0.97,9.9,4.2,poisson_baseline_v0
bbc3b990,2026-09-14T11:24:26.872063,560579,Premier League,Leeds United FC,Newcastle United FC,2026-09-14T19:00:00Z,Under 2.5 goals,0.6818,,,,1.01,0.97,9.9,4.2,poisson_baseline_v0
15210172,2026-09-14T11:24:26.872063,564671,Primera Division,Villarreal CF,Real Betis Balompié,2026-09-14T19:00:00Z,1X2 - Home,0.3279,,,,1.62,1.93,10.3,3.6,poisson_baseline_v0
efff3983,2026-09-14T11:24:26.872063,564671,Primera Division,Villarreal CF,Real Betis Balompié,2026-09-14T19:00:00Z,1X2 - Draw,0.2186,,,,1.62,1.93,10.3,3.6,poisson_baseline_v0
adc0b174,2026-09-14T11:24:26.872063,564671,Primera Division,Villarreal CF,Real Betis Balompié,2026-09-14T19:00:00Z,1X2 - Away,0.4533,,,,1.62,1.93,10.3,3.6,poisson_baseline_v0
cb120cab,2026-09-14T11:24:26.872063,564671,Primera Division,Villarreal CF,Real Betis Balompié,2026-09-14T19:00:00Z,Over 2.5 goals,0.688,,,,1.62,1.93,10.3,3.6,poisson_baseline_v0
8fc5675e,2026-09-14T11:24:26.872063,564671,Primera Division,Villarreal CF,Real Betis Balompié,2026-09-14T19:00:00Z,Under 2.5 goals,0.312,,,,1.62,1.93,10.3,3.6,poisson_baseline_v0
5d2c0a57,2026-09-14T11:24:26.872063,564678,Primera Division,Rayo Vallecano de Madrid,RCD Espanyol de Barcelona,2026-09-15T17:00:00Z,1X2 - Home,0.3716,,,,1.28,1.26,10.7,6.53,poisson_baseline_v0
bb0c63c3,2026-09-14T11:24:26.872063,564678,Primera Division,Rayo Vallecano de Madrid,RCD Espanyol de Barcelona,2026-09-15T17:00:00Z,1X2 - Draw,0.2678,,,,1.28,1.26,10.7,6.53,poisson_baseline_v0
41f62e13,2026-09-14T11:24:26.872063,564678,Primera Division,Rayo Vallecano de Madrid,RCD Espanyol de Barcelona,2026-09-15T17:00:00Z,1X2 - Away,0.3605,,,,1.28,1.26,10.7,6.53,poisson_baseline_v0
579f29eb,2026-09-14T11:24:26.872063,564678,Primera Division,Rayo Vallecano de Madrid,RCD Espanyol de Barcelona,2026-09-15T17:00:00Z,Over 2.5 goals,0.4651,,,,1.28,1.26,10.7,6.53,poisson_baseline_v0
067ee4c8,2026-09-14T11:24:26.872063,564678,Primera Division,Rayo Vallecano de Madrid,RCD Espanyol de Barcelona,2026-09-15T17:00:00Z,Under 2.5 goals,0.5349,,,,1.28,1.26,10.7,6.53,poisson_baseline_v0
c093ec0c,2026-09-14T11:24:26.872063,564680,Primera Division,Deportivo Alavés,Valencia CF,2026-09-15T18:00:00Z,1X2 - Home,0.502,,,,2.03,1.49,9.73,4.27,poisson_baseline_v0
5910dd23,2026-09-14T11:24:26.872063,564680,Primera Division,Deportivo Alavés,Valencia CF,2026-09-15T18:00:00Z,1X2 - Draw,0.2144,,,,2.03,1.49,9.73,4.27,poisson_baseline_v0
38e5af92,2026-09-14T11:24:26.872063,564680,Primera Division,Deportivo Alavés,Valencia CF,2026-09-15T18:00:00Z,1X2 - Away,0.2834,,,,2.03,1.49,9.73,4.27,poisson_baseline_v0
82e1eb38,2026-09-14T11:24:26.872063,564680,Primera Division,Deportivo Alavés,Valencia CF,2026-09-15T18:00:00Z,Over 2.5 goals,0.683,,,,2.03,1.49,9.73,4.27,poisson_baseline_v0
14cb21bc,2026-09-14T11:24:26.872063,564680,Primera Division,Deportivo Alavés,Valencia CF,2026-09-15T18:00:00Z,Under 2.5 goals,0.317,,,,2.03,1.49,9.73,4.27,poisson_baseline_v0
346264dd,2026-09-14T11:24:26.872063,564681,Primera Division,Elche CF,Real Madrid CF,2026-09-15T19:30:00Z,1X2 - Home,0.0556,,,,0.87,3.46,9.7,4.67,poisson_baseline_v0
c3237f52,2026-09-14T11:24:26.872063,564681,Primera Division,Elche CF,Real Madrid CF,2026-09-15T19:30:00Z,1X2 - Draw,0.0946,,,,0.87,3.46,9.7,4.67,poisson_baseline_v0
4ffc2da7,2026-09-14T11:24:26.872063,564681,Primera Division,Elche CF,Real Madrid CF,2026-09-15T19:30:00Z,1X2 - Away,0.8406,,,,0.87,3.46,9.7,4.67,poisson_baseline_v0
adcbef5b,2026-09-14T11:24:26.872063,564681,Primera Division,Elche CF,Real Madrid CF,2026-09-15T19:30:00Z,Over 2.5 goals,0.7969,,,,0.87,3.46,9.7,4.67,poisson_baseline_v0
ec767875,2026-09-14T11:24:26.872063,564681,Primera Division,Elche CF,Real Madrid CF,2026-09-15T19:30:00Z,Under 2.5 goals,0.2031,,,,0.87,3.46,9.7,4.67,poisson_baseline_v0
845c32f7,2026-09-15T10:47:48.376132,564678,Primera Division,Rayo Vallecano de Madrid,RCD Espanyol de Barcelona,2026-09-15T17:00:00Z,1X2 - Home,0.2864,,,,1.15,1.53,10.73,6.13,poisson_baseline_v0
8a54f014,2026-09-15T10:47:48.376132,564678,Primera Division,Rayo Vallecano de Madrid,RCD Espanyol de Barcelona,2026-09-15T17:00:00Z,1X2 - Draw,0.2539,,,,1.15,1.53,10.73,6.13,poisson_baseline_v0
a1127315,2026-09-15T10:47:48.376132,564678,Primera Division,Rayo Vallecano de Madrid,RCD Espanyol de Barcelona,2026-09-15T17:00:00Z,1X2 - Away,0.4596,,,,1.15,1.53,10.73,6.13,poisson_baseline_v0
f72e8b0e,2026-09-15T10:47:48.376132,564678,Primera Division,Rayo Vallecano de Madrid,RCD Espanyol de Barcelona,2026-09-15T17:00:00Z,Over 2.5 goals,0.5015,,,,1.15,1.53,10.73,6.13,poisson_baseline_v0
8a2194de,2026-09-15T10:47:48.376132,564678,Primera Division,Rayo Vallecano de Madrid,RCD Espanyol de Barcelona,2026-09-15T17:00:00Z,Under 2.5 goals,0.4985,,,,1.15,1.53,10.73,6.13,poisson_baseline_v0
0671d540,2026-09-15T10:47:48.376132,564680,Primera Division,Deportivo Alavés,Valencia CF,2026-09-15T18:00:00Z,1X2 - Home,0.4885,,,,2.03,1.56,9.8,4.2,poisson_baseline_v0
51babb4d,2026-09-15T10:47:48.376132,564680,Primera Division,Deportivo Alavés,Valencia CF,2026-09-15T18:00:00Z,1X2 - Draw,0.2139,,,,2.03,1.56,9.8,4.2,poisson_baseline_v0
3f5955a0,2026-09-15T10:47:48.376132,564680,Primera Division,Deportivo Alavés,Valencia CF,2026-09-15T18:00:00Z,1X2 - Away,0.2973,,,,2.03,1.56,9.8,4.2,poisson_baseline_v0
8b8817cc,2026-09-15T10:47:48.376132,564680,Primera Division,Deportivo Alavés,Valencia CF,2026-09-15T18:00:00Z,Over 2.5 goals,0.6949,,,,2.03,1.56,9.8,4.2,poisson_baseline_v0
779f95dc,2026-09-15T10:47:48.376132,564680,Primera Division,Deportivo Alavés,Valencia CF,2026-09-15T18:00:00Z,Under 2.5 goals,0.3051,,,,2.03,1.56,9.8,4.2,poisson_baseline_v0
7d3e9fd5,2026-09-15T10:47:48.376132,564681,Primera Division,Elche CF,Real Madrid CF,2026-09-15T19:30:00Z,1X2 - Home,0.0726,,,,0.87,3.09,9.9,4.6,poisson_baseline_v0
7bb3ffa5,2026-09-15T10:47:48.376132,564681,Primera Division,Elche CF,Real Madrid CF,2026-09-15T19:30:00Z,1X2 - Draw,0.1172,,,,0.87,3.09,9.9,4.6,poisson_baseline_v0
e889ceeb,2026-09-15T10:47:48.376132,564681,Primera Division,Elche CF,Real Madrid CF,2026-09-15T19:30:00Z,1X2 - Away,0.8057,,,,0.87,3.09,9.9,4.6,poisson_baseline_v0
a9906c07,2026-09-15T10:47:48.376132,564681,Primera Division,Elche CF,Real Madrid CF,2026-09-15T19:30:00Z,Over 2.5 goals,0.7505,,,,0.87,3.09,9.9,4.6,poisson_baseline_v0
f50efe82,2026-09-15T10:47:48.376132,564681,Primera Division,Elche CF,Real Madrid CF,2026-09-15T19:30:00Z,Under 2.5 goals,0.2495,,,,0.87,3.09,9.9,4.6,poisson_baseline_v0
4456dda8,2026-09-15T10:47:48.376132,564684,Primera Division,Club Atlético de Madrid,CA Osasuna,2026-09-16T17:00:00Z,1X2 - Home,0.4194,,,,1.75,1.59,9.63,5.6,poisson_baseline_v0
a8869b1f,2026-09-15T10:47:48.376132,564684,Primera Division,Club Atlético de Madrid,CA Osasuna,2026-09-16T17:00:00Z,1X2 - Draw,0.2278,,,,1.75,1.59,9.63,5.6,poisson_baseline_v0
7d68bc78,2026-09-15T10:47:48.376132,564684,Primera Division,Club Atlético de Madrid,CA Osasuna,2026-09-16T17:00:00Z,1X2 - Away,0.3527,,,,1.75,1.59,9.63,5.6,poisson_baseline_v0
d8e8a2d5,2026-09-15T10:47:48.376132,564684,Primera Division,Club Atlético de Madrid,CA Osasuna,2026-09-16T17:00:00Z,Over 2.5 goals,0.6492,,,,1.75,1.59,9.63,5.6,poisson_baseline_v0
5e35363e,2026-09-15T10:47:48.376132,564684,Primera Division,Club Atlético de Madrid,CA Osasuna,2026-09-16T17:00:00Z,Under 2.5 goals,0.3508,,,,1.75,1.59,9.63,5.6,poisson_baseline_v0
0c60116d,2026-09-15T10:47:48.376132,564679,Primera Division,RC Deportivo La Coruña,Sevilla FC,2026-09-16T17:00:00Z,1X2 - Home,0.4533,,,,1.56,1.22,8.83,5.93,poisson_baseline_v0
9b2aed50,2026-09-15T10:47:48.376132,564679,Primera Division,RC Deportivo La Coruña,Sevilla FC,2026-09-16T17:00:00Z,1X2 - Draw,0.2495,,,,1.56,1.22,8.83,5.93,poisson_baseline_v0
215b94eb,2026-09-15T10:47:48.376132,564679,Primera Division,RC Deportivo La Coruña,Sevilla FC,2026-09-16T17:00:00Z,1X2 - Away,0.2972,,,,1.56,1.22,8.83,5.93,poisson_baseline_v0
26f78e2e,2026-09-15T10:47:48.376132,564679,Primera Division,RC Deportivo La Coruña,Sevilla FC,2026-09-16T17:00:00Z,Over 2.5 goals,0.526,,,,1.56,1.22,8.83,5.93,poisson_baseline_v0
2af7b39f,2026-09-15T10:47:48.376132,564679,Primera Division,RC Deportivo La Coruña,Sevilla FC,2026-09-16T17:00:00Z,Under 2.5 goals,0.474,,,,1.56,1.22,8.83,5.93,poisson_baseline_v0
bc8b4304,2026-09-15T10:47:48.376132,564687,Primera Division,FC Barcelona,Real Racing Club de Santander,2026-09-16T19:30:00Z,1X2 - Home,0.7428,,,,3.21,1.29,12.3,4.27,poisson_baseline_v0
e1218be5,2026-09-15T10:47:48.376132,564687,Primera Division,FC Barcelona,Real Racing Club de Santander,2026-09-16T19:30:00Z,1X2 - Draw,0.1335,,,,3.21,1.29,12.3,4.27,poisson_baseline_v0
66e64f60,2026-09-15T10:47:48.376132,564687,Primera Division,FC Barcelona,Real Racing Club de Santander,2026-09-16T19:30:00Z,1X2 - Away,0.1179,,,,3.21,1.29,12.3,4.27,poisson_baseline_v0
20f26ca6,2026-09-15T10:47:48.376132,564687,Primera Division,FC Barcelona,Real Racing Club de Santander,2026-09-16T19:30:00Z,Over 2.5 goals,0.8204,,,,3.21,1.29,12.3,4.27,poisson_baseline_v0
a75bd1eb,2026-09-15T10:47:48.376132,564687,Primera Division,FC Barcelona,Real Racing Club de Santander,2026-09-16T19:30:00Z,Under 2.5 goals,0.1796,,,,3.21,1.29,12.3,4.27,poisson_baseline_v0
259f8479,2026-09-15T10:47:48.376132,564685,Primera Division,Levante UD,Athletic Club,2026-09-16T19:30:00Z,1X2 - Home,0.3604,,,,1.75,1.91,10.47,3.87,poisson_baseline_v0
8e927a33,2026-09-15T10:47:48.376132,564685,Primera Division,Levante UD,Athletic Club,2026-09-16T19:30:00Z,1X2 - Draw,0.2166,,,,1.75,1.91,10.47,3.87,poisson_baseline_v0
de120dbf,2026-09-15T10:47:48.376132,564685,Primera Division,Levante UD,Athletic Club,2026-09-16T19:30:00Z,1X2 - Away,0.4228,,,,1.75,1.91,10.47,3.87,poisson_baseline_v0
4fdb5860,2026-09-15T10:47:48.376132,564685,Primera Division,Levante UD,Athletic Club,2026-09-16T19:30:00Z,Over 2.5 goals,0.7085,,,,1.75,1.91,10.47,3.87,poisson_baseline_v0
ef58fe3f,2026-09-15T10:47:48.376132,564685,Primera Division,Levante UD,Athletic Club,2026-09-16T19:30:00Z,Under 2.5 goals,0.2915,,,,1.75,1.91,10.47,3.87,poisson_baseline_v0
dccf0299,2026-09-16T10:37:06.730836,564684,Primera Division,Club Atlético de Madrid,CA Osasuna,2026-09-16T17:00:00Z,1X2 - Home,0.4194,,,,1.75,1.59,9.63,5.6,poisson_baseline_v0
c0cdb30c,2026-09-16T10:37:06.730836,564684,Primera Division,Club Atlético de Madrid,CA Osasuna,2026-09-16T17:00:00Z,1X2 - Draw,0.2278,,,,1.75,1.59,9.63,5.6,poisson_baseline_v0
643ac907,2026-09-16T10:37:06.730836,564684,Primera Division,Club Atlético de Madrid,CA Osasuna,2026-09-16T17:00:00Z,1X2 - Away,0.3527,,,,1.75,1.59,9.63,5.6,poisson_baseline_v0
10364d32,2026-09-16T10:37:06.730836,564684,Primera Division,Club Atlético de Madrid,CA Osasuna,2026-09-16T17:00:00Z,Over 2.5 goals,0.6492,,,,1.75,1.59,9.63,5.6,poisson_baseline_v0
98c3f8a2,2026-09-16T10:37:06.730836,564684,Primera Division,Club Atlético de Madrid,CA Osasuna,2026-09-16T17:00:00Z,Under 2.5 goals,0.3508,,,,1.75,1.59,9.63,5.6,poisson_baseline_v0
0b5f52b4,2026-09-16T10:37:06.730836,564679,Primera Division,RC Deportivo La Coruña,Sevilla FC,2026-09-16T17:00:00Z,1X2 - Home,0.4533,,,,1.56,1.22,8.83,5.93,poisson_baseline_v0
f6b46285,2026-09-16T10:37:06.730836,564679,Primera Division,RC Deportivo La Coruña,Sevilla FC,2026-09-16T17:00:00Z,1X2 - Draw,0.2495,,,,1.56,1.22,8.83,5.93,poisson_baseline_v0
c3634f59,2026-09-16T10:37:06.730836,564679,Primera Division,RC Deportivo La Coruña,Sevilla FC,2026-09-16T17:00:00Z,1X2 - Away,0.2972,,,,1.56,1.22,8.83,5.93,poisson_baseline_v0
2d487492,2026-09-16T10:37:06.730836,564679,Primera Division,RC Deportivo La Coruña,Sevilla FC,2026-09-16T17:00:00Z,Over 2.5 goals,0.526,,,,1.56,1.22,8.83,5.93,poisson_baseline_v0
b9290d60,2026-09-16T10:37:06.730836,564679,Primera Division,RC Deportivo La Coruña,Sevilla FC,2026-09-16T17:00:00Z,Under 2.5 goals,0.474,,,,1.56,1.22,8.83,5.93,poisson_baseline_v0
fa4ffaeb,2026-09-16T10:37:06.730836,564685,Primera Division,Levante UD,Athletic Club,2026-09-16T19:30:00Z,1X2 - Home,0.3604,,,,1.75,1.91,10.47,3.87,poisson_baseline_v0
a52a995c,2026-09-16T10:37:06.730836,564685,Primera Division,Levante UD,Athletic Club,2026-09-16T19:30:00Z,1X2 - Draw,0.2166,,,,1.75,1.91,10.47,3.87,poisson_baseline_v0
eeb0e9b1,2026-09-16T10:37:06.730836,564685,Primera Division,Levante UD,Athletic Club,2026-09-16T19:30:00Z,1X2 - Away,0.4228,,,,1.75,1.91,10.47,3.87,poisson_baseline_v0
37ded3cf,2026-09-16T10:37:06.730836,564685,Primera Division,Levante UD,Athletic Club,2026-09-16T19:30:00Z,Over 2.5 goals,0.7085,,,,1.75,1.91,10.47,3.87,poisson_baseline_v0
0e2c6330,2026-09-16T10:37:06.730836,564685,Primera Division,Levante UD,Athletic Club,2026-09-16T19:30:00Z,Under 2.5 goals,0.2915,,,,1.75,1.91,10.47,3.87,poisson_baseline_v0
413ca5e5,2026-09-16T10:37:06.730836,564687,Primera Division,FC Barcelona,Real Racing Club de Santander,2026-09-16T19:30:00Z,1X2 - Home,0.7428,,,,3.21,1.29,12.3,4.27,poisson_baseline_v0
b35561e8,2026-09-16T10:37:06.730836,564687,Primera Division,FC Barcelona,Real Racing Club de Santander,2026-09-16T19:30:00Z,1X2 - Draw,0.1335,,,,3.21,1.29,12.3,4.27,poisson_baseline_v0
3bbdefd8,2026-09-16T10:37:06.730836,564687,Primera Division,FC Barcelona,Real Racing Club de Santander,2026-09-16T19:30:00Z,1X2 - Away,0.1179,,,,3.21,1.29,12.3,4.27,poisson_baseline_v0
9dde3edb,2026-09-16T10:37:06.730836,564687,Primera Division,FC Barcelona,Real Racing Club de Santander,2026-09-16T19:30:00Z,Over 2.5 goals,0.8204,,,,3.21,1.29,12.3,4.27,poisson_baseline_v0
52c30b6a,2026-09-16T10:37:06.730836,564687,Primera Division,FC Barcelona,Real Racing Club de Santander,2026-09-16T19:30:00Z,Under 2.5 goals,0.1796,,,,3.21,1.29,12.3,4.27,poisson_baseline_v0
de0af923,2026-09-16T10:37:06.730836,564686,Primera Division,Real Betis Balompié,Getafe CF,2026-09-17T17:00:00Z,1X2 - Home,0.3601,,,,0.98,0.91,9.37,5.67,poisson_baseline_v0
2916b0d0,2026-09-16T10:37:06.730836,564686,Primera Division,Real Betis Balompié,Getafe CF,2026-09-17T17:00:00Z,1X2 - Draw,0.3191,,,,0.98,0.91,9.37,5.67,poisson_baseline_v0
4e35d9ef,2026-09-16T10:37:06.730836,564686,Primera Division,Real Betis Balompié,Getafe CF,2026-09-17T17:00:00Z,1X2 - Away,0.3208,,,,0.98,0.91,9.37,5.67,poisson_baseline_v0
8d646b30,2026-09-16T10:37:06.730836,564686,Primera Division,Real Betis Balompié,Getafe CF,2026-09-17T17:00:00Z,Over 2.5 goals,0.2932,,,,0.98,0.91,9.37,5.67,poisson_baseline_v0
546c59e2,2026-09-16T10:37:06.730836,564686,Primera Division,Real Betis Balompié,Getafe CF,2026-09-17T17:00:00Z,Under 2.5 goals,0.7068,,,,0.98,0.91,9.37,5.67,poisson_baseline_v0
ecfcc903,2026-09-16T10:37:06.730836,564683,Primera Division,Málaga CF,Villarreal CF,2026-09-17T19:30:00Z,1X2 - Home,0.0385,,,,0.42,2.68,10.47,3.87,poisson_baseline_v0
20bc3c1a,2026-09-16T10:37:06.730836,564683,Primera Division,Málaga CF,Villarreal CF,2026-09-17T19:30:00Z,1X2 - Draw,0.1124,,,,0.42,2.68,10.47,3.87,poisson_baseline_v0
9565bfb8,2026-09-16T10:37:06.730836,564683,Primera Division,Málaga CF,Villarreal CF,2026-09-17T19:30:00Z,1X2 - Away,0.8474,,,,0.42,2.68,10.47,3.87,poisson_baseline_v0
0c9f351d,2026-09-16T10:37:06.730836,564683,Primera Division,Málaga CF,Villarreal CF,2026-09-17T19:30:00Z,Over 2.5 goals,0.5961,,,,0.42,2.68,10.47,3.87,poisson_baseline_v0
b1c7a595,2026-09-16T10:37:06.730836,564683,Primera Division,Málaga CF,Villarreal CF,2026-09-17T19:30:00Z,Under 2.5 goals,0.4039,,,,0.42,2.68,10.47,3.87,poisson_baseline_v0
5de635b6,2026-09-17T10:45:46.433804,564686,Primera Division,Real Betis Balompié,Getafe CF,2026-09-17T17:00:00Z,1X2 - Home,0.3601,,,,0.98,0.91,9.37,5.67,poisson_baseline_v0
30f3af0a,2026-09-17T10:45:46.433804,564686,Primera Division,Real Betis Balompié,Getafe CF,2026-09-17T17:00:00Z,1X2 - Draw,0.3191,,,,0.98,0.91,9.37,5.67,poisson_baseline_v0
0a8dc154,2026-09-17T10:45:46.433804,564686,Primera Division,Real Betis Balompié,Getafe CF,2026-09-17T17:00:00Z,1X2 - Away,0.3208,,,,0.98,0.91,9.37,5.67,poisson_baseline_v0
b8ae9058,2026-09-17T10:45:46.433804,564686,Primera Division,Real Betis Balompié,Getafe CF,2026-09-17T17:00:00Z,Over 2.5 goals,0.2932,,,,0.98,0.91,9.37,5.67,poisson_baseline_v0
44ccf91f,2026-09-17T10:45:46.433804,564686,Primera Division,Real Betis Balompié,Getafe CF,2026-09-17T17:00:00Z,Under 2.5 goals,0.7068,,,,0.98,0.91,9.37,5.67,poisson_baseline_v0
f83588d2,2026-09-17T10:45:46.433804,564683,Primera Division,Málaga CF,Villarreal CF,2026-09-17T19:30:00Z,1X2 - Home,0.0385,,,,0.42,2.68,10.47,3.87,poisson_baseline_v0
ba1735ce,2026-09-17T10:45:46.433804,564683,Primera Division,Málaga CF,Villarreal CF,2026-09-17T19:30:00Z,1X2 - Draw,0.1124,,,,0.42,2.68,10.47,3.87,poisson_baseline_v0
40b1bba9,2026-09-17T10:45:46.433804,564683,Primera Division,Málaga CF,Villarreal CF,2026-09-17T19:30:00Z,1X2 - Away,0.8474,,,,0.42,2.68,10.47,3.87,poisson_baseline_v0
0739abdc,2026-09-17T10:45:46.433804,564683,Primera Division,Málaga CF,Villarreal CF,2026-09-17T19:30:00Z,Over 2.5 goals,0.5961,,,,0.42,2.68,10.47,3.87,poisson_baseline_v0
af1e95a1,2026-09-17T10:45:46.433804,564683,Primera Division,Málaga CF,Villarreal CF,2026-09-17T19:30:00Z,Under 2.5 goals,0.4039,,,,0.42,2.68,10.47,3.87,poisson_baseline_v0
97dac68f,2026-09-17T10:45:46.433804,565804,Bundesliga,FC Bayern München,1. FC Union Berlin,2026-09-18T18:30:00Z,1X2 - Home,0.8087,,,,3.7,1.19,10.27,3.87,poisson_baseline_v0
d085d525,2026-09-17T10:45:46.433804,565804,Bundesliga,FC Bayern München,1. FC Union Berlin,2026-09-18T18:30:00Z,1X2 - Draw,0.1011,,,,3.7,1.19,10.27,3.87,poisson_baseline_v0
c8c834ff,2026-09-17T10:45:46.433804,565804,Bundesliga,FC Bayern München,1. FC Union Berlin,2026-09-18T18:30:00Z,1X2 - Away,0.0766,,,,3.7,1.19,10.27,3.87,poisson_baseline_v0
7191ef5c,2026-09-17T10:45:46.433804,565804,Bundesliga,FC Bayern München,1. FC Union Berlin,2026-09-18T18:30:00Z,Over 2.5 goals,0.8519,,,,3.7,1.19,10.27,3.87,poisson_baseline_v0
2aa0e25d,2026-09-17T10:45:46.433804,565804,Bundesliga,FC Bayern München,1. FC Union Berlin,2026-09-18T18:30:00Z,Under 2.5 goals,0.1481,,,,3.7,1.19,10.27,3.87,poisson_baseline_v0
34088c9c,2026-09-17T10:45:46.433804,558596,Serie A,AC Monza,US Sassuolo Calcio,2026-09-18T18:45:00Z,1X2 - Home,0.1066,,,,0.83,2.46,8.97,3.8,poisson_baseline_v0
da9d3668,2026-09-17T10:45:46.433804,558596,Serie A,AC Monza,US Sassuolo Calcio,2026-09-18T18:45:00Z,1X2 - Draw,0.1624,,,,0.83,2.46,8.97,3.8,poisson_baseline_v0
0cc84ede,2026-09-17T10:45:46.433804,558596,Serie A,AC Monza,US Sassuolo Calcio,2026-09-18T18:45:00Z,1X2 - Away,0.7299,,,,0.83,2.46,8.97,3.8,poisson_baseline_v0
7abe248c,2026-09-17T10:45:46.433804,558596,Serie A,AC Monza,US Sassuolo Calcio,2026-09-18T18:45:00Z,Over 2.5 goals,0.6369,,,,0.83,2.46,8.97,3.8,poisson_baseline_v0
7c3fd12d,2026-09-17T10:45:46.433804,558596,Serie A,AC Monza,US Sassuolo Calcio,2026-09-18T18:45:00Z,Under 2.5 goals,0.3631,,,,0.83,2.46,8.97,3.8,poisson_baseline_v0
2279936b,2026-09-17T10:45:46.433804,559682,Ligue 1,AS Monaco FC,Racing Club de Lens,2026-09-18T18:45:00Z,1X2 - Home,0.3334,,,,1.82,2.15,10.53,4.07,poisson_baseline_v0
6e6e5cc6,2026-09-17T10:45:46.433804,559682,Ligue 1,AS Monaco FC,Racing Club de Lens,2026-09-18T18:45:00Z,1X2 - Draw,0.2054,,,,1.82,2.15,10.53,4.07,poisson_baseline_v0
45939d62,2026-09-17T10:45:46.433804,559682,Ligue 1,AS Monaco FC,Racing Club de Lens,2026-09-18T18:45:00Z,1X2 - Away,0.4606,,,,1.82,2.15,10.53,4.07,poisson_baseline_v0
8796960f,2026-09-17T10:45:46.433804,559682,Ligue 1,AS Monaco FC,Racing Club de Lens,2026-09-18T18:45:00Z,Over 2.5 goals,0.7568,,,,1.82,2.15,10.53,4.07,poisson_baseline_v0
699035b2,2026-09-17T10:45:46.433804,559682,Ligue 1,AS Monaco FC,Racing Club de Lens,2026-09-18T18:45:00Z,Under 2.5 goals,0.2432,,,,1.82,2.15,10.53,4.07,poisson_baseline_v0
e2996f03,2026-09-17T10:45:46.433804,560591,Premier League,Brentford FC,Chelsea FC,2026-09-18T19:00:00Z,1X2 - Home,0.514,,,,1.89,1.29,10.3,4.2,poisson_baseline_v0
85e0447d,2026-09-17T10:45:46.433804,560591,Premier League,Brentford FC,Chelsea FC,2026-09-18T19:00:00Z,1X2 - Draw,0.2243,,,,1.89,1.29,10.3,4.2,poisson_baseline_v0
e6a356ee,2026-09-17T10:45:46.433804,560591,Premier League,Brentford FC,Chelsea FC,2026-09-18T19:00:00Z,1X2 - Away,0.2615,,,,1.89,1.29,10.3,4.2,poisson_baseline_v0
545e7e68,2026-09-17T10:45:46.433804,560591,Premier League,Brentford FC,Chelsea FC,2026-09-18T19:00:00Z,Over 2.5 goals,0.6163,,,,1.89,1.29,10.3,4.2,poisson_baseline_v0
ef3869f5,2026-09-17T10:45:46.433804,560591,Premier League,Brentford FC,Chelsea FC,2026-09-18T19:00:00Z,Under 2.5 goals,0.3837,,,,1.89,1.29,10.3,4.2,poisson_baseline_v0
79a762cf,2026-09-17T10:45:46.433804,564692,Primera Division,RCD Espanyol de Barcelona,Elche CF,2026-09-18T19:00:00Z,1X2 - Home,0.3343,,,,1.22,1.36,9.33,5.87,poisson_baseline_v0
0ddd7c22,2026-09-17T10:45:46.433804,564692,Primera Division,RCD Espanyol de Barcelona,Elche CF,2026-09-18T19:00:00Z,1X2 - Draw,0.2643,,,,1.22,1.36,9.33,5.87,poisson_baseline_v0
5d25a196,2026-09-17T10:45:46.433804,564692,Primera Division,RCD Espanyol de Barcelona,Elche CF,2026-09-18T19:00:00Z,1X2 - Away,0.4014,,,,1.22,1.36,9.33,5.87,poisson_baseline_v0
5770d1a3,2026-09-17T10:45:46.433804,564692,Primera Division,RCD Espanyol de Barcelona,Elche CF,2026-09-18T19:00:00Z,Over 2.5 goals,0.4766,,,,1.22,1.36,9.33,5.87,poisson_baseline_v0
f25b23f8,2026-09-17T10:45:46.433804,564692,Primera Division,RCD Espanyol de Barcelona,Elche CF,2026-09-18T19:00:00Z,Under 2.5 goals,0.5234,,,,1.22,1.36,9.33,5.87,poisson_baseline_v0
d952ac84,2026-09-18T10:21:37.783739,565804,Bundesliga,FC Bayern München,1. FC Union Berlin,2026-09-18T18:30:00Z,1X2 - Home,0.8087,,,,3.7,1.19,10.27,3.87,poisson_baseline_v0
6a16c4ec,2026-09-18T10:21:37.783739,565804,Bundesliga,FC Bayern München,1. FC Union Berlin,2026-09-18T18:30:00Z,1X2 - Draw,0.1011,,,,3.7,1.19,10.27,3.87,poisson_baseline_v0
7b9ed43f,2026-09-18T10:21:37.783739,565804,Bundesliga,FC Bayern München,1. FC Union Berlin,2026-09-18T18:30:00Z,1X2 - Away,0.0766,,,,3.7,1.19,10.27,3.87,poisson_baseline_v0
7bbc72b2,2026-09-18T10:21:37.783739,565804,Bundesliga,FC Bayern München,1. FC Union Berlin,2026-09-18T18:30:00Z,Over 2.5 goals,0.8519,,,,3.7,1.19,10.27,3.87,poisson_baseline_v0
077d5de0,2026-09-18T10:21:37.783739,565804,Bundesliga,FC Bayern München,1. FC Union Berlin,2026-09-18T18:30:00Z,Under 2.5 goals,0.1481,,,,3.7,1.19,10.27,3.87,poisson_baseline_v0
2815dc99,2026-09-18T10:21:37.783739,558596,Serie A,AC Monza,US Sassuolo Calcio,2026-09-18T18:45:00Z,1X2 - Home,0.1066,,,,0.83,2.46,8.97,3.8,poisson_baseline_v0
3afe13ed,2026-09-18T10:21:37.783739,558596,Serie A,AC Monza,US Sassuolo Calcio,2026-09-18T18:45:00Z,1X2 - Draw,0.1624,,,,0.83,2.46,8.97,3.8,poisson_baseline_v0
39d8b4f5,2026-09-18T10:21:37.783739,558596,Serie A,AC Monza,US Sassuolo Calcio,2026-09-18T18:45:00Z,1X2 - Away,0.7299,,,,0.83,2.46,8.97,3.8,poisson_baseline_v0
598cd2d3,2026-09-18T10:21:37.783739,558596,Serie A,AC Monza,US Sassuolo Calcio,2026-09-18T18:45:00Z,Over 2.5 goals,0.6369,,,,0.83,2.46,8.97,3.8,poisson_baseline_v0
ac2b2c08,2026-09-18T10:21:37.783739,558596,Serie A,AC Monza,US Sassuolo Calcio,2026-09-18T18:45:00Z,Under 2.5 goals,0.3631,,,,0.83,2.46,8.97,3.8,poisson_baseline_v0
b1a85a23,2026-09-18T10:21:37.783739,559682,Ligue 1,AS Monaco FC,Racing Club de Lens,2026-09-18T18:45:00Z,1X2 - Home,0.3334,,,,1.82,2.15,10.53,4.07,poisson_baseline_v0
2b574b8f,2026-09-18T10:21:37.783739,559682,Ligue 1,AS Monaco FC,Racing Club de Lens,2026-09-18T18:45:00Z,1X2 - Draw,0.2054,,,,1.82,2.15,10.53,4.07,poisson_baseline_v0
79105d9e,2026-09-18T10:21:37.783739,559682,Ligue 1,AS Monaco FC,Racing Club de Lens,2026-09-18T18:45:00Z,1X2 - Away,0.4606,,,,1.82,2.15,10.53,4.07,poisson_baseline_v0
7216a654,2026-09-18T10:21:37.783739,559682,Ligue 1,AS Monaco FC,Racing Club de Lens,2026-09-18T18:45:00Z,Over 2.5 goals,0.7568,,,,1.82,2.15,10.53,4.07,poisson_baseline_v0
f708e58f,2026-09-18T10:21:37.783739,559682,Ligue 1,AS Monaco FC,Racing Club de Lens,2026-09-18T18:45:00Z,Under 2.5 goals,0.2432,,,,1.82,2.15,10.53,4.07,poisson_baseline_v0
38384760,2026-09-18T10:21:37.783739,564692,Primera Division,RCD Espanyol de Barcelona,Elche CF,2026-09-18T19:00:00Z,1X2 - Home,0.3596,,,,1.31,1.36,9.0,6.07,poisson_baseline_v0
4ea9820b,2026-09-18T10:21:37.783739,564692,Primera Division,RCD Espanyol de Barcelona,Elche CF,2026-09-18T19:00:00Z,1X2 - Draw,0.2595,,,,1.31,1.36,9.0,6.07,poisson_baseline_v0
84c89ef1,2026-09-18T10:21:37.783739,564692,Primera Division,RCD Espanyol de Barcelona,Elche CF,2026-09-18T19:00:00Z,1X2 - Away,0.3809,,,,1.31,1.36,9.0,6.07,poisson_baseline_v0
dc4da57d,2026-09-18T10:21:37.783739,564692,Primera Division,RCD Espanyol de Barcelona,Elche CF,2026-09-18T19:00:00Z,Over 2.5 goals,0.5003,,,,1.31,1.36,9.0,6.07,poisson_baseline_v0
5c5c2136,2026-09-18T10:21:37.783739,564692,Primera Division,RCD Espanyol de Barcelona,Elche CF,2026-09-18T19:00:00Z,Under 2.5 goals,0.4997,,,,1.31,1.36,9.0,6.07,poisson_baseline_v0
e874c183,2026-09-18T10:21:37.783739,560591,Premier League,Brentford FC,Chelsea FC,2026-09-18T19:00:00Z,1X2 - Home,0.514,,,,1.89,1.29,10.3,4.2,poisson_baseline_v0
cccaa9cd,2026-09-18T10:21:37.783739,560591,Premier League,Brentford FC,Chelsea FC,2026-09-18T19:00:00Z,1X2 - Draw,0.2243,,,,1.89,1.29,10.3,4.2,poisson_baseline_v0
a299ee31,2026-09-18T10:21:37.783739,560591,Premier League,Brentford FC,Chelsea FC,2026-09-18T19:00:00Z,1X2 - Away,0.2615,,,,1.89,1.29,10.3,4.2,poisson_baseline_v0
94671a8d,2026-09-18T10:21:37.783739,560591,Premier League,Brentford FC,Chelsea FC,2026-09-18T19:00:00Z,Over 2.5 goals,0.6163,,,,1.89,1.29,10.3,4.2,poisson_baseline_v0
ccf66277,2026-09-18T10:21:37.783739,560591,Premier League,Brentford FC,Chelsea FC,2026-09-18T19:00:00Z,Under 2.5 goals,0.3837,,,,1.89,1.29,10.3,4.2,poisson_baseline_v0
73f66b4f,2026-09-18T10:21:37.783739,560587,Premier League,Tottenham Hotspur FC,Aston Villa FC,2026-09-19T11:30:00Z,1X2 - Home,0.2437,,,,0.88,1.36,10.13,4.4,poisson_baseline_v0
e2123c59,2026-09-18T10:21:37.783739,560587,Premier League,Tottenham Hotspur FC,Aston Villa FC,2026-09-19T11:30:00Z,1X2 - Draw,0.2777,,,,0.88,1.36,10.13,4.4,poisson_baseline_v0
23b1a474,2026-09-18T10:21:37.783739,560587,Premier League,Tottenham Hotspur FC,Aston Villa FC,2026-09-19T11:30:00Z,1X2 - Away,0.4785,,,,0.88,1.36,10.13,4.4,poisson_baseline_v0
d416be34,2026-09-18T10:21:37.783739,560587,Premier League,Tottenham Hotspur FC,Aston Villa FC,2026-09-19T11:30:00Z,Over 2.5 goals,0.3877,,,,0.88,1.36,10.13,4.4,poisson_baseline_v0
6d00ddaa,2026-09-18T10:21:37.783739,560587,Premier League,Tottenham Hotspur FC,Aston Villa FC,2026-09-19T11:30:00Z,Under 2.5 goals,0.6123,,,,0.88,1.36,10.13,4.4,poisson_baseline_v0
9af318d2,2026-09-18T10:21:37.783739,564693,Primera Division,CA Osasuna,Rayo Vallecano de Madrid,2026-09-19T12:00:00Z,1X2 - Home,0.1504,,,,1.1,2.47,10.1,5.6,poisson_baseline_v0
93544601,2026-09-18T10:21:37.783739,564693,Primera Division,CA Osasuna,Rayo Vallecano de Madrid,2026-09-19T12:00:00Z,1X2 - Draw,0.175,,,,1.1,2.47,10.1,5.6,poisson_baseline_v0
e533f447,2026-09-18T10:21:37.783739,564693,Primera Division,CA Osasuna,Rayo Vallecano de Madrid,2026-09-19T12:00:00Z,1X2 - Away,0.6735,,,,1.1,2.47,10.1,5.6,poisson_baseline_v0
bb88f52c,2026-09-18T10:21:37.783739,564693,Primera Division,CA Osasuna,Rayo Vallecano de Madrid,2026-09-19T12:00:00Z,Over 2.5 goals,0.6902,,,,1.1,2.47,10.1,5.6,poisson_baseline_v0
565629b1,2026-09-18T10:21:37.783739,564693,Primera Division,CA Osasuna,Rayo Vallecano de Madrid,2026-09-19T12:00:00Z,Under 2.5 goals,0.3098,,,,1.1,2.47,10.1,5.6,poisson_baseline_v0
357d63a7,2026-09-18T10:21:37.783739,558598,Serie A,Bologna FC 1909,Torino FC,2026-09-19T13:00:00Z,1X2 - Home,0.2818,,,,1.05,1.4,8.8,2.8,poisson_baseline_v0
c6eaca50,2026-09-18T10:21:37.783739,558598,Serie A,Bologna FC 1909,Torino FC,2026-09-19T13:00:00Z,1X2 - Draw,0.2681,,,,1.05,1.4,8.8,2.8,poisson_baseline_v0
8281611d,2026-09-18T10:21:37.783739,558598,Serie A,Bologna FC 1909,Torino FC,2026-09-19T13:00:00Z,1X2 - Away,0.4501,,,,1.05,1.4,8.8,2.8,poisson_baseline_v0
748c1be8,2026-09-18T10:21:37.783739,558598,Serie A,Bologna FC 1909,Torino FC,2026-09-19T13:00:00Z,Over 2.5 goals,0.443,,,,1.05,1.4,8.8,2.8,poisson_baseline_v0
0fc64e4a,2026-09-18T10:21:37.783739,558598,Serie A,Bologna FC 1909,Torino FC,2026-09-19T13:00:00Z,Under 2.5 goals,0.557,,,,1.05,1.4,8.8,2.8,poisson_baseline_v0
76beb8a6,2026-09-18T10:21:37.783739,558589,Serie A,Udinese Calcio,Cagliari Calcio,2026-09-19T13:00:00Z,1X2 - Home,0.4256,,,,1.27,1.0,9.1,3.8,poisson_baseline_v0
ca8f26fc,2026-09-18T10:21:37.783739,558589,Serie A,Udinese Calcio,Cagliari Calcio,2026-09-19T13:00:00Z,1X2 - Draw,0.2825,,,,1.27,1.0,9.1,3.8,poisson_baseline_v0
3ce26660,2026-09-18T10:21:37.783739,558589,Serie A,Udinese Calcio,Cagliari Calcio,2026-09-19T13:00:00Z,1X2 - Away,0.2919,,,,1.27,1.0,9.1,3.8,poisson_baseline_v0
ba8a81ed,2026-09-18T10:21:37.783739,558589,Serie A,Udinese Calcio,Cagliari Calcio,2026-09-19T13:00:00Z,Over 2.5 goals,0.3962,,,,1.27,1.0,9.1,3.8,poisson_baseline_v0
d0b6bbda,2026-09-18T10:21:37.783739,558589,Serie A,Udinese Calcio,Cagliari Calcio,2026-09-19T13:00:00Z,Under 2.5 goals,0.6038,,,,1.27,1.0,9.1,3.8,poisson_baseline_v0
5202693d,2026-09-18T10:21:37.783739,565811,Bundesliga,Eintracht Frankfurt,SC Freiburg,2026-09-19T13:30:00Z,1X2 - Home,0.1962,,,,1.34,2.45,9.27,3.6,poisson_baseline_v0
f368f5b3,2026-09-18T10:21:37.783739,565811,Bundesliga,Eintracht Frankfurt,SC Freiburg,2026-09-19T13:30:00Z,1X2 - Draw,0.1848,,,,1.34,2.45,9.27,3.6,poisson_baseline_v0
2d8dd437,2026-09-18T10:21:37.783739,565811,Bundesliga,Eintracht Frankfurt,SC Freiburg,2026-09-19T13:30:00Z,1X2 - Away,0.618,,,,1.34,2.45,9.27,3.6,poisson_baseline_v0
6775ae2f,2026-09-18T10:21:37.783739,565811,Bundesliga,Eintracht Frankfurt,SC Freiburg,2026-09-19T13:30:00Z,Over 2.5 goals,0.729,,,,1.34,2.45,9.27,3.6,poisson_baseline_v0
8c376640,2026-09-18T10:21:37.783739,565811,Bundesliga,Eintracht Frankfurt,SC Freiburg,2026-09-19T13:30:00Z,Under 2.5 goals,0.271,,,,1.34,2.45,9.27,3.6,poisson_baseline_v0
027ed1ea,2026-09-18T10:21:37.783739,565809,Bundesliga,Borussia Mönchengladbach,1. FSV Mainz 05,2026-09-19T13:30:00Z,1X2 - Home,0.1538,,,,0.96,2.19,9.33,4.33,poisson_baseline_v0
ef53cf02,2026-09-18T10:21:37.783739,565809,Bundesliga,Borussia Mönchengladbach,1. FSV Mainz 05,2026-09-19T13:30:00Z,1X2 - Draw,0.1928,,,,0.96,2.19,9.33,4.33,poisson_baseline_v0
1a5c4fe8,2026-09-18T10:21:37.783739,565809,Bundesliga,Borussia Mönchengladbach,1. FSV Mainz 05,2026-09-19T13:30:00Z,1X2 - Away,0.6529,,,,0.96,2.19,9.33,4.33,poisson_baseline_v0
43c8c761,2026-09-18T10:21:37.783739,565809,Bundesliga,Borussia Mönchengladbach,1. FSV Mainz 05,2026-09-19T13:30:00Z,Over 2.5 goals,0.6107,,,,0.96,2.19,9.33,4.33,poisson_baseline_v0
a60e187d,2026-09-18T10:21:37.783739,565809,Bundesliga,Borussia Mönchengladbach,1. FSV Mainz 05,2026-09-19T13:30:00Z,Under 2.5 goals,0.3893,,,,0.96,2.19,9.33,4.33,poisson_baseline_v0
cf574db0,2026-09-18T10:21:37.783739,565808,Bundesliga,Hamburger SV,1. FC Köln,2026-09-19T13:30:00Z,1X2 - Home,0.1811,,,,1.26,2.45,10.87,4.6,poisson_baseline_v0
6520fdfd,2026-09-18T10:21:37.783739,565808,Bundesliga,Hamburger SV,1. FC Köln,2026-09-19T13:30:00Z,1X2 - Draw,0.1825,,,,1.26,2.45,10.87,4.6,poisson_baseline_v0
b68763f2,2026-09-18T10:21:37.783739,565808,Bundesliga,Hamburger SV,1. FC Köln,2026-09-19T13:30:00Z,1X2 - Away,0.6353,,,,1.26,2.45,10.87,4.6,poisson_baseline_v0
2bd4fb72,2026-09-18T10:21:37.783739,565808,Bundesliga,Hamburger SV,1. FC Köln,2026-09-19T13:30:00Z,Over 2.5 goals,0.7147,,,,1.26,2.45,10.87,4.6,poisson_baseline_v0
33b28385,2026-09-18T10:21:37.783739,565808,Bundesliga,Hamburger SV,1. FC Köln,2026-09-19T13:30:00Z,Under 2.5 goals,0.2853,,,,1.26,2.45,10.87,4.6,poisson_baseline_v0
55da0a91,2026-09-18T10:21:37.783739,565810,Bundesliga,SV Werder Bremen,FC Augsburg,2026-09-19T13:30:00Z,1X2 - Home,0.2157,,,,1.27,2.18,10.9,3.93,poisson_baseline_v0
0b969564,2026-09-18T10:21:37.783739,565810,Bundesliga,SV Werder Bremen,FC Augsburg,2026-09-19T13:30:00Z,1X2 - Draw,0.2027,,,,1.27,2.18,10.9,3.93,poisson_baseline_v0
738ba146,2026-09-18T10:21:37.783739,565810,Bundesliga,SV Werder Bremen,FC Augsburg,2026-09-19T13:30:00Z,1X2 - Away,0.5812,,,,1.27,2.18,10.9,3.93,poisson_baseline_v0
17029981,2026-09-18T10:21:37.783739,565810,Bundesliga,SV Werder Bremen,FC Augsburg,2026-09-19T13:30:00Z,Over 2.5 goals,0.6693,,,,1.27,2.18,10.9,3.93,poisson_baseline_v0
d7995cbe,2026-09-18T10:21:37.783739,565810,Bundesliga,SV Werder Bremen,FC Augsburg,2026-09-19T13:30:00Z,Under 2.5 goals,0.3307,,,,1.27,2.18,10.9,3.93,poisson_baseline_v0
2bf26c5c,2026-09-18T10:21:37.783739,560588,Premier League,Newcastle United FC,Hull City AFC,2026-09-19T14:00:00Z,1X2 - Home,0.112,,,,0.47,1.53,9.03,5.45,poisson_baseline_v0
610d34eb,2026-09-18T10:21:37.783739,560588,Premier League,Newcastle United FC,Hull City AFC,2026-09-19T14:00:00Z,1X2 - Draw,0.2516,,,,0.47,1.53,9.03,5.45,poisson_baseline_v0
a3aaa475,2026-09-18T10:21:37.783739,560588,Premier League,Newcastle United FC,Hull City AFC,2026-09-19T14:00:00Z,1X2 - Away,0.6363,,,,0.47,1.53,9.03,5.45,poisson_baseline_v0
fe15db24,2026-09-18T10:21:37.783739,560588,Premier League,Newcastle United FC,Hull City AFC,2026-09-19T14:00:00Z,Over 2.5 goals,0.3241,,,,0.47,1.53,9.03,5.45,poisson_baseline_v0
2f28c2a8,2026-09-18T10:21:37.783739,560588,Premier League,Newcastle United FC,Hull City AFC,2026-09-19T14:00:00Z,Under 2.5 goals,0.6759,,,,0.47,1.53,9.03,5.45,poisson_baseline_v0
01f377de,2026-09-18T10:21:37.783739,560586,Premier League,Brighton & Hove Albion FC,Arsenal FC,2026-09-19T14:00:00Z,1X2 - Home,0.1573,,,,0.66,1.56,9.23,3.27,poisson_baseline_v0
8b6831c4,2026-09-18T10:21:37.783739,560586,Premier League,Brighton & Hove Albion FC,Arsenal FC,2026-09-19T14:00:00Z,1X2 - Draw,0.2527,,,,0.66,1.56,9.23,3.27,poisson_baseline_v0
742e965e,2026-09-18T10:21:37.783739,560586,Premier League,Brighton & Hove Albion FC,Arsenal FC,2026-09-19T14:00:00Z,1X2 - Away,0.59,,,,0.66,1.56,9.23,3.27,poisson_baseline_v0
4bb568f9,2026-09-18T10:21:37.783739,560586,Premier League,Brighton & Hove Albion FC,Arsenal FC,2026-09-19T14:00:00Z,Over 2.5 goals,0.3841,,,,0.66,1.56,9.23,3.27,poisson_baseline_v0
96901d9a,2026-09-18T10:21:37.783739,560586,Premier League,Brighton & Hove Albion FC,Arsenal FC,2026-09-19T14:00:00Z,Under 2.5 goals,0.6159,,,,0.66,1.56,9.23,3.27,poisson_baseline_v0
622b638a,2026-09-18T10:21:37.783739,560584,Premier League,Everton FC,Ipswich Town FC,2026-09-19T14:00:00Z,1X2 - Home,0.6048,,,,2.31,1.27,9.57,4.13,poisson_baseline_v0
84faddbb,2026-09-18T10:21:37.783739,560584,Premier League,Everton FC,Ipswich Town FC,2026-09-19T14:00:00Z,1X2 - Draw,0.1936,,,,2.31,1.27,9.57,4.13,poisson_baseline_v0
7a8c4ebd,2026-09-18T10:21:37.783739,560584,Premier League,Everton FC,Ipswich Town FC,2026-09-19T14:00:00Z,1X2 - Away,0.2009,,,,2.31,1.27,9.57,4.13,poisson_baseline_v0
fbc21a9e,2026-09-18T10:21:37.783739,560584,Premier League,Everton FC,Ipswich Town FC,2026-09-19T14:00:00Z,Over 2.5 goals,0.6926,,,,2.31,1.27,9.57,4.13,poisson_baseline_v0
a67f3297,2026-09-18T10:21:37.783739,560584,Premier League,Everton FC,Ipswich Town FC,2026-09-19T14:00:00Z,Under 2.5 goals,0.3074,,,,2.31,1.27,9.57,4.13,poisson_baseline_v0
f031b936,2026-09-18T10:21:37.783739,564691,Primera Division,Athletic Club,Deportivo Alavés,2026-09-19T14:15:00Z,1X2 - Home,0.1925,,,,1.28,2.39,10.97,4.47,poisson_baseline_v0
e23c9923,2026-09-18T10:21:37.783739,564691,Primera Division,Athletic Club,Deportivo Alavés,2026-09-19T14:15:00Z,1X2 - Draw,0.1878,,,,1.28,2.39,10.97,4.47,poisson_baseline_v0
254abcc4,2026-09-18T10:21:37.783739,564691,Primera Division,Athletic Club,Deportivo Alavés,2026-09-19T14:15:00Z,1X2 - Away,0.6189,,,,1.28,2.39,10.97,4.47,poisson_baseline_v0
4f14bcdc,2026-09-18T10:21:37.783739,564691,Primera Division,Athletic Club,Deportivo Alavés,2026-09-19T14:15:00Z,Over 2.5 goals,0.7078,,,,1.28,2.39,10.97,4.47,poisson_baseline_v0
a095e90b,2026-09-18T10:21:37.783739,564691,Primera Division,Athletic Club,Deportivo Alavés,2026-09-19T14:15:00Z,Under 2.5 goals,0.2922,,,,1.28,2.39,10.97,4.47,poisson_baseline_v0
a3f5f0b7,2026-09-18T10:21:37.783739,559679,Ligue 1,Paris FC,RC Strasbourg Alsace,2026-09-19T15:15:00Z,1X2 - Home,0.5405,,,,1.92,1.2,10.23,3.8,poisson_baseline_v0
67c552cc,2026-09-18T10:21:37.783739,559679,Ligue 1,Paris FC,RC Strasbourg Alsace,2026-09-19T15:15:00Z,1X2 - Draw,0.2219,,,,1.92,1.2,10.23,3.8,poisson_baseline_v0
55ada587,2026-09-18T10:21:37.783739,559679,Ligue 1,Paris FC,RC Strasbourg Alsace,2026-09-19T15:15:00Z,1X2 - Away,0.2374,,,,1.92,1.2,10.23,3.8,poisson_baseline_v0
a8b1c063,2026-09-18T10:21:37.783739,559679,Ligue 1,Paris FC,RC Strasbourg Alsace,2026-09-19T15:15:00Z,Over 2.5 goals,0.6037,,,,1.92,1.2,10.23,3.8,poisson_baseline_v0
f89cd8f0,2026-09-18T10:21:37.783739,559679,Ligue 1,Paris FC,RC Strasbourg Alsace,2026-09-19T15:15:00Z,Under 2.5 goals,0.3963,,,,1.92,1.2,10.23,3.8,poisson_baseline_v0
44869d2d,2026-09-18T10:21:37.783739,558593,Serie A,AS Roma,FC Internazionale Milano,2026-09-19T16:00:00Z,1X2 - Home,0.4601,,,,2.07,1.73,9.33,3.6,poisson_baseline_v0
4ef960a1,2026-09-18T10:21:37.783739,558593,Serie A,AS Roma,FC Internazionale Milano,2026-09-19T16:00:00Z,1X2 - Draw,0.2102,,,,2.07,1.73,9.33,3.6,poisson_baseline_v0
adcc7af3,2026-09-18T10:21:37.783739,558593,Serie A,AS Roma,FC Internazionale Milano,2026-09-19T16:00:00Z,1X2 - Away,0.3293,,,,2.07,1.73,9.33,3.6,poisson_baseline_v0
534c41f8,2026-09-18T10:21:37.783739,558593,Serie A,AS Roma,FC Internazionale Milano,2026-09-19T16:00:00Z,Over 2.5 goals,0.7308,,,,2.07,1.73,9.33,3.6,poisson_baseline_v0
8f436d94,2026-09-18T10:21:37.783739,558593,Serie A,AS Roma,FC Internazionale Milano,2026-09-19T16:00:00Z,Under 2.5 goals,0.2692,,,,2.07,1.73,9.33,3.6,poisson_baseline_v0
051f8db9,2026-09-18T10:21:37.783739,565806,Bundesliga,VfB Stuttgart,Borussia Dortmund,2026-09-19T16:30:00Z,1X2 - Home,0.188,,,,1.46,2.72,10.0,3.67,poisson_baseline_v0
5ba60404,2026-09-18T10:21:37.783739,565806,Bundesliga,VfB Stuttgart,Borussia Dortmund,2026-09-19T16:30:00Z,1X2 - Draw,0.1708,,,,1.46,2.72,10.0,3.67,poisson_baseline_v0
f5b5ef13,2026-09-18T10:21:37.783739,565806,Bundesliga,VfB Stuttgart,Borussia Dortmund,2026-09-19T16:30:00Z,1X2 - Away,0.6392,,,,1.46,2.72,10.0,3.67,poisson_baseline_v0
54b1a2e0,2026-09-18T10:21:37.783739,565806,Bundesliga,VfB Stuttgart,Borussia Dortmund,2026-09-19T16:30:00Z,Over 2.5 goals,0.7853,,,,1.46,2.72,10.0,3.67,poisson_baseline_v0
41e7a69e,2026-09-18T10:21:37.783739,565806,Bundesliga,VfB Stuttgart,Borussia Dortmund,2026-09-19T16:30:00Z,Under 2.5 goals,0.2147,,,,1.46,2.72,10.0,3.67,poisson_baseline_v0
ffe1b196,2026-09-18T10:21:37.783739,564694,Primera Division,RC Celta de Vigo,Real Racing Club de Santander,2026-09-19T16:30:00Z,1X2 - Home,0.3465,,,,1.83,2.08,11.23,4.43,poisson_baseline_v0
acf43b02,2026-09-18T10:21:37.783739,564694,Primera Division,RC Celta de Vigo,Real Racing Club de Santander,2026-09-19T16:30:00Z,1X2 - Draw,0.2083,,,,1.83,2.08,11.23,4.43,poisson_baseline_v0
35fa1c46,2026-09-18T10:21:37.783739,564694,Primera Division,RC Celta de Vigo,Real Racing Club de Santander,2026-09-19T16:30:00Z,1X2 - Away,0.4448,,,,1.83,2.08,11.23,4.43,poisson_baseline_v0
8f0d0e86,2026-09-18T10:21:37.783739,564694,Primera Division,RC Celta de Vigo,Real Racing Club de Santander,2026-09-19T16:30:00Z,Over 2.5 goals,0.7472,,,,1.83,2.08,11.23,4.43,poisson_baseline_v0
13586a53,2026-09-18T10:21:37.783739,564694,Primera Division,RC Celta de Vigo,Real Racing Club de Santander,2026-09-19T16:30:00Z,Under 2.5 goals,0.2528,,,,1.83,2.08,11.23,4.43,poisson_baseline_v0
19d12055,2026-09-18T10:21:37.783739,560589,Premier League,Nottingham Forest FC,Coventry City FC,2026-09-19T16:30:00Z,1X2 - Home,0.7453,,,,2.9,1.07,8.88,3.63,poisson_baseline_v0
d7fd223a,2026-09-18T10:21:37.783739,560589,Premier League,Nottingham Forest FC,Coventry City FC,2026-09-19T16:30:00Z,1X2 - Draw,0.1418,,,,2.9,1.07,8.88,3.63,poisson_baseline_v0
7b2b81bf,2026-09-18T10:21:37.783739,560589,Premier League,Nottingham Forest FC,Coventry City FC,2026-09-19T16:30:00Z,1X2 - Away,0.1098,,,,2.9,1.07,8.88,3.63,poisson_baseline_v0
68d94ab4,2026-09-18T10:21:37.783739,560589,Premier League,Nottingham Forest FC,Coventry City FC,2026-09-19T16:30:00Z,Over 2.5 goals,0.7539,,,,2.9,1.07,8.88,3.63,poisson_baseline_v0
b45e4253,2026-09-18T10:21:37.783739,560589,Premier League,Nottingham Forest FC,Coventry City FC,2026-09-19T16:30:00Z,Under 2.5 goals,0.2461,,,,2.9,1.07,8.88,3.63,poisson_baseline_v0
75100364,2026-09-18T10:21:37.783739,559681,Ligue 1,Angers SCO,ES Troyes AC,2026-09-19T18:45:00Z,1X2 - Home,0.314,,,,1.01,1.16,10.47,2.73,poisson_baseline_v0
e3b3acaa,2026-09-18T10:21:37.783739,559681,Ligue 1,Angers SCO,ES Troyes AC,2026-09-19T18:45:00Z,1X2 - Draw,0.2924,,,,1.01,1.16,10.47,2.73,poisson_baseline_v0
da96e38c,2026-09-18T10:21:37.783739,559681,Ligue 1,Angers SCO,ES Troyes AC,2026-09-19T18:45:00Z,1X2 - Away,0.3936,,,,1.01,1.16,10.47,2.73,poisson_baseline_v0
b3caff41,2026-09-18T10:21:37.783739,559681,Ligue 1,Angers SCO,ES Troyes AC,2026-09-19T18:45:00Z,Over 2.5 goals,0.3696,,,,1.01,1.16,10.47,2.73,poisson_baseline_v0
55d62e78,2026-09-18T10:21:37.783739,559681,Ligue 1,Angers SCO,ES Troyes AC,2026-09-19T18:45:00Z,Under 2.5 goals,0.6304,,,,1.01,1.16,10.47,2.73,poisson_baseline_v0
e41ab3c6,2026-09-18T10:21:37.783739,559677,Ligue 1,Le Mans FC,FC Lorient,2026-09-19T18:45:00Z,1X2 - Home,0.2619,,,,1.47,2.15,10.23,3.38,poisson_baseline_v0
cbade4b4,2026-09-18T10:21:37.783739,559677,Ligue 1,Le Mans FC,FC Lorient,2026-09-19T18:45:00Z,1X2 - Draw,0.2071,,,,1.47,2.15,10.23,3.38,poisson_baseline_v0
8d2778b4,2026-09-18T10:21:37.783739,559677,Ligue 1,Le Mans FC,FC Lorient,2026-09-19T18:45:00Z,1X2 - Away,0.5306,,,,1.47,2.15,10.23,3.38,poisson_baseline_v0
b43a6c0c,2026-09-18T10:21:37.783739,559677,Ligue 1,Le Mans FC,FC Lorient,2026-09-19T18:45:00Z,Over 2.5 goals,0.7008,,,,1.47,2.15,10.23,3.38,poisson_baseline_v0
b509983b,2026-09-18T10:21:37.783739,559677,Ligue 1,Le Mans FC,FC Lorient,2026-09-19T18:45:00Z,Under 2.5 goals,0.2992,,,,1.47,2.15,10.23,3.38,poisson_baseline_v0
0200a627,2026-09-18T10:21:37.783739,559680,Ligue 1,Toulouse FC,Le Havre AC,2026-09-19T18:45:00Z,1X2 - Home,0.2884,,,,1.01,1.3,8.53,4.87,poisson_baseline_v0
4b832d0b,2026-09-18T10:21:37.783739,559680,Ligue 1,Toulouse FC,Le Havre AC,2026-09-19T18:45:00Z,1X2 - Draw,0.2787,,,,1.01,1.3,8.53,4.87,poisson_baseline_v0
c7bdbf21,2026-09-18T10:21:37.783739,559680,Ligue 1,Toulouse FC,Le Havre AC,2026-09-19T18:45:00Z,1X2 - Away,0.4328,,,,1.01,1.3,8.53,4.87,poisson_baseline_v0
3c940c02,2026-09-18T10:21:37.783739,559680,Ligue 1,Toulouse FC,Le Havre AC,2026-09-19T18:45:00Z,Over 2.5 goals,0.4077,,,,1.01,1.3,8.53,4.87,poisson_baseline_v0
dc53883a,2026-09-18T10:21:37.783739,559680,Ligue 1,Toulouse FC,Le Havre AC,2026-09-19T18:45:00Z,Under 2.5 goals,0.5923,,,,1.01,1.3,8.53,4.87,poisson_baseline_v0
b226e5a3,2026-09-18T10:21:37.783739,558594,Serie A,Venezia FC,SS Lazio,2026-09-19T18:45:00Z,1X2 - Home,0.1243,,,,0.68,1.92,8.37,4.67,poisson_baseline_v0
2813de58,2026-09-18T10:21:37.783739,558594,Serie A,Venezia FC,SS Lazio,2026-09-19T18:45:00Z,1X2 - Draw,0.2083,,,,0.68,1.92,8.37,4.67,poisson_baseline_v0
e2503e11,2026-09-18T10:21:37.783739,558594,Serie A,Venezia FC,SS Lazio,2026-09-19T18:45:00Z,1X2 - Away,0.6672,,,,0.68,1.92,8.37,4.67,poisson_baseline_v0
c95418ae,2026-09-18T10:21:37.783739,558594,Serie A,Venezia FC,SS Lazio,2026-09-19T18:45:00Z,Over 2.5 goals,0.4807,,,,0.68,1.92,8.37,4.67,poisson_baseline_v0
2c300a8d,2026-09-18T10:21:37.783739,558594,Serie A,Venezia FC,SS Lazio,2026-09-19T18:45:00Z,Under 2.5 goals,0.5193,,,,0.68,1.92,8.37,4.67,poisson_baseline_v0
40a4bd9a,2026-09-18T10:21:37.783739,564690,Primera Division,Sevilla FC,FC Barcelona,2026-09-19T19:00:00Z,1X2 - Home,0.063,,,,0.77,3.04,9.67,5.13,poisson_baseline_v0
fd9fb218,2026-09-18T10:21:37.783739,564690,Primera Division,Sevilla FC,FC Barcelona,2026-09-19T19:00:00Z,1X2 - Draw,0.113,,,,0.77,3.04,9.67,5.13,poisson_baseline_v0
0e879136,2026-09-18T10:21:37.783739,564690,Primera Division,Sevilla FC,FC Barcelona,2026-09-19T19:00:00Z,1X2 - Away,0.8198,,,,0.77,3.04,9.67,5.13,poisson_baseline_v0
6883801e,2026-09-18T10:21:37.783739,564690,Primera Division,Sevilla FC,FC Barcelona,2026-09-19T19:00:00Z,Over 2.5 goals,0.7286,,,,0.77,3.04,9.67,5.13,poisson_baseline_v0
0aef5cc7,2026-09-18T10:21:37.783739,564690,Primera Division,Sevilla FC,FC Barcelona,2026-09-19T19:00:00Z,Under 2.5 goals,0.2714,,,,0.77,3.04,9.67,5.13,poisson_baseline_v0
66678308,2026-09-19T10:05:57.293224,560587,Premier League,Tottenham Hotspur FC,Aston Villa FC,2026-09-19T11:30:00Z,1X2 - Home,0.2437,,,,0.88,1.36,10.13,4.4,poisson_baseline_v0
9714f640,2026-09-19T10:05:57.293224,560587,Premier League,Tottenham Hotspur FC,Aston Villa FC,2026-09-19T11:30:00Z,1X2 - Draw,0.2777,,,,0.88,1.36,10.13,4.4,poisson_baseline_v0
d7d3042d,2026-09-19T10:05:57.293224,560587,Premier League,Tottenham Hotspur FC,Aston Villa FC,2026-09-19T11:30:00Z,1X2 - Away,0.4785,,,,0.88,1.36,10.13,4.4,poisson_baseline_v0
bc85779f,2026-09-19T10:05:57.293224,560587,Premier League,Tottenham Hotspur FC,Aston Villa FC,2026-09-19T11:30:00Z,Over 2.5 goals,0.3877,,,,0.88,1.36,10.13,4.4,poisson_baseline_v0
a48e5758,2026-09-19T10:05:57.293224,560587,Premier League,Tottenham Hotspur FC,Aston Villa FC,2026-09-19T11:30:00Z,Under 2.5 goals,0.6123,,,,0.88,1.36,10.13,4.4,poisson_baseline_v0
f45f3aff,2026-09-19T10:05:57.293224,564693,Primera Division,CA Osasuna,Rayo Vallecano de Madrid,2026-09-19T12:00:00Z,1X2 - Home,0.1504,,,,1.1,2.47,10.1,5.6,poisson_baseline_v0
4d8ae2dc,2026-09-19T10:05:57.293224,564693,Primera Division,CA Osasuna,Rayo Vallecano de Madrid,2026-09-19T12:00:00Z,1X2 - Draw,0.175,,,,1.1,2.47,10.1,5.6,poisson_baseline_v0
18de0d5b,2026-09-19T10:05:57.293224,564693,Primera Division,CA Osasuna,Rayo Vallecano de Madrid,2026-09-19T12:00:00Z,1X2 - Away,0.6735,,,,1.1,2.47,10.1,5.6,poisson_baseline_v0
b58a9190,2026-09-19T10:05:57.293224,564693,Primera Division,CA Osasuna,Rayo Vallecano de Madrid,2026-09-19T12:00:00Z,Over 2.5 goals,0.6902,,,,1.1,2.47,10.1,5.6,poisson_baseline_v0
138bed4c,2026-09-19T10:05:57.293224,564693,Primera Division,CA Osasuna,Rayo Vallecano de Madrid,2026-09-19T12:00:00Z,Under 2.5 goals,0.3098,,,,1.1,2.47,10.1,5.6,poisson_baseline_v0
1e847763,2026-09-19T10:05:57.293224,558589,Serie A,Udinese Calcio,Cagliari Calcio,2026-09-19T13:00:00Z,1X2 - Home,0.4256,,,,1.27,1.0,9.1,3.8,poisson_baseline_v0
5034e2be,2026-09-19T10:05:57.293224,558589,Serie A,Udinese Calcio,Cagliari Calcio,2026-09-19T13:00:00Z,1X2 - Draw,0.2825,,,,1.27,1.0,9.1,3.8,poisson_baseline_v0
4e93c63d,2026-09-19T10:05:57.293224,558589,Serie A,Udinese Calcio,Cagliari Calcio,2026-09-19T13:00:00Z,1X2 - Away,0.2919,,,,1.27,1.0,9.1,3.8,poisson_baseline_v0
99572b26,2026-09-19T10:05:57.293224,558589,Serie A,Udinese Calcio,Cagliari Calcio,2026-09-19T13:00:00Z,Over 2.5 goals,0.3962,,,,1.27,1.0,9.1,3.8,poisson_baseline_v0
0c069b6b,2026-09-19T10:05:57.293224,558589,Serie A,Udinese Calcio,Cagliari Calcio,2026-09-19T13:00:00Z,Under 2.5 goals,0.6038,,,,1.27,1.0,9.1,3.8,poisson_baseline_v0
d2cadd87,2026-09-19T10:05:57.293224,558598,Serie A,Bologna FC 1909,Torino FC,2026-09-19T13:00:00Z,1X2 - Home,0.2818,,,,1.05,1.4,8.8,2.8,poisson_baseline_v0
16b0d17b,2026-09-19T10:05:57.293224,558598,Serie A,Bologna FC 1909,Torino FC,2026-09-19T13:00:00Z,1X2 - Draw,0.2681,,,,1.05,1.4,8.8,2.8,poisson_baseline_v0
08c42630,2026-09-19T10:05:57.293224,558598,Serie A,Bologna FC 1909,Torino FC,2026-09-19T13:00:00Z,1X2 - Away,0.4501,,,,1.05,1.4,8.8,2.8,poisson_baseline_v0
45207505,2026-09-19T10:05:57.293224,558598,Serie A,Bologna FC 1909,Torino FC,2026-09-19T13:00:00Z,Over 2.5 goals,0.443,,,,1.05,1.4,8.8,2.8,poisson_baseline_v0
98629fb3,2026-09-19T10:05:57.293224,558598,Serie A,Bologna FC 1909,Torino FC,2026-09-19T13:00:00Z,Under 2.5 goals,0.557,,,,1.05,1.4,8.8,2.8,poisson_baseline_v0
214758cb,2026-09-19T10:05:57.293224,565811,Bundesliga,Eintracht Frankfurt,SC Freiburg,2026-09-19T13:30:00Z,1X2 - Home,0.1962,,,,1.34,2.45,9.27,3.6,poisson_baseline_v0
3946e445,2026-09-19T10:05:57.293224,565811,Bundesliga,Eintracht Frankfurt,SC Freiburg,2026-09-19T13:30:00Z,1X2 - Draw,0.1848,,,,1.34,2.45,9.27,3.6,poisson_baseline_v0
9964014e,2026-09-19T10:05:57.293224,565811,Bundesliga,Eintracht Frankfurt,SC Freiburg,2026-09-19T13:30:00Z,1X2 - Away,0.618,,,,1.34,2.45,9.27,3.6,poisson_baseline_v0
e9faa33f,2026-09-19T10:05:57.293224,565811,Bundesliga,Eintracht Frankfurt,SC Freiburg,2026-09-19T13:30:00Z,Over 2.5 goals,0.729,,,,1.34,2.45,9.27,3.6,poisson_baseline_v0
d6b5f706,2026-09-19T10:05:57.293224,565811,Bundesliga,Eintracht Frankfurt,SC Freiburg,2026-09-19T13:30:00Z,Under 2.5 goals,0.271,,,,1.34,2.45,9.27,3.6,poisson_baseline_v0
dbc6b1fb,2026-09-19T10:05:57.293224,565809,Bundesliga,Borussia Mönchengladbach,1. FSV Mainz 05,2026-09-19T13:30:00Z,1X2 - Home,0.1538,,,,0.96,2.19,9.33,4.33,poisson_baseline_v0
64a972eb,2026-09-19T10:05:57.293224,565809,Bundesliga,Borussia Mönchengladbach,1. FSV Mainz 05,2026-09-19T13:30:00Z,1X2 - Draw,0.1928,,,,0.96,2.19,9.33,4.33,poisson_baseline_v0
2e3d5eaf,2026-09-19T10:05:57.293224,565809,Bundesliga,Borussia Mönchengladbach,1. FSV Mainz 05,2026-09-19T13:30:00Z,1X2 - Away,0.6529,,,,0.96,2.19,9.33,4.33,poisson_baseline_v0
59c65ebf,2026-09-19T10:05:57.293224,565809,Bundesliga,Borussia Mönchengladbach,1. FSV Mainz 05,2026-09-19T13:30:00Z,Over 2.5 goals,0.6107,,,,0.96,2.19,9.33,4.33,poisson_baseline_v0
0302ae9a,2026-09-19T10:05:57.293224,565809,Bundesliga,Borussia Mönchengladbach,1. FSV Mainz 05,2026-09-19T13:30:00Z,Under 2.5 goals,0.3893,,,,0.96,2.19,9.33,4.33,poisson_baseline_v0
bcb036cc,2026-09-19T10:05:57.293224,565808,Bundesliga,Hamburger SV,1. FC Köln,2026-09-19T13:30:00Z,1X2 - Home,0.1811,,,,1.26,2.45,10.87,4.6,poisson_baseline_v0
01f52610,2026-09-19T10:05:57.293224,565808,Bundesliga,Hamburger SV,1. FC Köln,2026-09-19T13:30:00Z,1X2 - Draw,0.1825,,,,1.26,2.45,10.87,4.6,poisson_baseline_v0
64b492ba,2026-09-19T10:05:57.293224,565808,Bundesliga,Hamburger SV,1. FC Köln,2026-09-19T13:30:00Z,1X2 - Away,0.6353,,,,1.26,2.45,10.87,4.6,poisson_baseline_v0
46523336,2026-09-19T10:05:57.293224,565808,Bundesliga,Hamburger SV,1. FC Köln,2026-09-19T13:30:00Z,Over 2.5 goals,0.7147,,,,1.26,2.45,10.87,4.6,poisson_baseline_v0
b0a59259,2026-09-19T10:05:57.293224,565808,Bundesliga,Hamburger SV,1. FC Köln,2026-09-19T13:30:00Z,Under 2.5 goals,0.2853,,,,1.26,2.45,10.87,4.6,poisson_baseline_v0
be61572f,2026-09-19T10:05:57.293224,565810,Bundesliga,SV Werder Bremen,FC Augsburg,2026-09-19T13:30:00Z,1X2 - Home,0.2157,,,,1.27,2.18,10.9,3.93,poisson_baseline_v0
a18908b5,2026-09-19T10:05:57.293224,565810,Bundesliga,SV Werder Bremen,FC Augsburg,2026-09-19T13:30:00Z,1X2 - Draw,0.2027,,,,1.27,2.18,10.9,3.93,poisson_baseline_v0
d9ed23e6,2026-09-19T10:05:57.293224,565810,Bundesliga,SV Werder Bremen,FC Augsburg,2026-09-19T13:30:00Z,1X2 - Away,0.5812,,,,1.27,2.18,10.9,3.93,poisson_baseline_v0
1735dfb7,2026-09-19T10:05:57.293224,565810,Bundesliga,SV Werder Bremen,FC Augsburg,2026-09-19T13:30:00Z,Over 2.5 goals,0.6693,,,,1.27,2.18,10.9,3.93,poisson_baseline_v0
d4bbcd68,2026-09-19T10:05:57.293224,565810,Bundesliga,SV Werder Bremen,FC Augsburg,2026-09-19T13:30:00Z,Under 2.5 goals,0.3307,,,,1.27,2.18,10.9,3.93,poisson_baseline_v0
a6a48392,2026-09-19T10:05:57.293224,560588,Premier League,Newcastle United FC,Hull City AFC,2026-09-19T14:00:00Z,1X2 - Home,0.112,,,,0.47,1.53,9.03,5.45,poisson_baseline_v0
b6c88d43,2026-09-19T10:05:57.293224,560588,Premier League,Newcastle United FC,Hull City AFC,2026-09-19T14:00:00Z,1X2 - Draw,0.2516,,,,0.47,1.53,9.03,5.45,poisson_baseline_v0
15d67a35,2026-09-19T10:05:57.293224,560588,Premier League,Newcastle United FC,Hull City AFC,2026-09-19T14:00:00Z,1X2 - Away,0.6363,,,,0.47,1.53,9.03,5.45,poisson_baseline_v0
e2f4ceb3,2026-09-19T10:05:57.293224,560588,Premier League,Newcastle United FC,Hull City AFC,2026-09-19T14:00:00Z,Over 2.5 goals,0.3241,,,,0.47,1.53,9.03,5.45,poisson_baseline_v0
2e06a294,2026-09-19T10:05:57.293224,560588,Premier League,Newcastle United FC,Hull City AFC,2026-09-19T14:00:00Z,Under 2.5 goals,0.6759,,,,0.47,1.53,9.03,5.45,poisson_baseline_v0
279869c5,2026-09-19T10:05:57.293224,560584,Premier League,Everton FC,Ipswich Town FC,2026-09-19T14:00:00Z,1X2 - Home,0.6048,,,,2.31,1.27,9.57,4.13,poisson_baseline_v0
9f25fc81,2026-09-19T10:05:57.293224,560584,Premier League,Everton FC,Ipswich Town FC,2026-09-19T14:00:00Z,1X2 - Draw,0.1936,,,,2.31,1.27,9.57,4.13,poisson_baseline_v0
f252ce7c,2026-09-19T10:05:57.293224,560584,Premier League,Everton FC,Ipswich Town FC,2026-09-19T14:00:00Z,1X2 - Away,0.2009,,,,2.31,1.27,9.57,4.13,poisson_baseline_v0
f6f1e384,2026-09-19T10:05:57.293224,560584,Premier League,Everton FC,Ipswich Town FC,2026-09-19T14:00:00Z,Over 2.5 goals,0.6926,,,,2.31,1.27,9.57,4.13,poisson_baseline_v0
fad7deee,2026-09-19T10:05:57.293224,560584,Premier League,Everton FC,Ipswich Town FC,2026-09-19T14:00:00Z,Under 2.5 goals,0.3074,,,,2.31,1.27,9.57,4.13,poisson_baseline_v0
e9ccabee,2026-09-19T10:05:57.293224,560586,Premier League,Brighton & Hove Albion FC,Arsenal FC,2026-09-19T14:00:00Z,1X2 - Home,0.1573,,,,0.66,1.56,9.23,3.27,poisson_baseline_v0
a8aa07d5,2026-09-19T10:05:57.293224,560586,Premier League,Brighton & Hove Albion FC,Arsenal FC,2026-09-19T14:00:00Z,1X2 - Draw,0.2527,,,,0.66,1.56,9.23,3.27,poisson_baseline_v0
2cd45622,2026-09-19T10:05:57.293224,560586,Premier League,Brighton & Hove Albion FC,Arsenal FC,2026-09-19T14:00:00Z,1X2 - Away,0.59,,,,0.66,1.56,9.23,3.27,poisson_baseline_v0
3be2df68,2026-09-19T10:05:57.293224,560586,Premier League,Brighton & Hove Albion FC,Arsenal FC,2026-09-19T14:00:00Z,Over 2.5 goals,0.3841,,,,0.66,1.56,9.23,3.27,poisson_baseline_v0
22d7741d,2026-09-19T10:05:57.293224,560586,Premier League,Brighton & Hove Albion FC,Arsenal FC,2026-09-19T14:00:00Z,Under 2.5 goals,0.6159,,,,0.66,1.56,9.23,3.27,poisson_baseline_v0
65a5c184,2026-09-19T10:05:57.293224,564691,Primera Division,Athletic Club,Deportivo Alavés,2026-09-19T14:15:00Z,1X2 - Home,0.1925,,,,1.28,2.39,10.97,4.47,poisson_baseline_v0
f96c43f1,2026-09-19T10:05:57.293224,564691,Primera Division,Athletic Club,Deportivo Alavés,2026-09-19T14:15:00Z,1X2 - Draw,0.1878,,,,1.28,2.39,10.97,4.47,poisson_baseline_v0
fbbac05d,2026-09-19T10:05:57.293224,564691,Primera Division,Athletic Club,Deportivo Alavés,2026-09-19T14:15:00Z,1X2 - Away,0.6189,,,,1.28,2.39,10.97,4.47,poisson_baseline_v0
a3ab66fc,2026-09-19T10:05:57.293224,564691,Primera Division,Athletic Club,Deportivo Alavés,2026-09-19T14:15:00Z,Over 2.5 goals,0.7078,,,,1.28,2.39,10.97,4.47,poisson_baseline_v0
eeedd902,2026-09-19T10:05:57.293224,564691,Primera Division,Athletic Club,Deportivo Alavés,2026-09-19T14:15:00Z,Under 2.5 goals,0.2922,,,,1.28,2.39,10.97,4.47,poisson_baseline_v0
e6361bc2,2026-09-19T10:05:57.293224,559679,Ligue 1,Paris FC,RC Strasbourg Alsace,2026-09-19T15:15:00Z,1X2 - Home,0.5405,,,,1.92,1.2,10.23,3.8,poisson_baseline_v0
b103ae54,2026-09-19T10:05:57.293224,559679,Ligue 1,Paris FC,RC Strasbourg Alsace,2026-09-19T15:15:00Z,1X2 - Draw,0.2219,,,,1.92,1.2,10.23,3.8,poisson_baseline_v0
b57caea9,2026-09-19T10:05:57.293224,559679,Ligue 1,Paris FC,RC Strasbourg Alsace,2026-09-19T15:15:00Z,1X2 - Away,0.2374,,,,1.92,1.2,10.23,3.8,poisson_baseline_v0
82ee4ca7,2026-09-19T10:05:57.293224,559679,Ligue 1,Paris FC,RC Strasbourg Alsace,2026-09-19T15:15:00Z,Over 2.5 goals,0.6037,,,,1.92,1.2,10.23,3.8,poisson_baseline_v0
460af0e9,2026-09-19T10:05:57.293224,559679,Ligue 1,Paris FC,RC Strasbourg Alsace,2026-09-19T15:15:00Z,Under 2.5 goals,0.3963,,,,1.92,1.2,10.23,3.8,poisson_baseline_v0
fd975670,2026-09-19T10:05:57.293224,558593,Serie A,AS Roma,FC Internazionale Milano,2026-09-19T16:00:00Z,1X2 - Home,0.4601,,,,2.07,1.73,9.33,3.6,poisson_baseline_v0
42109737,2026-09-19T10:05:57.293224,558593,Serie A,AS Roma,FC Internazionale Milano,2026-09-19T16:00:00Z,1X2 - Draw,0.2102,,,,2.07,1.73,9.33,3.6,poisson_baseline_v0
772d8196,2026-09-19T10:05:57.293224,558593,Serie A,AS Roma,FC Internazionale Milano,2026-09-19T16:00:00Z,1X2 - Away,0.3293,,,,2.07,1.73,9.33,3.6,poisson_baseline_v0
c115ef3e,2026-09-19T10:05:57.293224,558593,Serie A,AS Roma,FC Internazionale Milano,2026-09-19T16:00:00Z,Over 2.5 goals,0.7308,,,,2.07,1.73,9.33,3.6,poisson_baseline_v0
f4c97da5,2026-09-19T10:05:57.293224,558593,Serie A,AS Roma,FC Internazionale Milano,2026-09-19T16:00:00Z,Under 2.5 goals,0.2692,,,,2.07,1.73,9.33,3.6,poisson_baseline_v0
bb90106a,2026-09-19T10:05:57.293224,560589,Premier League,Nottingham Forest FC,Coventry City FC,2026-09-19T16:30:00Z,1X2 - Home,0.7453,,,,2.9,1.07,8.88,3.63,poisson_baseline_v0
6e6c8ba2,2026-09-19T10:05:57.293224,560589,Premier League,Nottingham Forest FC,Coventry City FC,2026-09-19T16:30:00Z,1X2 - Draw,0.1418,,,,2.9,1.07,8.88,3.63,poisson_baseline_v0
5985f349,2026-09-19T10:05:57.293224,560589,Premier League,Nottingham Forest FC,Coventry City FC,2026-09-19T16:30:00Z,1X2 - Away,0.1098,,,,2.9,1.07,8.88,3.63,poisson_baseline_v0
1a8817f3,2026-09-19T10:05:57.293224,560589,Premier League,Nottingham Forest FC,Coventry City FC,2026-09-19T16:30:00Z,Over 2.5 goals,0.7539,,,,2.9,1.07,8.88,3.63,poisson_baseline_v0
95c107aa,2026-09-19T10:05:57.293224,560589,Premier League,Nottingham Forest FC,Coventry City FC,2026-09-19T16:30:00Z,Under 2.5 goals,0.2461,,,,2.9,1.07,8.88,3.63,poisson_baseline_v0
bfd10fbb,2026-09-19T10:05:57.293224,564694,Primera Division,RC Celta de Vigo,Real Racing Club de Santander,2026-09-19T16:30:00Z,1X2 - Home,0.3465,,,,1.83,2.08,11.23,4.43,poisson_baseline_v0
e56d3b5a,2026-09-19T10:05:57.293224,564694,Primera Division,RC Celta de Vigo,Real Racing Club de Santander,2026-09-19T16:30:00Z,1X2 - Draw,0.2083,,,,1.83,2.08,11.23,4.43,poisson_baseline_v0
6f1fe9d5,2026-09-19T10:05:57.293224,564694,Primera Division,RC Celta de Vigo,Real Racing Club de Santander,2026-09-19T16:30:00Z,1X2 - Away,0.4448,,,,1.83,2.08,11.23,4.43,poisson_baseline_v0
61b42c45,2026-09-19T10:05:57.293224,564694,Primera Division,RC Celta de Vigo,Real Racing Club de Santander,2026-09-19T16:30:00Z,Over 2.5 goals,0.7472,,,,1.83,2.08,11.23,4.43,poisson_baseline_v0
a3eaad7e,2026-09-19T10:05:57.293224,564694,Primera Division,RC Celta de Vigo,Real Racing Club de Santander,2026-09-19T16:30:00Z,Under 2.5 goals,0.2528,,,,1.83,2.08,11.23,4.43,poisson_baseline_v0
2390df82,2026-09-19T10:05:57.293224,565806,Bundesliga,VfB Stuttgart,Borussia Dortmund,2026-09-19T16:30:00Z,1X2 - Home,0.188,,,,1.46,2.72,10.0,3.67,poisson_baseline_v0
43eb6ccc,2026-09-19T10:05:57.293224,565806,Bundesliga,VfB Stuttgart,Borussia Dortmund,2026-09-19T16:30:00Z,1X2 - Draw,0.1708,,,,1.46,2.72,10.0,3.67,poisson_baseline_v0
72bfe939,2026-09-19T10:05:57.293224,565806,Bundesliga,VfB Stuttgart,Borussia Dortmund,2026-09-19T16:30:00Z,1X2 - Away,0.6392,,,,1.46,2.72,10.0,3.67,poisson_baseline_v0
7bf3d2ee,2026-09-19T10:05:57.293224,565806,Bundesliga,VfB Stuttgart,Borussia Dortmund,2026-09-19T16:30:00Z,Over 2.5 goals,0.7853,,,,1.46,2.72,10.0,3.67,poisson_baseline_v0
61db77d8,2026-09-19T10:05:57.293224,565806,Bundesliga,VfB Stuttgart,Borussia Dortmund,2026-09-19T16:30:00Z,Under 2.5 goals,0.2147,,,,1.46,2.72,10.0,3.67,poisson_baseline_v0
895a5d8a,2026-09-19T10:05:57.293224,559681,Ligue 1,Angers SCO,ES Troyes AC,2026-09-19T18:45:00Z,1X2 - Home,0.314,,,,1.01,1.16,10.47,2.73,poisson_baseline_v0
083d22ee,2026-09-19T10:05:57.293224,559681,Ligue 1,Angers SCO,ES Troyes AC,2026-09-19T18:45:00Z,1X2 - Draw,0.2924,,,,1.01,1.16,10.47,2.73,poisson_baseline_v0
a7f9e35b,2026-09-19T10:05:57.293224,559681,Ligue 1,Angers SCO,ES Troyes AC,2026-09-19T18:45:00Z,1X2 - Away,0.3936,,,,1.01,1.16,10.47,2.73,poisson_baseline_v0
d0297ef1,2026-09-19T10:05:57.293224,559681,Ligue 1,Angers SCO,ES Troyes AC,2026-09-19T18:45:00Z,Over 2.5 goals,0.3696,,,,1.01,1.16,10.47,2.73,poisson_baseline_v0
8b883984,2026-09-19T10:05:57.293224,559681,Ligue 1,Angers SCO,ES Troyes AC,2026-09-19T18:45:00Z,Under 2.5 goals,0.6304,,,,1.01,1.16,10.47,2.73,poisson_baseline_v0
6a778ac4,2026-09-19T10:05:57.293224,559677,Ligue 1,Le Mans FC,FC Lorient,2026-09-19T18:45:00Z,1X2 - Home,0.2619,,,,1.47,2.15,10.23,3.38,poisson_baseline_v0
9b4b3ed6,2026-09-19T10:05:57.293224,559677,Ligue 1,Le Mans FC,FC Lorient,2026-09-19T18:45:00Z,1X2 - Draw,0.2071,,,,1.47,2.15,10.23,3.38,poisson_baseline_v0
05d598b7,2026-09-19T10:05:57.293224,559677,Ligue 1,Le Mans FC,FC Lorient,2026-09-19T18:45:00Z,1X2 - Away,0.5306,,,,1.47,2.15,10.23,3.38,poisson_baseline_v0
c968d133,2026-09-19T10:05:57.293224,559677,Ligue 1,Le Mans FC,FC Lorient,2026-09-19T18:45:00Z,Over 2.5 goals,0.7008,,,,1.47,2.15,10.23,3.38,poisson_baseline_v0
cbbce2a1,2026-09-19T10:05:57.293224,559677,Ligue 1,Le Mans FC,FC Lorient,2026-09-19T18:45:00Z,Under 2.5 goals,0.2992,,,,1.47,2.15,10.23,3.38,poisson_baseline_v0
7d75b55f,2026-09-19T10:05:57.293224,558594,Serie A,Venezia FC,SS Lazio,2026-09-19T18:45:00Z,1X2 - Home,0.1243,,,,0.68,1.92,8.37,4.67,poisson_baseline_v0
d068a8d0,2026-09-19T10:05:57.293224,558594,Serie A,Venezia FC,SS Lazio,2026-09-19T18:45:00Z,1X2 - Draw,0.2083,,,,0.68,1.92,8.37,4.67,poisson_baseline_v0
0360c265,2026-09-19T10:05:57.293224,558594,Serie A,Venezia FC,SS Lazio,2026-09-19T18:45:00Z,1X2 - Away,0.6672,,,,0.68,1.92,8.37,4.67,poisson_baseline_v0
82f13ea3,2026-09-19T10:05:57.293224,558594,Serie A,Venezia FC,SS Lazio,2026-09-19T18:45:00Z,Over 2.5 goals,0.4807,,,,0.68,1.92,8.37,4.67,poisson_baseline_v0
34f6efa0,2026-09-19T10:05:57.293224,558594,Serie A,Venezia FC,SS Lazio,2026-09-19T18:45:00Z,Under 2.5 goals,0.5193,,,,0.68,1.92,8.37,4.67,poisson_baseline_v0
81078667,2026-09-19T10:05:57.293224,559680,Ligue 1,Toulouse FC,Le Havre AC,2026-09-19T18:45:00Z,1X2 - Home,0.2884,,,,1.01,1.3,8.53,4.87,poisson_baseline_v0
3f5b9d8e,2026-09-19T10:05:57.293224,559680,Ligue 1,Toulouse FC,Le Havre AC,2026-09-19T18:45:00Z,1X2 - Draw,0.2787,,,,1.01,1.3,8.53,4.87,poisson_baseline_v0
7b9f9a6e,2026-09-19T10:05:57.293224,559680,Ligue 1,Toulouse FC,Le Havre AC,2026-09-19T18:45:00Z,1X2 - Away,0.4328,,,,1.01,1.3,8.53,4.87,poisson_baseline_v0
f3e40b70,2026-09-19T10:05:57.293224,559680,Ligue 1,Toulouse FC,Le Havre AC,2026-09-19T18:45:00Z,Over 2.5 goals,0.4077,,,,1.01,1.3,8.53,4.87,poisson_baseline_v0
a4503a94,2026-09-19T10:05:57.293224,559680,Ligue 1,Toulouse FC,Le Havre AC,2026-09-19T18:45:00Z,Under 2.5 goals,0.5923,,,,1.01,1.3,8.53,4.87,poisson_baseline_v0
64425e05,2026-09-19T10:05:57.293224,564690,Primera Division,Sevilla FC,FC Barcelona,2026-09-19T19:00:00Z,1X2 - Home,0.063,,,,0.77,3.04,9.67,5.13,poisson_baseline_v0
342040cc,2026-09-19T10:05:57.293224,564690,Primera Division,Sevilla FC,FC Barcelona,2026-09-19T19:00:00Z,1X2 - Draw,0.113,,,,0.77,3.04,9.67,5.13,poisson_baseline_v0
7f3f7597,2026-09-19T10:05:57.293224,564690,Primera Division,Sevilla FC,FC Barcelona,2026-09-19T19:00:00Z,1X2 - Away,0.8198,,,,0.77,3.04,9.67,5.13,poisson_baseline_v0
ca6a1395,2026-09-19T10:05:57.293224,564690,Primera Division,Sevilla FC,FC Barcelona,2026-09-19T19:00:00Z,Over 2.5 goals,0.7286,,,,0.77,3.04,9.67,5.13,poisson_baseline_v0
705d6bb6,2026-09-19T10:05:57.293224,564690,Primera Division,Sevilla FC,FC Barcelona,2026-09-19T19:00:00Z,Under 2.5 goals,0.2714,,,,0.77,3.04,9.67,5.13,poisson_baseline_v0
bed4a140,2026-09-19T10:05:57.293224,558591,Serie A,ACF Fiorentina,SSC Napoli,2026-09-20T10:30:00Z,1X2 - Home,0.1522,,,,0.63,1.53,9.13,2.87,poisson_baseline_v0
cf12be31,2026-09-19T10:05:57.293224,558591,Serie A,ACF Fiorentina,SSC Napoli,2026-09-20T10:30:00Z,1X2 - Draw,0.2558,,,,0.63,1.53,9.13,2.87,poisson_baseline_v0
dd3446ab,2026-09-19T10:05:57.293224,558591,Serie A,ACF Fiorentina,SSC Napoli,2026-09-20T10:30:00Z,1X2 - Away,0.592,,,,0.63,1.53,9.13,2.87,poisson_baseline_v0
c08476af,2026-09-19T10:05:57.293224,558591,Serie A,ACF Fiorentina,SSC Napoli,2026-09-20T10:30:00Z,Over 2.5 goals,0.3681,,,,0.63,1.53,9.13,2.87,poisson_baseline_v0
60b0faca,2026-09-19T10:05:57.293224,558591,Serie A,ACF Fiorentina,SSC Napoli,2026-09-20T10:30:00Z,Under 2.5 goals,0.6319,,,,0.63,1.53,9.13,2.87,poisson_baseline_v0
bc434969,2026-09-19T10:05:57.293224,564697,Primera Division,Getafe CF,Málaga CF,2026-09-20T12:00:00Z,1X2 - Home,0.4327,,,,0.84,0.42,8.98,5.23,poisson_baseline_v0
c9438f53,2026-09-19T10:05:57.293224,564697,Primera Division,Getafe CF,Málaga CF,2026-09-20T12:00:00Z,1X2 - Draw,0.3939,,,,0.84,0.42,8.98,5.23,poisson_baseline_v0
9b6e0aae,2026-09-19T10:05:57.293224,564697,Primera Division,Getafe CF,Málaga CF,2026-09-20T12:00:00Z,1X2 - Away,0.1733,,,,0.84,0.42,8.98,5.23,poisson_baseline_v0
6f72b81b,2026-09-19T10:05:57.293224,564697,Primera Division,Getafe CF,Málaga CF,2026-09-20T12:00:00Z,Over 2.5 goals,0.1326,,,,0.84,0.42,8.98,5.23,poisson_baseline_v0
67394cb8,2026-09-19T10:05:57.293224,564697,Primera Division,Getafe CF,Málaga CF,2026-09-20T12:00:00Z,Under 2.5 goals,0.8674,,,,0.84,0.42,8.98,5.23,poisson_baseline_v0
467f64f0,2026-09-19T10:05:57.293224,560585,Premier League,Leeds United FC,Crystal Palace FC,2026-09-20T13:00:00Z,1X2 - Home,0.5728,,,,1.63,0.8,10.13,3.27,poisson_baseline_v0
db4c16c4,2026-09-19T10:05:57.293224,560585,Premier League,Leeds United FC,Crystal Palace FC,2026-09-20T13:00:00Z,1X2 - Draw,0.2458,,,,1.63,0.8,10.13,3.27,poisson_baseline_v0
e7107bf8,2026-09-19T10:05:57.293224,560585,Premier League,Leeds United FC,Crystal Palace FC,2026-09-20T13:00:00Z,1X2 - Away,0.1813,,,,1.63,0.8,10.13,3.27,poisson_baseline_v0
7e94e2d2,2026-09-19T10:05:57.293224,560585,Premier League,Leeds United FC,Crystal Palace FC,2026-09-20T13:00:00Z,Over 2.5 goals,0.4376,,,,1.63,0.8,10.13,3.27,poisson_baseline_v0
5df3b4b6,2026-09-19T10:05:57.293224,560585,Premier League,Leeds United FC,Crystal Palace FC,2026-09-20T13:00:00Z,Under 2.5 goals,0.5624,,,,1.63,0.8,10.13,3.27,poisson_baseline_v0
15db74db,2026-09-19T10:05:57.293224,558590,Serie A,Parma Calcio 1913,Genoa CFC,2026-09-20T13:00:00Z,1X2 - Home,0.2583,,,,0.61,0.77,9.13,3.13,poisson_baseline_v0
326edfac,2026-09-19T10:05:57.293224,558590,Serie A,Parma Calcio 1913,Genoa CFC,2026-09-20T13:00:00Z,1X2 - Draw,0.3842,,,,0.61,0.77,9.13,3.13,poisson_baseline_v0
46efd33b,2026-09-19T10:05:57.293224,558590,Serie A,Parma Calcio 1913,Genoa CFC,2026-09-20T13:00:00Z,1X2 - Away,0.3575,,,,0.61,0.77,9.13,3.13,poisson_baseline_v0
7dc82195,2026-09-19T10:05:57.293224,558590,Serie A,Parma Calcio 1913,Genoa CFC,2026-09-20T13:00:00Z,Over 2.5 goals,0.1617,,,,0.61,0.77,9.13,3.13,poisson_baseline_v0
7ad8450d,2026-09-19T10:05:57.293224,558590,Serie A,Parma Calcio 1913,Genoa CFC,2026-09-20T13:00:00Z,Under 2.5 goals,0.8383,,,,0.61,0.77,9.13,3.13,poisson_baseline_v0
53f8d083,2026-09-19T10:05:57.293224,560590,Premier League,Manchester City FC,Sunderland AFC,2026-09-20T13:00:00Z,1X2 - Home,0.6067,,,,1.66,0.69,10.73,4.4,poisson_baseline_v0
4aeaeac0,2026-09-19T10:05:57.293224,560590,Premier League,Manchester City FC,Sunderland AFC,2026-09-20T13:00:00Z,1X2 - Draw,0.2401,,,,1.66,0.69,10.73,4.4,poisson_baseline_v0
a7bf3d9a,2026-09-19T10:05:57.293224,560590,Premier League,Manchester City FC,Sunderland AFC,2026-09-20T13:00:00Z,1X2 - Away,0.1531,,,,1.66,0.69,10.73,4.4,poisson_baseline_v0
93fa528a,2026-09-19T10:05:57.293224,560590,Premier League,Manchester City FC,Sunderland AFC,2026-09-20T13:00:00Z,Over 2.5 goals,0.4184,,,,1.66,0.69,10.73,4.4,poisson_baseline_v0
ef4b209f,2026-09-19T10:05:57.293224,560590,Premier League,Manchester City FC,Sunderland AFC,2026-09-20T13:00:00Z,Under 2.5 goals,0.5816,,,,1.66,0.69,10.73,4.4,poisson_baseline_v0
708b7860,2026-09-19T10:05:57.293224,558592,Serie A,Frosinone Calcio,Como 1907,2026-09-20T13:00:00Z,1X2 - Home,0.1256,,,,0.63,1.79,9.7,3.07,poisson_baseline_v0
6f0704b2,2026-09-19T10:05:57.293224,558592,Serie A,Frosinone Calcio,Como 1907,2026-09-20T13:00:00Z,1X2 - Draw,0.2214,,,,0.63,1.79,9.7,3.07,poisson_baseline_v0
7549d288,2026-09-19T10:05:57.293224,558592,Serie A,Frosinone Calcio,Como 1907,2026-09-20T13:00:00Z,1X2 - Away,0.6529,,,,0.63,1.79,9.7,3.07,poisson_baseline_v0
5b81a801,2026-09-19T10:05:57.293224,558592,Serie A,Frosinone Calcio,Como 1907,2026-09-20T13:00:00Z,Over 2.5 goals,0.436,,,,0.63,1.79,9.7,3.07,poisson_baseline_v0
a7335ada,2026-09-19T10:05:57.293224,558592,Serie A,Frosinone Calcio,Como 1907,2026-09-20T13:00:00Z,Under 2.5 goals,0.564,,,,0.63,1.79,9.7,3.07,poisson_baseline_v0
96cb38c1,2026-09-19T10:05:57.293224,560582,Premier League,AFC Bournemouth,Liverpool FC,2026-09-20T13:00:00Z,1X2 - Home,0.3406,,,,1.32,1.47,10.43,4.4,poisson_baseline_v0
13eab440,2026-09-19T10:05:57.293224,560582,Premier League,AFC Bournemouth,Liverpool FC,2026-09-20T13:00:00Z,1X2 - Draw,0.2524,,,,1.32,1.47,10.43,4.4,poisson_baseline_v0
ed7008fb,2026-09-19T10:05:57.293224,560582,Premier League,AFC Bournemouth,Liverpool FC,2026-09-20T13:00:00Z,1X2 - Away,0.4069,,,,1.32,1.47,10.43,4.4,poisson_baseline_v0
c024d920,2026-09-19T10:05:57.293224,560582,Premier League,AFC Bournemouth,Liverpool FC,2026-09-20T13:00:00Z,Over 2.5 goals,0.5287,,,,1.32,1.47,10.43,4.4,poisson_baseline_v0
3819e983,2026-09-19T10:05:57.293224,560582,Premier League,AFC Bournemouth,Liverpool FC,2026-09-20T13:00:00Z,Under 2.5 goals,0.4713,,,,1.32,1.47,10.43,4.4,poisson_baseline_v0
f8e6509e,2026-09-19T10:05:57.293224,565807,Bundesliga,Bayer 04 Leverkusen,RB Leipzig,2026-09-20T13:30:00Z,1X2 - Home,0.2553,,,,1.67,2.48,9.93,3.27,poisson_baseline_v0
2ea35c84,2026-09-19T10:05:57.293224,565807,Bundesliga,Bayer 04 Leverkusen,RB Leipzig,2026-09-20T13:30:00Z,1X2 - Draw,0.1893,,,,1.67,2.48,9.93,3.27,poisson_baseline_v0
25156c84,2026-09-19T10:05:57.293224,565807,Bundesliga,Bayer 04 Leverkusen,RB Leipzig,2026-09-20T13:30:00Z,1X2 - Away,0.5543,,,,1.67,2.48,9.93,3.27,poisson_baseline_v0
43b936ad,2026-09-19T10:05:57.293224,565807,Bundesliga,Bayer 04 Leverkusen,RB Leipzig,2026-09-20T13:30:00Z,Over 2.5 goals,0.7828,,,,1.67,2.48,9.93,3.27,poisson_baseline_v0
5b6ad82d,2026-09-19T10:05:57.293224,565807,Bundesliga,Bayer 04 Leverkusen,RB Leipzig,2026-09-20T13:30:00Z,Under 2.5 goals,0.2172,,,,1.67,2.48,9.93,3.27,poisson_baseline_v0
0e707859,2026-09-19T10:05:57.293224,564688,Primera Division,Club Atlético de Madrid,Real Madrid CF,2026-09-20T14:15:00Z,1X2 - Home,0.1505,,,,1.23,2.71,10.77,4.67,poisson_baseline_v0
1f8d26c1,2026-09-19T10:05:57.293224,564688,Primera Division,Club Atlético de Madrid,Real Madrid CF,2026-09-20T14:15:00Z,1X2 - Draw,0.163,,,,1.23,2.71,10.77,4.67,poisson_baseline_v0
832bb072,2026-09-19T10:05:57.293224,564688,Primera Division,Club Atlético de Madrid,Real Madrid CF,2026-09-20T14:15:00Z,1X2 - Away,0.6846,,,,1.23,2.71,10.77,4.67,poisson_baseline_v0
d5d225f7,2026-09-19T10:05:57.293224,564688,Primera Division,Club Atlético de Madrid,Real Madrid CF,2026-09-20T14:15:00Z,Over 2.5 goals,0.7519,,,,1.23,2.71,10.77,4.67,poisson_baseline_v0
ef198598,2026-09-19T10:05:57.293224,564688,Primera Division,Club Atlético de Madrid,Real Madrid CF,2026-09-20T14:15:00Z,Under 2.5 goals,0.2481,,,,1.23,2.71,10.77,4.67,poisson_baseline_v0
ff78c972,2026-09-19T10:05:57.293224,559678,Ligue 1,OGC Nice,Lille OSC,2026-09-20T15:15:00Z,1X2 - Home,0.033,,,,0.19,1.81,9.2,4.07,poisson_baseline_v0
1040522b,2026-09-19T10:05:57.293224,559678,Ligue 1,OGC Nice,Lille OSC,2026-09-20T15:15:00Z,1X2 - Draw,0.1855,,,,0.19,1.81,9.2,4.07,poisson_baseline_v0
e70d472a,2026-09-19T10:05:57.293224,559678,Ligue 1,OGC Nice,Lille OSC,2026-09-20T15:15:00Z,1X2 - Away,0.7814,,,,0.19,1.81,9.2,4.07,poisson_baseline_v0
e6c061ce,2026-09-19T10:05:57.293224,559678,Ligue 1,OGC Nice,Lille OSC,2026-09-20T15:15:00Z,Over 2.5 goals,0.3237,,,,0.19,1.81,9.2,4.07,poisson_baseline_v0
6a5d50e2,2026-09-19T10:05:57.293224,559678,Ligue 1,OGC Nice,Lille OSC,2026-09-20T15:15:00Z,Under 2.5 goals,0.6763,,,,0.19,1.81,9.2,4.07,poisson_baseline_v0
ad80cd74,2026-09-19T10:05:57.293224,560583,Premier League,Fulham FC,Manchester United FC,2026-09-20T15:30:00Z,1X2 - Home,0.1704,,,,0.74,1.62,10.4,4.2,poisson_baseline_v0
ea884fbd,2026-09-19T10:05:57.293224,560583,Premier League,Fulham FC,Manchester United FC,2026-09-20T15:30:00Z,1X2 - Draw,0.2466,,,,0.74,1.62,10.4,4.2,poisson_baseline_v0
fbb2c337,2026-09-19T10:05:57.293224,560583,Premier League,Fulham FC,Manchester United FC,2026-09-20T15:30:00Z,1X2 - Away,0.5829,,,,0.74,1.62,10.4,4.2,poisson_baseline_v0
019224c8,2026-09-19T10:05:57.293224,560583,Premier League,Fulham FC,Manchester United FC,2026-09-20T15:30:00Z,Over 2.5 goals,0.4207,,,,0.74,1.62,10.4,4.2,poisson_baseline_v0
3dd68171,2026-09-19T10:05:57.293224,560583,Premier League,Fulham FC,Manchester United FC,2026-09-20T15:30:00Z,Under 2.5 goals,0.5793,,,,0.74,1.62,10.4,4.2,poisson_baseline_v0
2f33f3a9,2026-09-19T10:05:57.293224,565805,Bundesliga,FC Schalke 04,SV 07 Elversberg,2026-09-20T15:30:00Z,1X2 - Home,0.1321,,,,1.95,4.14,11.83,4.0,poisson_baseline_v0
d4f6df36,2026-09-19T10:05:57.293224,565805,Bundesliga,FC Schalke 04,SV 07 Elversberg,2026-09-20T15:30:00Z,1X2 - Draw,0.1144,,,,1.95,4.14,11.83,4.0,poisson_baseline_v0
7379d074,2026-09-19T10:05:57.293224,565805,Bundesliga,FC Schalke 04,SV 07 Elversberg,2026-09-20T15:30:00Z,1X2 - Away,0.7276,,,,1.95,4.14,11.83,4.0,poisson_baseline_v0
012d2e8b,2026-09-19T10:05:57.293224,565805,Bundesliga,FC Schalke 04,SV 07 Elversberg,2026-09-20T15:30:00Z,Over 2.5 goals,0.916,,,,1.95,4.14,11.83,4.0,poisson_baseline_v0
a32fb1bb,2026-09-19T10:05:57.293224,565805,Bundesliga,FC Schalke 04,SV 07 Elversberg,2026-09-20T15:30:00Z,Under 2.5 goals,0.084,,,,1.95,4.14,11.83,4.0,poisson_baseline_v0
1b2755e2,2026-09-19T10:05:57.293224,558595,Serie A,Juventus FC,Atalanta BC,2026-09-20T16:00:00Z,1X2 - Home,0.4527,,,,1.09,0.67,9.4,3.13,poisson_baseline_v0
c4791079,2026-09-19T10:05:57.293224,558595,Serie A,Juventus FC,Atalanta BC,2026-09-20T16:00:00Z,1X2 - Draw,0.3236,,,,1.09,0.67,9.4,3.13,poisson_baseline_v0
58343ba1,2026-09-19T10:05:57.293224,558595,Serie A,Juventus FC,Atalanta BC,2026-09-20T16:00:00Z,1X2 - Away,0.2238,,,,1.09,0.67,9.4,3.13,poisson_baseline_v0
7899b7f7,2026-09-19T10:05:57.293224,558595,Serie A,Juventus FC,Atalanta BC,2026-09-20T16:00:00Z,Over 2.5 goals,0.2565,,,,1.09,0.67,9.4,3.13,poisson_baseline_v0
0d1de382,2026-09-19T10:05:57.293224,558595,Serie A,Juventus FC,Atalanta BC,2026-09-20T16:00:00Z,Under 2.5 goals,0.7435,,,,1.09,0.67,9.4,3.13,poisson_baseline_v0
6a4544aa,2026-09-19T10:05:57.293224,564696,Primera Division,Villarreal CF,Levante UD,2026-09-20T16:30:00Z,1X2 - Home,0.3714,,,,2.05,2.2,10.6,3.6,poisson_baseline_v0
04990fe4,2026-09-19T10:05:57.293224,564696,Primera Division,Villarreal CF,Levante UD,2026-09-20T16:30:00Z,1X2 - Draw,0.2,,,,2.05,2.2,10.6,3.6,poisson_baseline_v0
f9f9067f,2026-09-19T10:05:57.293224,564696,Primera Division,Villarreal CF,Levante UD,2026-09-20T16:30:00Z,1X2 - Away,0.4279,,,,2.05,2.2,10.6,3.6,poisson_baseline_v0
1397d72f,2026-09-19T10:05:57.293224,564696,Primera Division,Villarreal CF,Levante UD,2026-09-20T16:30:00Z,Over 2.5 goals,0.7944,,,,2.05,2.2,10.6,3.6,poisson_baseline_v0
567b05ff,2026-09-19T10:05:57.293224,564696,Primera Division,Villarreal CF,Levante UD,2026-09-20T16:30:00Z,Under 2.5 goals,0.2056,,,,2.05,2.2,10.6,3.6,poisson_baseline_v0
59cebc11,2026-09-19T10:05:57.293224,564695,Primera Division,RC Deportivo La Coruña,Real Betis Balompié,2026-09-20T16:30:00Z,1X2 - Home,0.2772,,,,1.16,1.6,9.45,4.4,poisson_baseline_v0
8f3cd7a8,2026-09-19T10:05:57.293224,564695,Primera Division,RC Deportivo La Coruña,Real Betis Balompié,2026-09-20T16:30:00Z,1X2 - Draw,0.2477,,,,1.16,1.6,9.45,4.4,poisson_baseline_v0
ce86283e,2026-09-19T10:05:57.293224,564695,Primera Division,RC Deportivo La Coruña,Real Betis Balompié,2026-09-20T16:30:00Z,1X2 - Away,0.475,,,,1.16,1.6,9.45,4.4,poisson_baseline_v0
0adf73d8,2026-09-19T10:05:57.293224,564695,Primera Division,RC Deportivo La Coruña,Real Betis Balompié,2026-09-20T16:30:00Z,Over 2.5 goals,0.5222,,,,1.16,1.6,9.45,4.4,poisson_baseline_v0
be35ef96,2026-09-19T10:05:57.293224,564695,Primera Division,RC Deportivo La Coruña,Real Betis Balompié,2026-09-20T16:30:00Z,Under 2.5 goals,0.4778,,,,1.16,1.6,9.45,4.4,poisson_baseline_v0
0ce9b3c5,2026-09-19T10:05:57.293224,565803,Bundesliga,SC Paderborn 07,TSG 1899 Hoffenheim,2026-09-20T17:30:00Z,1X2 - Home,0.109,,,,0.79,2.33,10.67,5.13,poisson_baseline_v0
b7d03457,2026-09-19T10:05:57.293224,565803,Bundesliga,SC Paderborn 07,TSG 1899 Hoffenheim,2026-09-20T17:30:00Z,1X2 - Draw,0.1711,,,,0.79,2.33,10.67,5.13,poisson_baseline_v0
80d28fd0,2026-09-19T10:05:57.293224,565803,Bundesliga,SC Paderborn 07,TSG 1899 Hoffenheim,2026-09-20T17:30:00Z,1X2 - Away,0.7192,,,,0.79,2.33,10.67,5.13,poisson_baseline_v0
42a522bc,2026-09-19T10:05:57.293224,565803,Bundesliga,SC Paderborn 07,TSG 1899 Hoffenheim,2026-09-20T17:30:00Z,Over 2.5 goals,0.602,,,,0.79,2.33,10.67,5.13,poisson_baseline_v0
ff210411,2026-09-19T10:05:57.293224,565803,Bundesliga,SC Paderborn 07,TSG 1899 Hoffenheim,2026-09-20T17:30:00Z,Under 2.5 goals,0.398,,,,0.79,2.33,10.67,5.13,poisson_baseline_v0
8cdff564,2026-09-19T10:05:57.293224,559675,Ligue 1,Olympique de Marseille,Paris Saint-Germain FC,2026-09-20T18:45:00Z,1X2 - Home,0.1802,,,,0.99,2.01,9.33,3.73,poisson_baseline_v0
cb7c50b3,2026-09-19T10:05:57.293224,559675,Ligue 1,Olympique de Marseille,Paris Saint-Germain FC,2026-09-20T18:45:00Z,1X2 - Draw,0.2109,,,,0.99,2.01,9.33,3.73,poisson_baseline_v0
0386c0ec,2026-09-19T10:05:57.293224,559675,Ligue 1,Olympique de Marseille,Paris Saint-Germain FC,2026-09-20T18:45:00Z,1X2 - Away,0.6087,,,,0.99,2.01,9.33,3.73,poisson_baseline_v0
6275b8bd,2026-09-19T10:05:57.293224,559675,Ligue 1,Olympique de Marseille,Paris Saint-Germain FC,2026-09-20T18:45:00Z,Over 2.5 goals,0.5763,,,,0.99,2.01,9.33,3.73,poisson_baseline_v0
03bed750,2026-09-19T10:05:57.293224,559675,Ligue 1,Olympique de Marseille,Paris Saint-Germain FC,2026-09-20T18:45:00Z,Under 2.5 goals,0.4237,,,,0.99,2.01,9.33,3.73,poisson_baseline_v0
85d30ec0,2026-09-19T10:05:57.293224,558597,Serie A,AC Milan,US Lecce,2026-09-20T18:45:00Z,1X2 - Home,0.3716,,,,1.09,1.0,7.93,4.13,poisson_baseline_v0
eb6330ac,2026-09-19T10:05:57.293224,558597,Serie A,AC Milan,US Lecce,2026-09-20T18:45:00Z,1X2 - Draw,0.3005,,,,1.09,1.0,7.93,4.13,poisson_baseline_v0
17bf5953,2026-09-19T10:05:57.293224,558597,Serie A,AC Milan,US Lecce,2026-09-20T18:45:00Z,1X2 - Away,0.328,,,,1.09,1.0,7.93,4.13,poisson_baseline_v0
827d146b,2026-09-19T10:05:57.293224,558597,Serie A,AC Milan,US Lecce,2026-09-20T18:45:00Z,Over 2.5 goals,0.3464,,,,1.09,1.0,7.93,4.13,poisson_baseline_v0
e079021d,2026-09-19T10:05:57.293224,558597,Serie A,AC Milan,US Lecce,2026-09-20T18:45:00Z,Under 2.5 goals,0.6536,,,,1.09,1.0,7.93,4.13,poisson_baseline_v0
3d3efe8c,2026-09-19T10:05:57.293224,564689,Primera Division,Valencia CF,Real Sociedad de Fútbol,2026-09-20T19:00:00Z,1X2 - Home,0.2617,,,,1.31,1.92,9.63,4.93,poisson_baseline_v0
80042b34,2026-09-19T10:05:57.293224,564689,Primera Division,Valencia CF,Real Sociedad de Fútbol,2026-09-20T19:00:00Z,1X2 - Draw,0.222,,,,1.31,1.92,9.63,4.93,poisson_baseline_v0
ce0ab2ad,2026-09-19T10:05:57.293224,564689,Primera Division,Valencia CF,Real Sociedad de Fútbol,2026-09-20T19:00:00Z,1X2 - Away,0.5161,,,,1.31,1.92,9.63,4.93,poisson_baseline_v0
a901a622,2026-09-19T10:05:57.293224,564689,Primera Division,Valencia CF,Real Sociedad de Fútbol,2026-09-20T19:00:00Z,Over 2.5 goals,0.6274,,,,1.31,1.92,9.63,4.93,poisson_baseline_v0
b979c575,2026-09-19T10:05:57.293224,564689,Primera Division,Valencia CF,Real Sociedad de Fútbol,2026-09-20T19:00:00Z,Under 2.5 goals,0.3726,,,,1.31,1.92,9.63,4.93,poisson_baseline_v0
96d70f88,2026-09-20T10:24:06.623600,558591,Serie A,ACF Fiorentina,SSC Napoli,2026-09-20T10:30:00Z,1X2 - Home,0.1522,,,,0.63,1.53,9.13,2.87,poisson_baseline_v0
d10a59e8,2026-09-20T10:24:06.623600,558591,Serie A,ACF Fiorentina,SSC Napoli,2026-09-20T10:30:00Z,1X2 - Draw,0.2558,,,,0.63,1.53,9.13,2.87,poisson_baseline_v0
bfa386fc,2026-09-20T10:24:06.623600,558591,Serie A,ACF Fiorentina,SSC Napoli,2026-09-20T10:30:00Z,1X2 - Away,0.592,,,,0.63,1.53,9.13,2.87,poisson_baseline_v0
033257b3,2026-09-20T10:24:06.623600,558591,Serie A,ACF Fiorentina,SSC Napoli,2026-09-20T10:30:00Z,Over 2.5 goals,0.3681,,,,0.63,1.53,9.13,2.87,poisson_baseline_v0
e943e445,2026-09-20T10:24:06.623600,558591,Serie A,ACF Fiorentina,SSC Napoli,2026-09-20T10:30:00Z,Under 2.5 goals,0.6319,,,,0.63,1.53,9.13,2.87,poisson_baseline_v0
c53df087,2026-09-20T10:24:06.623600,564697,Primera Division,Getafe CF,Málaga CF,2026-09-20T12:00:00Z,1X2 - Home,0.4327,,,,0.84,0.42,8.98,5.23,poisson_baseline_v0
465fd6e1,2026-09-20T10:24:06.623600,564697,Primera Division,Getafe CF,Málaga CF,2026-09-20T12:00:00Z,1X2 - Draw,0.3939,,,,0.84,0.42,8.98,5.23,poisson_baseline_v0
f4b55a62,2026-09-20T10:24:06.623600,564697,Primera Division,Getafe CF,Málaga CF,2026-09-20T12:00:00Z,1X2 - Away,0.1733,,,,0.84,0.42,8.98,5.23,poisson_baseline_v0
0146a27f,2026-09-20T10:24:06.623600,564697,Primera Division,Getafe CF,Málaga CF,2026-09-20T12:00:00Z,Over 2.5 goals,0.1326,,,,0.84,0.42,8.98,5.23,poisson_baseline_v0
8490c657,2026-09-20T10:24:06.623600,564697,Primera Division,Getafe CF,Málaga CF,2026-09-20T12:00:00Z,Under 2.5 goals,0.8674,,,,0.84,0.42,8.98,5.23,poisson_baseline_v0
813b4268,2026-09-20T10:24:06.623600,558590,Serie A,Parma Calcio 1913,Genoa CFC,2026-09-20T13:00:00Z,1X2 - Home,0.2583,,,,0.61,0.77,9.13,3.13,poisson_baseline_v0
31e89fde,2026-09-20T10:24:06.623600,558590,Serie A,Parma Calcio 1913,Genoa CFC,2026-09-20T13:00:00Z,1X2 - Draw,0.3842,,,,0.61,0.77,9.13,3.13,poisson_baseline_v0
64dc53bc,2026-09-20T10:24:06.623600,558590,Serie A,Parma Calcio 1913,Genoa CFC,2026-09-20T13:00:00Z,1X2 - Away,0.3575,,,,0.61,0.77,9.13,3.13,poisson_baseline_v0
889cc25b,2026-09-20T10:24:06.623600,558590,Serie A,Parma Calcio 1913,Genoa CFC,2026-09-20T13:00:00Z,Over 2.5 goals,0.1617,,,,0.61,0.77,9.13,3.13,poisson_baseline_v0
06b0ba4c,2026-09-20T10:24:06.623600,558590,Serie A,Parma Calcio 1913,Genoa CFC,2026-09-20T13:00:00Z,Under 2.5 goals,0.8383,,,,0.61,0.77,9.13,3.13,poisson_baseline_v0
770d7237,2026-09-20T10:24:06.623600,560582,Premier League,AFC Bournemouth,Liverpool FC,2026-09-20T13:00:00Z,1X2 - Home,0.3406,,,,1.32,1.47,10.43,4.4,poisson_baseline_v0
75221dd1,2026-09-20T10:24:06.623600,560582,Premier League,AFC Bournemouth,Liverpool FC,2026-09-20T13:00:00Z,1X2 - Draw,0.2524,,,,1.32,1.47,10.43,4.4,poisson_baseline_v0
9c22c403,2026-09-20T10:24:06.623600,560582,Premier League,AFC Bournemouth,Liverpool FC,2026-09-20T13:00:00Z,1X2 - Away,0.4069,,,,1.32,1.47,10.43,4.4,poisson_baseline_v0
c2bba7bb,2026-09-20T10:24:06.623600,560582,Premier League,AFC Bournemouth,Liverpool FC,2026-09-20T13:00:00Z,Over 2.5 goals,0.5287,,,,1.32,1.47,10.43,4.4,poisson_baseline_v0
3e0e86d7,2026-09-20T10:24:06.623600,560582,Premier League,AFC Bournemouth,Liverpool FC,2026-09-20T13:00:00Z,Under 2.5 goals,0.4713,,,,1.32,1.47,10.43,4.4,poisson_baseline_v0
0c38264c,2026-09-20T10:24:06.623600,558592,Serie A,Frosinone Calcio,Como 1907,2026-09-20T13:00:00Z,1X2 - Home,0.1256,,,,0.63,1.79,9.7,3.07,poisson_baseline_v0
f40be29b,2026-09-20T10:24:06.623600,558592,Serie A,Frosinone Calcio,Como 1907,2026-09-20T13:00:00Z,1X2 - Draw,0.2214,,,,0.63,1.79,9.7,3.07,poisson_baseline_v0
e80eb385,2026-09-20T10:24:06.623600,558592,Serie A,Frosinone Calcio,Como 1907,2026-09-20T13:00:00Z,1X2 - Away,0.6529,,,,0.63,1.79,9.7,3.07,poisson_baseline_v0
e6f230c4,2026-09-20T10:24:06.623600,558592,Serie A,Frosinone Calcio,Como 1907,2026-09-20T13:00:00Z,Over 2.5 goals,0.436,,,,0.63,1.79,9.7,3.07,poisson_baseline_v0
59a0d496,2026-09-20T10:24:06.623600,558592,Serie A,Frosinone Calcio,Como 1907,2026-09-20T13:00:00Z,Under 2.5 goals,0.564,,,,0.63,1.79,9.7,3.07,poisson_baseline_v0
e2cd7c61,2026-09-20T10:24:06.623600,560585,Premier League,Leeds United FC,Crystal Palace FC,2026-09-20T13:00:00Z,1X2 - Home,0.5728,,,,1.63,0.8,10.13,3.27,poisson_baseline_v0
dd8f0de1,2026-09-20T10:24:06.623600,560585,Premier League,Leeds United FC,Crystal Palace FC,2026-09-20T13:00:00Z,1X2 - Draw,0.2458,,,,1.63,0.8,10.13,3.27,poisson_baseline_v0
96b6d80f,2026-09-20T10:24:06.623600,560585,Premier League,Leeds United FC,Crystal Palace FC,2026-09-20T13:00:00Z,1X2 - Away,0.1813,,,,1.63,0.8,10.13,3.27,poisson_baseline_v0
7e8501c5,2026-09-20T10:24:06.623600,560585,Premier League,Leeds United FC,Crystal Palace FC,2026-09-20T13:00:00Z,Over 2.5 goals,0.4376,,,,1.63,0.8,10.13,3.27,poisson_baseline_v0
6d70b5e3,2026-09-20T10:24:06.623600,560585,Premier League,Leeds United FC,Crystal Palace FC,2026-09-20T13:00:00Z,Under 2.5 goals,0.5624,,,,1.63,0.8,10.13,3.27,poisson_baseline_v0
2356443d,2026-09-20T10:24:06.623600,560590,Premier League,Manchester City FC,Sunderland AFC,2026-09-20T13:00:00Z,1X2 - Home,0.6067,,,,1.66,0.69,10.73,4.4,poisson_baseline_v0
cdb7ee94,2026-09-20T10:24:06.623600,560590,Premier League,Manchester City FC,Sunderland AFC,2026-09-20T13:00:00Z,1X2 - Draw,0.2401,,,,1.66,0.69,10.73,4.4,poisson_baseline_v0
767614f0,2026-09-20T10:24:06.623600,560590,Premier League,Manchester City FC,Sunderland AFC,2026-09-20T13:00:00Z,1X2 - Away,0.1531,,,,1.66,0.69,10.73,4.4,poisson_baseline_v0
1cb2292f,2026-09-20T10:24:06.623600,560590,Premier League,Manchester City FC,Sunderland AFC,2026-09-20T13:00:00Z,Over 2.5 goals,0.4184,,,,1.66,0.69,10.73,4.4,poisson_baseline_v0
5b337849,2026-09-20T10:24:06.623600,560590,Premier League,Manchester City FC,Sunderland AFC,2026-09-20T13:00:00Z,Under 2.5 goals,0.5816,,,,1.66,0.69,10.73,4.4,poisson_baseline_v0
214da5ec,2026-09-20T10:24:06.623600,565807,Bundesliga,Bayer 04 Leverkusen,RB Leipzig,2026-09-20T13:30:00Z,1X2 - Home,0.2553,,,,1.67,2.48,9.93,3.27,poisson_baseline_v0
8458f6f7,2026-09-20T10:24:06.623600,565807,Bundesliga,Bayer 04 Leverkusen,RB Leipzig,2026-09-20T13:30:00Z,1X2 - Draw,0.1893,,,,1.67,2.48,9.93,3.27,poisson_baseline_v0
5dd87576,2026-09-20T10:24:06.623600,565807,Bundesliga,Bayer 04 Leverkusen,RB Leipzig,2026-09-20T13:30:00Z,1X2 - Away,0.5543,,,,1.67,2.48,9.93,3.27,poisson_baseline_v0
23c9be50,2026-09-20T10:24:06.623600,565807,Bundesliga,Bayer 04 Leverkusen,RB Leipzig,2026-09-20T13:30:00Z,Over 2.5 goals,0.7828,,,,1.67,2.48,9.93,3.27,poisson_baseline_v0
94fe72dc,2026-09-20T10:24:06.623600,565807,Bundesliga,Bayer 04 Leverkusen,RB Leipzig,2026-09-20T13:30:00Z,Under 2.5 goals,0.2172,,,,1.67,2.48,9.93,3.27,poisson_baseline_v0
731d372f,2026-09-20T10:24:06.623600,564688,Primera Division,Club Atlético de Madrid,Real Madrid CF,2026-09-20T14:15:00Z,1X2 - Home,0.1505,,,,1.23,2.71,10.77,4.67,poisson_baseline_v0
fc358377,2026-09-20T10:24:06.623600,564688,Primera Division,Club Atlético de Madrid,Real Madrid CF,2026-09-20T14:15:00Z,1X2 - Draw,0.163,,,,1.23,2.71,10.77,4.67,poisson_baseline_v0
73d164e4,2026-09-20T10:24:06.623600,564688,Primera Division,Club Atlético de Madrid,Real Madrid CF,2026-09-20T14:15:00Z,1X2 - Away,0.6846,,,,1.23,2.71,10.77,4.67,poisson_baseline_v0
4456d3d3,2026-09-20T10:24:06.623600,564688,Primera Division,Club Atlético de Madrid,Real Madrid CF,2026-09-20T14:15:00Z,Over 2.5 goals,0.7519,,,,1.23,2.71,10.77,4.67,poisson_baseline_v0
e4782cb9,2026-09-20T10:24:06.623600,564688,Primera Division,Club Atlético de Madrid,Real Madrid CF,2026-09-20T14:15:00Z,Under 2.5 goals,0.2481,,,,1.23,2.71,10.77,4.67,poisson_baseline_v0
828cc347,2026-09-20T10:24:06.623600,559678,Ligue 1,OGC Nice,Lille OSC,2026-09-20T15:15:00Z,1X2 - Home,0.033,,,,0.19,1.81,9.2,4.07,poisson_baseline_v0
bf348e9a,2026-09-20T10:24:06.623600,559678,Ligue 1,OGC Nice,Lille OSC,2026-09-20T15:15:00Z,1X2 - Draw,0.1855,,,,0.19,1.81,9.2,4.07,poisson_baseline_v0
9387355b,2026-09-20T10:24:06.623600,559678,Ligue 1,OGC Nice,Lille OSC,2026-09-20T15:15:00Z,1X2 - Away,0.7814,,,,0.19,1.81,9.2,4.07,poisson_baseline_v0
7d9496aa,2026-09-20T10:24:06.623600,559678,Ligue 1,OGC Nice,Lille OSC,2026-09-20T15:15:00Z,Over 2.5 goals,0.3237,,,,0.19,1.81,9.2,4.07,poisson_baseline_v0
90423ff1,2026-09-20T10:24:06.623600,559678,Ligue 1,OGC Nice,Lille OSC,2026-09-20T15:15:00Z,Under 2.5 goals,0.6763,,,,0.19,1.81,9.2,4.07,poisson_baseline_v0
ada630ba,2026-09-20T10:24:06.623600,565805,Bundesliga,FC Schalke 04,SV 07 Elversberg,2026-09-20T15:30:00Z,1X2 - Home,0.1321,,,,1.95,4.14,11.83,4.0,poisson_baseline_v0
34e5e6fb,2026-09-20T10:24:06.623600,565805,Bundesliga,FC Schalke 04,SV 07 Elversberg,2026-09-20T15:30:00Z,1X2 - Draw,0.1144,,,,1.95,4.14,11.83,4.0,poisson_baseline_v0
c906008f,2026-09-20T10:24:06.623600,565805,Bundesliga,FC Schalke 04,SV 07 Elversberg,2026-09-20T15:30:00Z,1X2 - Away,0.7276,,,,1.95,4.14,11.83,4.0,poisson_baseline_v0
a2aee524,2026-09-20T10:24:06.623600,565805,Bundesliga,FC Schalke 04,SV 07 Elversberg,2026-09-20T15:30:00Z,Over 2.5 goals,0.916,,,,1.95,4.14,11.83,4.0,poisson_baseline_v0
87bbb2e5,2026-09-20T10:24:06.623600,565805,Bundesliga,FC Schalke 04,SV 07 Elversberg,2026-09-20T15:30:00Z,Under 2.5 goals,0.084,,,,1.95,4.14,11.83,4.0,poisson_baseline_v0
13f206f8,2026-09-20T10:24:06.623600,560583,Premier League,Fulham FC,Manchester United FC,2026-09-20T15:30:00Z,1X2 - Home,0.1704,,,,0.74,1.62,10.4,4.2,poisson_baseline_v0
3ea3c40d,2026-09-20T10:24:06.623600,560583,Premier League,Fulham FC,Manchester United FC,2026-09-20T15:30:00Z,1X2 - Draw,0.2466,,,,0.74,1.62,10.4,4.2,poisson_baseline_v0
eb8b4e8e,2026-09-20T10:24:06.623600,560583,Premier League,Fulham FC,Manchester United FC,2026-09-20T15:30:00Z,1X2 - Away,0.5829,,,,0.74,1.62,10.4,4.2,poisson_baseline_v0
10643b28,2026-09-20T10:24:06.623600,560583,Premier League,Fulham FC,Manchester United FC,2026-09-20T15:30:00Z,Over 2.5 goals,0.4207,,,,0.74,1.62,10.4,4.2,poisson_baseline_v0
803a0fc1,2026-09-20T10:24:06.623600,560583,Premier League,Fulham FC,Manchester United FC,2026-09-20T15:30:00Z,Under 2.5 goals,0.5793,,,,0.74,1.62,10.4,4.2,poisson_baseline_v0
5437556d,2026-09-20T10:24:06.623600,558595,Serie A,Juventus FC,Atalanta BC,2026-09-20T16:00:00Z,1X2 - Home,0.4527,,,,1.09,0.67,9.4,3.13,poisson_baseline_v0
e01da03e,2026-09-20T10:24:06.623600,558595,Serie A,Juventus FC,Atalanta BC,2026-09-20T16:00:00Z,1X2 - Draw,0.3236,,,,1.09,0.67,9.4,3.13,poisson_baseline_v0
ae812a9c,2026-09-20T10:24:06.623600,558595,Serie A,Juventus FC,Atalanta BC,2026-09-20T16:00:00Z,1X2 - Away,0.2238,,,,1.09,0.67,9.4,3.13,poisson_baseline_v0
07557b77,2026-09-20T10:24:06.623600,558595,Serie A,Juventus FC,Atalanta BC,2026-09-20T16:00:00Z,Over 2.5 goals,0.2565,,,,1.09,0.67,9.4,3.13,poisson_baseline_v0
ccbe5a83,2026-09-20T10:24:06.623600,558595,Serie A,Juventus FC,Atalanta BC,2026-09-20T16:00:00Z,Under 2.5 goals,0.7435,,,,1.09,0.67,9.4,3.13,poisson_baseline_v0
6334e67f,2026-09-20T10:24:06.623600,564696,Primera Division,Villarreal CF,Levante UD,2026-09-20T16:30:00Z,1X2 - Home,0.3714,,,,2.05,2.2,10.6,3.6,poisson_baseline_v0
99a568e2,2026-09-20T10:24:06.623600,564696,Primera Division,Villarreal CF,Levante UD,2026-09-20T16:30:00Z,1X2 - Draw,0.2,,,,2.05,2.2,10.6,3.6,poisson_baseline_v0
8c058b9a,2026-09-20T10:24:06.623600,564696,Primera Division,Villarreal CF,Levante UD,2026-09-20T16:30:00Z,1X2 - Away,0.4279,,,,2.05,2.2,10.6,3.6,poisson_baseline_v0
477b51e6,2026-09-20T10:24:06.623600,564696,Primera Division,Villarreal CF,Levante UD,2026-09-20T16:30:00Z,Over 2.5 goals,0.7944,,,,2.05,2.2,10.6,3.6,poisson_baseline_v0
e24cbb0f,2026-09-20T10:24:06.623600,564696,Primera Division,Villarreal CF,Levante UD,2026-09-20T16:30:00Z,Under 2.5 goals,0.2056,,,,2.05,2.2,10.6,3.6,poisson_baseline_v0
8d187b47,2026-09-20T10:24:06.623600,564695,Primera Division,RC Deportivo La Coruña,Real Betis Balompié,2026-09-20T16:30:00Z,1X2 - Home,0.2772,,,,1.16,1.6,9.45,4.4,poisson_baseline_v0
50375f68,2026-09-20T10:24:06.623600,564695,Primera Division,RC Deportivo La Coruña,Real Betis Balompié,2026-09-20T16:30:00Z,1X2 - Draw,0.2477,,,,1.16,1.6,9.45,4.4,poisson_baseline_v0
200b896a,2026-09-20T10:24:06.623600,564695,Primera Division,RC Deportivo La Coruña,Real Betis Balompié,2026-09-20T16:30:00Z,1X2 - Away,0.475,,,,1.16,1.6,9.45,4.4,poisson_baseline_v0
2292a569,2026-09-20T10:24:06.623600,564695,Primera Division,RC Deportivo La Coruña,Real Betis Balompié,2026-09-20T16:30:00Z,Over 2.5 goals,0.5222,,,,1.16,1.6,9.45,4.4,poisson_baseline_v0
f13bdc42,2026-09-20T10:24:06.623600,564695,Primera Division,RC Deportivo La Coruña,Real Betis Balompié,2026-09-20T16:30:00Z,Under 2.5 goals,0.4778,,,,1.16,1.6,9.45,4.4,poisson_baseline_v0
e1071a6c,2026-09-20T10:24:06.623600,565803,Bundesliga,SC Paderborn 07,TSG 1899 Hoffenheim,2026-09-20T17:30:00Z,1X2 - Home,0.109,,,,0.79,2.33,10.67,5.13,poisson_baseline_v0
9ddb3c61,2026-09-20T10:24:06.623600,565803,Bundesliga,SC Paderborn 07,TSG 1899 Hoffenheim,2026-09-20T17:30:00Z,1X2 - Draw,0.1711,,,,0.79,2.33,10.67,5.13,poisson_baseline_v0
1d9358c0,2026-09-20T10:24:06.623600,565803,Bundesliga,SC Paderborn 07,TSG 1899 Hoffenheim,2026-09-20T17:30:00Z,1X2 - Away,0.7192,,,,0.79,2.33,10.67,5.13,poisson_baseline_v0
7a301b4f,2026-09-20T10:24:06.623600,565803,Bundesliga,SC Paderborn 07,TSG 1899 Hoffenheim,2026-09-20T17:30:00Z,Over 2.5 goals,0.602,,,,0.79,2.33,10.67,5.13,poisson_baseline_v0
b92f8c47,2026-09-20T10:24:06.623600,565803,Bundesliga,SC Paderborn 07,TSG 1899 Hoffenheim,2026-09-20T17:30:00Z,Under 2.5 goals,0.398,,,,0.79,2.33,10.67,5.13,poisson_baseline_v0
fec045f6,2026-09-20T10:24:06.623600,558597,Serie A,AC Milan,US Lecce,2026-09-20T18:45:00Z,1X2 - Home,0.3716,,,,1.09,1.0,7.93,4.13,poisson_baseline_v0
739ab4e6,2026-09-20T10:24:06.623600,558597,Serie A,AC Milan,US Lecce,2026-09-20T18:45:00Z,1X2 - Draw,0.3005,,,,1.09,1.0,7.93,4.13,poisson_baseline_v0
cfd4fca0,2026-09-20T10:24:06.623600,558597,Serie A,AC Milan,US Lecce,2026-09-20T18:45:00Z,1X2 - Away,0.328,,,,1.09,1.0,7.93,4.13,poisson_baseline_v0
804e8861,2026-09-20T10:24:06.623600,558597,Serie A,AC Milan,US Lecce,2026-09-20T18:45:00Z,Over 2.5 goals,0.3464,,,,1.09,1.0,7.93,4.13,poisson_baseline_v0
0a18a9ae,2026-09-20T10:24:06.623600,558597,Serie A,AC Milan,US Lecce,2026-09-20T18:45:00Z,Under 2.5 goals,0.6536,,,,1.09,1.0,7.93,4.13,poisson_baseline_v0
79287e4e,2026-09-20T10:24:06.623600,559675,Ligue 1,Olympique de Marseille,Paris Saint-Germain FC,2026-09-20T18:45:00Z,1X2 - Home,0.1802,,,,0.99,2.01,9.33,3.73,poisson_baseline_v0
8607bc24,2026-09-20T10:24:06.623600,559675,Ligue 1,Olympique de Marseille,Paris Saint-Germain FC,2026-09-20T18:45:00Z,1X2 - Draw,0.2109,,,,0.99,2.01,9.33,3.73,poisson_baseline_v0
b2c5505d,2026-09-20T10:24:06.623600,559675,Ligue 1,Olympique de Marseille,Paris Saint-Germain FC,2026-09-20T18:45:00Z,1X2 - Away,0.6087,,,,0.99,2.01,9.33,3.73,poisson_baseline_v0
8b9d1dc6,2026-09-20T10:24:06.623600,559675,Ligue 1,Olympique de Marseille,Paris Saint-Germain FC,2026-09-20T18:45:00Z,Over 2.5 goals,0.5763,,,,0.99,2.01,9.33,3.73,poisson_baseline_v0
a2561c3b,2026-09-20T10:24:06.623600,559675,Ligue 1,Olympique de Marseille,Paris Saint-Germain FC,2026-09-20T18:45:00Z,Under 2.5 goals,0.4237,,,,0.99,2.01,9.33,3.73,poisson_baseline_v0
865d40bc,2026-09-20T10:24:06.623600,564689,Primera Division,Valencia CF,Real Sociedad de Fútbol,2026-09-20T19:00:00Z,1X2 - Home,0.2617,,,,1.31,1.92,9.63,4.93,poisson_baseline_v0
00c73fda,2026-09-20T10:24:06.623600,564689,Primera Division,Valencia CF,Real Sociedad de Fútbol,2026-09-20T19:00:00Z,1X2 - Draw,0.222,,,,1.31,1.92,9.63,4.93,poisson_baseline_v0
d948224f,2026-09-20T10:24:06.623600,564689,Primera Division,Valencia CF,Real Sociedad de Fútbol,2026-09-20T19:00:00Z,1X2 - Away,0.5161,,,,1.31,1.92,9.63,4.93,poisson_baseline_v0
f106f29c,2026-09-20T10:24:06.623600,564689,Primera Division,Valencia CF,Real Sociedad de Fútbol,2026-09-20T19:00:00Z,Over 2.5 goals,0.6274,,,,1.31,1.92,9.63,4.93,poisson_baseline_v0
fcf6dc1b,2026-09-20T10:24:06.623600,564689,Primera Division,Valencia CF,Real Sociedad de Fútbol,2026-09-20T19:00:00Z,Under 2.5 goals,0.3726,,,,1.31,1.92,9.63,4.93,poisson_baseline_v0
